package,run_id,stage,fusion_method,image_encoder_init,regime,seed,selected_epoch,selection_subset,used_internal_holdout_for_selection,elapsed_seconds,metrics_path,train_eval_speed_balanced_accuracy,train_eval_speed_accuracy,train_eval_speed_macro_f1,train_eval_flow_balanced_accuracy,train_eval_flow_accuracy,train_eval_flow_macro_f1,train_eval_temp_balanced_accuracy,train_eval_temp_accuracy,train_eval_temp_macro_f1,train_eval_tension_balanced_accuracy,train_eval_tension_accuracy,train_eval_tension_macro_f1,train_eval_avg4_balanced_accuracy,id_val_speed_balanced_accuracy,id_val_speed_accuracy,id_val_speed_macro_f1,id_val_flow_balanced_accuracy,id_val_flow_accuracy,id_val_flow_macro_f1,id_val_temp_balanced_accuracy,id_val_temp_accuracy,id_val_temp_macro_f1,id_val_tension_balanced_accuracy,id_val_tension_accuracy,id_val_tension_macro_f1,id_val_avg4_balanced_accuracy,id_test_speed_balanced_accuracy,id_test_speed_accuracy,id_test_speed_macro_f1,id_test_flow_balanced_accuracy,id_test_flow_accuracy,id_test_flow_macro_f1,id_test_temp_balanced_accuracy,id_test_temp_accuracy,id_test_temp_macro_f1,id_test_tension_balanced_accuracy,id_test_tension_accuracy,id_test_tension_macro_f1,id_test_avg4_balanced_accuracy,internal_holdout_speed_balanced_accuracy,internal_holdout_speed_accuracy,internal_holdout_speed_macro_f1,internal_holdout_flow_balanced_accuracy,internal_holdout_flow_accuracy,internal_holdout_flow_macro_f1,internal_holdout_temp_balanced_accuracy,internal_holdout_temp_accuracy,internal_holdout_temp_macro_f1,internal_holdout_tension_balanced_accuracy,internal_holdout_tension_accuracy,internal_holdout_tension_macro_f1,internal_holdout_avg4_balanced_accuracy,internal_holdout_param_ood_speed_balanced_accuracy,internal_holdout_param_ood_speed_accuracy,internal_holdout_param_ood_speed_macro_f1,internal_holdout_param_ood_flow_balanced_accuracy,internal_holdout_param_ood_flow_accuracy,internal_holdout_param_ood_flow_macro_f1,internal_holdout_param_ood_temp_balanced_accuracy,internal_holdout_param_ood_temp_accuracy,internal_holdout_param_ood_temp_macro_f1,internal_holdout_param_ood_tension_balanced_accuracy,internal_holdout_param_ood_tension_accuracy,internal_holdout_param_ood_tension_macro_f1,internal_holdout_param_ood_avg4_balanced_accuracy,internal_holdout_geom_ood_speed_balanced_accuracy,internal_holdout_geom_ood_speed_accuracy,internal_holdout_geom_ood_speed_macro_f1,internal_holdout_geom_ood_flow_balanced_accuracy,internal_holdout_geom_ood_flow_accuracy,internal_holdout_geom_ood_flow_macro_f1,internal_holdout_geom_ood_temp_balanced_accuracy,internal_holdout_geom_ood_temp_accuracy,internal_holdout_geom_ood_temp_macro_f1,internal_holdout_geom_ood_tension_balanced_accuracy,internal_holdout_geom_ood_tension_accuracy,internal_holdout_geom_ood_tension_macro_f1,internal_holdout_geom_ood_avg4_balanced_accuracy,internal_holdout_tension_2_speed_balanced_accuracy,internal_holdout_tension_2_speed_accuracy,internal_holdout_tension_2_speed_macro_f1,internal_holdout_tension_2_flow_balanced_accuracy,internal_holdout_tension_2_flow_accuracy,internal_holdout_tension_2_flow_macro_f1,internal_holdout_tension_2_temp_balanced_accuracy,internal_holdout_tension_2_temp_accuracy,internal_holdout_tension_2_temp_macro_f1,internal_holdout_tension_2_tension_balanced_accuracy,internal_holdout_tension_2_tension_accuracy,internal_holdout_tension_2_tension_macro_f1,internal_holdout_tension_2_avg4_balanced_accuracy,train_eval_all_head_accuracy,id_val_all_head_accuracy,id_test_all_head_accuracy,internal_holdout_all_head_accuracy,internal_holdout_tension_2_all_head_accuracy,internal_holdout_param_ood_all_head_accuracy,internal_holdout_geom_ood_all_head_accuracy
v11c_v5_build,nature_finetune_tension_only_seed1,,,,,1.0,63,id_val,False,,C:\Users\EM328 Super\Desktop\caxton-new-codex\v11c_v5_build\runs\v11c_l27_internal_balanced\nature_finetune_tension_only_seed1\metrics.json,,,,,,,,,,1.0,,1.0,,,,,,,,,,,0.984836557861859,,0.9848856323570098,,,,,,,,,,,0.9660370089822758,,0.9660722606014506,,,,,,,,,,,0.4856397339297476,,0.4656316951131864,,,,,,,,,,,,,,,,,,,,,,,,,,,,,,,,,,,,,,,,,,,,,,,
v11c_v5_build,nature_finetune_tension_only_seed2,,,,,2.0,78,id_val,False,,C:\Users\EM328 Super\Desktop\caxton-new-codex\v11c_v5_build\runs\v11c_l27_internal_balanced\nature_finetune_tension_only_seed2\metrics.json,,,,,,,,,,1.0,,1.0,,,,,,,,,,,0.983101837101894,,0.9831945126087791,,,,,,,,,,,0.9607011036658043,,0.9607787387447412,,,,,,,,,,,0.517564303930013,,0.4865754492088261,,,,,,,,,,,,,,,,,,,,,,,,,,,,,,,,,,,,,,,,,,,,,,,
v11c_v5_build,nature_finetune_tension_only_seed3,,,,,3.0,88,id_val,False,,C:\Users\EM328 Super\Desktop\caxton-new-codex\v11c_v5_build\runs\v11c_l27_internal_balanced\nature_finetune_tension_only_seed3\metrics.json,,,,,,,,,,1.0,,1.0,,,,,,,,,,,0.9833874277982856,,0.9835840226312601,,,,,,,,,,,0.9635003891955186,,0.963761186878759,,,,,,,,,,,0.48856321607717595,,0.4679076936643596,,,,,,,,,,,,,,,,,,,,,,,,,,,,,,,,,,,,,,,,,,,,,,,
v11c_v5_build,nature_frozen_linear_seed1,,,,,1.0,43,id_val,False,,C:\Users\EM328 Super\Desktop\caxton-new-codex\v11c_v5_build\runs\v11c_l27_internal_balanced\nature_frozen_linear_seed1\metrics.json,,,,,,,,,,0.6445364762232565,,0.6437200326305327,,,,,,,,,,,0.6129823216122658,,0.6089579102106372,,,,,,,,,,,0.5842182063413117,,0.5784535024897163,,,,,,,,,,,0.3614867081312827,,0.37761224687062006,,,,,,,,,,,,,,,,,,,,,,,,,,,,,,,,,,,,,,,,,,,,,,,
v11c_v5_build,nature_frozen_linear_seed2,,,,,2.0,27,id_val,False,,C:\Users\EM328 Super\Desktop\caxton-new-codex\v11c_v5_build\runs\v11c_l27_internal_balanced\nature_frozen_linear_seed2\metrics.json,,,,,,,,,,0.632488983187482,,0.6306407056303117,,,,,,,,,,,0.6104166787348141,,0.608974815322202,,,,,,,,,,,0.6067719952476854,,0.6045370643866272,,,,,,,,,,,0.3345029162678103,,0.3456679506160776,,,,,,,,,,,,,,,,,,,,,,,,,,,,,,,,,,,,,,,,,,,,,,,
v11c_v5_build,nature_frozen_linear_seed3,,,,,3.0,13,id_val,False,,C:\Users\EM328 Super\Desktop\caxton-new-codex\v11c_v5_build\runs\v11c_l27_internal_balanced\nature_frozen_linear_seed3\metrics.json,,,,,,,,,,0.6386752804451713,,0.6371342519082943,,,,,,,,,,,0.59143085506686,,0.5879218007672106,,,,,,,,,,,0.577591250728653,,0.5742473105731692,,,,,,,,,,,0.2959280404092752,,0.30848878717035894,,,,,,,,,,,,,,,,,,,,,,,,,,,,,,,,,,,,,,,,,,,,,,,
v11c_v5_build,nature_frozen_mlp_seed1,,,,,1.0,29,id_val,False,,C:\Users\EM328 Super\Desktop\caxton-new-codex\v11c_v5_build\runs\v11c_l27_internal_balanced\nature_frozen_mlp_seed1\metrics.json,,,,,,,,,,0.9035950139796772,,0.9038625172259954,,,,,,,,,,,0.7358950017675813,,0.7354533635305511,,,,,,,,,,,0.6844045612243205,,0.6832976259088168,,,,,,,,,,,0.3798508839172247,,0.40095659579088344,,,,,,,,,,,,,,,,,,,,,,,,,,,,,,,,,,,,,,,,,,,,,,,
v11c_v5_build,nature_frozen_mlp_seed2,,,,,2.0,26,id_val,False,,C:\Users\EM328 Super\Desktop\caxton-new-codex\v11c_v5_build\runs\v11c_l27_internal_balanced\nature_frozen_mlp_seed2\metrics.json,,,,,,,,,,0.8885365729130377,,0.8885089872519717,,,,,,,,,,,0.7323785487795321,,0.7314443201185062,,,,,,,,,,,0.7027951901936792,,0.7018843131115206,,,,,,,,,,,0.41400962795478474,,0.4325783275097736,,,,,,,,,,,,,,,,,,,,,,,,,,,,,,,,,,,,,,,,,,,,,,,
v11c_v5_build,nature_frozen_mlp_seed3,,,,,3.0,38,id_val,False,,C:\Users\EM328 Super\Desktop\caxton-new-codex\v11c_v5_build\runs\v11c_l27_internal_balanced\nature_frozen_mlp_seed3\metrics.json,,,,,,,,,,0.9370794784645771,,0.9372859848814407,,,,,,,,,,,0.7532278714024652,,0.7523701708892281,,,,,,,,,,,0.7070487820000332,,0.7058344878434246,,,,,,,,,,,0.375593896486861,,0.3964640287963109,,,,,,,,,,,,,,,,,,,,,,,,,,,,,,,,,,,,,,,,,,,,,,,
v11c_v5_build,random_frozen_linear_seed1,,,,,1.0,35,id_val,False,,C:\Users\EM328 Super\Desktop\caxton-new-codex\v11c_v5_build\runs\v11c_l27_internal_balanced\random_frozen_linear_seed1\metrics.json,,,,,,,,,,0.649627710427693,,0.6432407548824031,,,,,,,,,,,0.6352760606815414,,0.6329153105368506,,,,,,,,,,,0.6355645652332347,,0.6306119053075036,,,,,,,,,,,0.41588581065636565,,0.40178316763884875,,,,,,,,,,,,,,,,,,,,,,,,,,,,,,,,,,,,,,,,,,,,,,,
v11c_v5_build,random_frozen_linear_seed2,,,,,2.0,31,id_val,False,,C:\Users\EM328 Super\Desktop\caxton-new-codex\v11c_v5_build\runs\v11c_l27_internal_balanced\random_frozen_linear_seed2\metrics.json,,,,,,,,,,0.6743180574642768,,0.6714906764360954,,,,,,,,,,,0.6297727340564889,,0.625887705016756,,,,,,,,,,,0.617589788271435,,0.6103078776510633,,,,,,,,,,,0.40506118954759346,,0.41710514974693175,,,,,,,,,,,,,,,,,,,,,,,,,,,,,,,,,,,,,,,,,,,,,,,
v11c_v5_build,random_frozen_linear_seed3,,,,,3.0,72,id_val,False,,C:\Users\EM328 Super\Desktop\caxton-new-codex\v11c_v5_build\runs\v11c_l27_internal_balanced\random_frozen_linear_seed3\metrics.json,,,,,,,,,,0.7063305281415856,,0.7032996097120003,,,,,,,,,,,0.6552228276811762,,0.6523307621882694,,,,,,,,,,,0.6227971187621671,,0.6156758488888676,,,,,,,,,,,0.35949936799420373,,0.37120608812821415,,,,,,,,,,,,,,,,,,,,,,,,,,,,,,,,,,,,,,,,,,,,,,,
v11c_v5_build,random_frozen_mlp_seed1,,,,,1.0,22,id_val,False,,C:\Users\EM328 Super\Desktop\caxton-new-codex\v11c_v5_build\runs\v11c_l27_internal_balanced\random_frozen_mlp_seed1\metrics.json,,,,,,,,,,0.798061334311539,,0.7955152774640899,,,,,,,,,,,0.7504075765357884,,0.7501539387899078,,,,,,,,,,,0.7126874609887057,,0.7123240183480909,,,,,,,,,,,0.4182826805574036,,0.4308491293009206,,,,,,,,,,,,,,,,,,,,,,,,,,,,,,,,,,,,,,,,,,,,,,,
v11c_v5_build,random_frozen_mlp_seed2,,,,,2.0,66,id_val,False,,C:\Users\EM328 Super\Desktop\caxton-new-codex\v11c_v5_build\runs\v11c_l27_internal_balanced\random_frozen_mlp_seed2\metrics.json,,,,,,,,,,0.8812680983572014,,0.8819015827993502,,,,,,,,,,,0.8091632145731086,,0.8092729144115637,,,,,,,,,,,0.7410719664805446,,0.7412073589037256,,,,,,,,,,,0.36270730571985593,,0.39120730469337855,,,,,,,,,,,,,,,,,,,,,,,,,,,,,,,,,,,,,,,,,,,,,,,
v11c_v5_build,random_frozen_mlp_seed3,,,,,3.0,63,id_val,False,,C:\Users\EM328 Super\Desktop\caxton-new-codex\v11c_v5_build\runs\v11c_l27_internal_balanced\random_frozen_mlp_seed3\metrics.json,,,,,,,,,,0.867007021524059,,0.8670907408211409,,,,,,,,,,,0.7920454646936693,,0.7919455755871588,,,,,,,,,,,0.7299635453494989,,0.7302943167587639,,,,,,,,,,,0.40260108991570137,,0.4195799137717882,,,,,,,,,,,,,,,,,,,,,,,,,,,,,,,,,,,,,,,,,,,,,,,
v11c_v5_build,scratch_four_head_seed1,,,,,1.0,16,id_val,False,,C:\Users\EM328 Super\Desktop\caxton-new-codex\v11c_v5_build\runs\v11c_l27_internal_balanced\scratch_four_head_seed1\metrics.json,,,,,,,,,,0.9992775369567634,,0.9992501198617623,,,,,,,,,,,0.9976923721021764,,0.9976580171317674,,,,,,,,,,,0.993995592750705,,0.9937787472576535,,,,,,,,,,,0.6516483423688166,,0.5603488025170197,,,,,,,,,,,,,,,,,,,,,,,,,,,,,,,,,,,,,,,,,,,,,,,
v11c_v5_build,scratch_four_head_seed2,,,,,2.0,25,id_val,False,,C:\Users\EM328 Super\Desktop\caxton-new-codex\v11c_v5_build\runs\v11c_l27_internal_balanced\scratch_four_head_seed2\metrics.json,,,,,,,,,,1.0,,1.0,,,,,,,,,,,0.9988962472406181,,0.998934718838437,,,,,,,,,,,0.9943954308455666,,0.994206959393638,,,,,,,,,,,0.5553890806968783,,0.5101255133696676,,,,,,,,,,,,,,,,,,,,,,,,,,,,,,,,,,,,,,,,,,,,,,,
v11c_v5_build,scratch_four_head_seed3,,,,,3.0,17,id_val,False,,C:\Users\EM328 Super\Desktop\caxton-new-codex\v11c_v5_build\runs\v11c_l27_internal_balanced\scratch_four_head_seed3\metrics.json,,,,,,,,,,0.9996643471529666,,0.9996549051482754,,,,,,,,,,,0.999337748344371,,0.9993624536969823,,,,,,,,,,,0.992068639667564,,0.9919985412414527,,,,,,,,,,,0.6395348837209301,,0.5548878205128206,,,,,,,,,,,,,,,,,,,,,,,,,,,,,,,,,,,,,,,,,,,,,,,
v11c_v5_build,scratch_tension_only_seed1,,,,,1.0,23,id_val,False,,C:\Users\EM328 Super\Desktop\caxton-new-codex\v11c_v5_build\runs\v11c_l27_internal_balanced\scratch_tension_only_seed1\metrics.json,,,,,,,,,,1.0,,1.0,,,,,,,,,,,0.998487750508592,,0.9985110037891377,,,,,,,,,,,0.9926111277071238,,0.9924247423328655,,,,,,,,,,,0.5488308157026807,,0.506236606745936,,,,,,,,,,,,,,,,,,,,,,,,,,,,,,,,,,,,,,,,,,,,,,,
v11c_v5_build,scratch_tension_only_seed2,,,,,2.0,19,id_val,False,,C:\Users\EM328 Super\Desktop\caxton-new-codex\v11c_v5_build\runs\v11c_l27_internal_balanced\scratch_tension_only_seed2\metrics.json,,,,,,,,,,1.0,,1.0,,,,,,,,,,,0.9982812242797608,,0.9982975165350659,,,,,,,,,,,0.9876861173076282,,0.9875227944294865,,,,,,,,,,,0.5835420300764578,,0.5259069667021862,,,,,,,,,,,,,,,,,,,,,,,,,,,,,,,,,,,,,,,,,,,,,,,
v11c_v5_build,scratch_tension_only_seed3,,,,,3.0,20,id_val,False,,C:\Users\EM328 Super\Desktop\caxton-new-codex\v11c_v5_build\runs\v11c_l27_internal_balanced\scratch_tension_only_seed3\metrics.json,,,,,,,,,,1.0,,1.0,,,,,,,,,,,0.9976047483010865,,0.9976620892332825,,,,,,,,,,,0.9893866565488428,,0.9893004665040689,,,,,,,,,,,0.6394486304427025,,0.5547733019122666,,,,,,,,,,,,,,,,,,,,,,,,,,,,,,,,,,,,,,,,,,,,,,,
v11d_0p4_scratch_four_head_build,scratch_four_head_0p4_seed1,,,,,1.0,22,id_val,False,,C:\Users\EM328 Super\Desktop\caxton-new-codex\v11d_0p4_scratch_four_head_build\runs\v11d_scratch_four_head_0p4\scratch_four_head_0p4_seed1\metrics.json,,,,,,,,,,0.9999530747753456,,0.9999518732442104,,,,,,,,,,,0.9996335522467268,,0.9996409981034318,,,,,,,,,,,0.9952899003524576,,0.9952718789101288,,,,,,,,,,,0.6556907659269864,,0.563124548199175,,,,,,,,,,,,,,,,,,,,,,,,,,,,,,,,,,,,,,,,,,,,,,,
v11d_0p4_scratch_four_head_build,scratch_four_head_0p4_seed2,,,,,2.0,14,id_val,False,,C:\Users\EM328 Super\Desktop\caxton-new-codex\v11d_0p4_scratch_four_head_build\runs\v11d_scratch_four_head_0p4\scratch_four_head_0p4_seed2\metrics.json,,,,,,,,,,0.9994603599164731,,0.9994393922362311,,,,,,,,,,,0.999820503078658,,0.9998194224015626,,,,,,,,,,,0.9954300115911182,,0.9952687006451496,,,,,,,,,,,0.5763215350824986,,0.5225922056585671,,,,,,,,,,,,,,,,,,,,,,,,,,,,,,,,,,,,,,,,,,,,,,,
v11d_0p4_scratch_four_head_build,scratch_four_head_0p4_seed3,,,,,3.0,24,id_val,False,,C:\Users\EM328 Super\Desktop\caxton-new-codex\v11d_0p4_scratch_four_head_build\runs\v11d_scratch_four_head_0p4\scratch_four_head_0p4_seed3\metrics.json,,,,,,,,,,0.9996715234274184,,0.9996587522302961,,,,,,,,,,,0.9994615092359741,,0.9994615092359741,,,,,,,,,,,0.9963066462759184,,0.9962142557368462,,,,,,,,,,,0.614631256340829,,0.5434284895873335,,,,,,,,,,,,,,,,,,,,,,,,,,,,,,,,,,,,,,,,,,,,,,,
v11e_two_contrast_label_audit_package,scratch_four_head_include64train_seed1,,,,include64_train_only,1.0,28,id_val,False,,C:\Users\EM328 Super\Desktop\caxton-new-codex\v11e_two_contrast_label_audit_package\runs\v11e_two_contrast_label_audit\scratch_four_head_include64train_seed1\metrics.json,,,,,,,,,,0.9998921251348435,,0.9998862631058328,,,,,,,,,,,0.9973339883421035,,0.9974152181762999,,,,,,,,,,,0.9911489855352875,,0.9912494412654455,,,,,,,,,,,0.9741662384161245,,0.9732205862778757,,,,,,,,,,,,,,,,,,,,,,,,,,,,,,,,,,,,,,,,,,,,,,,
v11e_two_contrast_label_audit_package,scratch_four_head_include64train_seed2,,,,include64_train_only,2.0,24,id_val,False,,C:\Users\EM328 Super\Desktop\caxton-new-codex\v11e_two_contrast_label_audit_package\runs\v11e_two_contrast_label_audit\scratch_four_head_include64train_seed2\metrics.json,,,,,,,,,,0.9998264596491105,,0.9998293901604701,,,,,,,,,,,0.9974170021209368,,0.9973406653656816,,,,,,,,,,,0.9919502165112487,,0.9918139612677822,,,,,,,,,,,0.9761904761904763,,0.975265960284687,,,,,,,,,,,,,,,,,,,,,,,,,,,,,,,,,,,,,,,,,,,,,,,
v11e_two_contrast_label_audit_package,scratch_four_head_include64train_seed3,,,,include64_train_only,3.0,15,id_val,False,,C:\Users\EM328 Super\Desktop\caxton-new-codex\v11e_two_contrast_label_audit_package\runs\v11e_two_contrast_label_audit\scratch_four_head_include64train_seed3\metrics.json,,,,,,,,,,0.99972117551519,,0.9997161377698959,,,,,,,,,,,0.9984707454732121,,0.9984788970369861,,,,,,,,,,,0.9950492588441459,,0.99499597459812,,,,,,,,,,,0.9454595791805094,,0.9432209772754473,,,,,,,,,,,,,,,,,,,,,,,,,,,,,,,,,,,,,,,,,,,,,,,
v11e_two_contrast_label_audit_package,scratch_four_head_quarantine64_seed1,,,,quarantine64,1.0,8,id_val,False,,C:\Users\EM328 Super\Desktop\caxton-new-codex\v11e_two_contrast_label_audit_package\runs\v11e_two_contrast_label_audit\scratch_four_head_quarantine64_seed1\metrics.json,,,,,,,,,,0.9994998332777593,,0.9994735874581907,,,,,,,,,,,0.9972127537549236,,0.9971200148130824,,,,,,,,,,,0.989738014356974,,0.9894021624432036,,,,,,,,,,,0.8920446731664242,,0.8861993872423618,,,,,,,,,,,,,,,,,,,,,,,,,,,,,,,,,,,,,,,,,,,,,,,
v11e_two_contrast_label_audit_package,scratch_four_head_quarantine64_seed2,,,,quarantine64,2.0,31,id_val,False,,C:\Users\EM328 Super\Desktop\caxton-new-codex\v11e_two_contrast_label_audit_package\runs\v11e_two_contrast_label_audit\scratch_four_head_quarantine64_seed2\metrics.json,,,,,,,,,,1.0,,1.0,,,,,,,,,,,0.9991334999783579,,0.9991499597367147,,,,,,,,,,,0.9928007031523142,,0.9926648504480498,,,,,,,,,,,0.9352159468438538,,0.9324398754350395,,,,,,,,,,,,,,,,,,,,,,,,,,,,,,,,,,,,,,,,,,,,,,,
v11e_two_contrast_label_audit_package,scratch_four_head_quarantine64_seed3,,,,quarantine64,3.0,29,id_val,False,,C:\Users\EM328 Super\Desktop\caxton-new-codex\v11e_two_contrast_label_audit_package\runs\v11e_two_contrast_label_audit\scratch_four_head_quarantine64_seed3\metrics.json,,,,,,,,,,0.9997221295987551,,0.999711570242333,,,,,,,,,,,0.9984547461368654,,0.998512238602998,,,,,,,,,,,0.9954408043224214,,0.9954398628342758,,,,,,,,,,,0.929315740077254,,0.9262629164578703,,,,,,,,,,,,,,,,,,,,,,,,,,,,,,,,,,,,,,,,,,,,,,,
v11e_two_contrast_label_audit_package,scratch_four_head_include64train_seed1,,,,include64_train_only,1.0,28,id_val,False,,C:\Users\EM328 Super\Desktop\caxton-new-codex\v11e_two_contrast_label_audit_package\v11e_handoff_results\per_run_outputs\scratch_four_head_include64train_seed1\metrics.json,,,,,,,,,,0.9998921251348435,,0.9998862631058328,,,,,,,,,,,0.9973339883421035,,0.9974152181762999,,,,,,,,,,,0.9911489855352875,,0.9912494412654455,,,,,,,,,,,0.9741662384161245,,0.9732205862778757,,,,,,,,,,,,,,,,,,,,,,,,,,,,,,,,,,,,,,,,,,,,,,,
v11e_two_contrast_label_audit_package,scratch_four_head_include64train_seed2,,,,include64_train_only,2.0,24,id_val,False,,C:\Users\EM328 Super\Desktop\caxton-new-codex\v11e_two_contrast_label_audit_package\v11e_handoff_results\per_run_outputs\scratch_four_head_include64train_seed2\metrics.json,,,,,,,,,,0.9998264596491105,,0.9998293901604701,,,,,,,,,,,0.9974170021209368,,0.9973406653656816,,,,,,,,,,,0.9919502165112487,,0.9918139612677822,,,,,,,,,,,0.9761904761904763,,0.975265960284687,,,,,,,,,,,,,,,,,,,,,,,,,,,,,,,,,,,,,,,,,,,,,,,
v11e_two_contrast_label_audit_package,scratch_four_head_include64train_seed3,,,,include64_train_only,3.0,15,id_val,False,,C:\Users\EM328 Super\Desktop\caxton-new-codex\v11e_two_contrast_label_audit_package\v11e_handoff_results\per_run_outputs\scratch_four_head_include64train_seed3\metrics.json,,,,,,,,,,0.99972117551519,,0.9997161377698959,,,,,,,,,,,0.9984707454732121,,0.9984788970369861,,,,,,,,,,,0.9950492588441459,,0.99499597459812,,,,,,,,,,,0.9454595791805094,,0.9432209772754473,,,,,,,,,,,,,,,,,,,,,,,,,,,,,,,,,,,,,,,,,,,,,,,
v11e_two_contrast_label_audit_package,scratch_four_head_quarantine64_seed1,,,,quarantine64,1.0,8,id_val,False,,C:\Users\EM328 Super\Desktop\caxton-new-codex\v11e_two_contrast_label_audit_package\v11e_handoff_results\per_run_outputs\scratch_four_head_quarantine64_seed1\metrics.json,,,,,,,,,,0.9994998332777593,,0.9994735874581907,,,,,,,,,,,0.9972127537549236,,0.9971200148130824,,,,,,,,,,,0.989738014356974,,0.9894021624432036,,,,,,,,,,,0.8920446731664242,,0.8861993872423618,,,,,,,,,,,,,,,,,,,,,,,,,,,,,,,,,,,,,,,,,,,,,,,
v11e_two_contrast_label_audit_package,scratch_four_head_quarantine64_seed2,,,,quarantine64,2.0,31,id_val,False,,C:\Users\EM328 Super\Desktop\caxton-new-codex\v11e_two_contrast_label_audit_package\v11e_handoff_results\per_run_outputs\scratch_four_head_quarantine64_seed2\metrics.json,,,,,,,,,,1.0,,1.0,,,,,,,,,,,0.9991334999783579,,0.9991499597367147,,,,,,,,,,,0.9928007031523142,,0.9926648504480498,,,,,,,,,,,0.9352159468438538,,0.9324398754350395,,,,,,,,,,,,,,,,,,,,,,,,,,,,,,,,,,,,,,,,,,,,,,,
v11e_two_contrast_label_audit_package,scratch_four_head_quarantine64_seed3,,,,quarantine64,3.0,29,id_val,False,,C:\Users\EM328 Super\Desktop\caxton-new-codex\v11e_two_contrast_label_audit_package\v11e_handoff_results\per_run_outputs\scratch_four_head_quarantine64_seed3\metrics.json,,,,,,,,,,0.9997221295987551,,0.999711570242333,,,,,,,,,,,0.9984547461368654,,0.998512238602998,,,,,,,,,,,0.9954408043224214,,0.9954398628342758,,,,,,,,,,,0.929315740077254,,0.9262629164578703,,,,,,,,,,,,,,,,,,,,,,,,,,,,,,,,,,,,,,,,,,,,,,,
v11f_mobilenet_teacher_distill_64audit_package,mobilenetv3small_scratch_include64train_seed1,,,,include64_train_only,1.0,21,id_val,False,,C:\Users\EM328 Super\Desktop\caxton-new-codex\v11f_mobilenet_teacher_distill_64audit_package\runs\v11f_mobilenet_teacher_distill_64audit\mobilenetv3small_scratch_include64train_seed1\metrics.json,,,,,,,,,,0.9999444259197511,,0.9999423125956661,,,,,,,,,,,0.977137623714874,,0.977110333512612,,,,,,,,,,,0.9596799021295789,,0.9594592432756736,,,,,,,,,,,0.7564272775265235,,0.7144381475706951,,,,,,,,,,,,,,,,,,,,,,,,,,,,,,,,,,,,,0.27325581395348836,,0.4292237442922374,,,,,,,,
v11f_mobilenet_teacher_distill_64audit_package,mobilenetv3small_scratch_quarantine64_seed1,,,,quarantine64,1.0,38,id_val,False,,C:\Users\EM328 Super\Desktop\caxton-new-codex\v11f_mobilenet_teacher_distill_64audit_package\runs\v11f_mobilenet_teacher_distill_64audit\mobilenetv3small_scratch_quarantine64_seed1\metrics.json,,,,,,,,,,1.0,,1.0,,,,,,,,,,,0.9823984218505938,,0.982359645590399,,,,,,,,,,,0.962840955257655,,0.9624689620613416,,,,,,,,,,,0.7903217502081933,,0.7650592211585588,,,,,,,,,,,,,,,,,,,,,,,,,,,,,,,,,,,,,0.3845514950166113,,0.555488902219556,,,,,,,,
v11f_mobilenet_teacher_distill_64audit_package,mobilenetv3small_teacherdistill_include64train_seed1,,,,include64_train_only,1.0,42,id_val,False,,C:\Users\EM328 Super\Desktop\caxton-new-codex\v11f_mobilenet_teacher_distill_64audit_package\runs\v11f_mobilenet_teacher_distill_64audit\mobilenetv3small_teacherdistill_include64train_seed1\metrics.json,,,,,,,,,,0.9904504952214284,,0.990787980937772,,,,,,,,,,,0.966307899552108,,0.9658448526647732,,,,,,,,,,,0.9444269635522549,,0.9438439213637849,,,,,,,,,,,0.8128118926489128,,0.794257934548089,,,,,,,,,,,,,,,,,,,,,,,,,,,,,,,,,,,,,0.4717607973421927,,0.6410835214446953,,,,,,,,
v11f_mobilenet_teacher_distill_64audit_package,mobilenetv3small_teacherdistill_quarantine64_seed1,,,,quarantine64,1.0,65,id_val,False,,C:\Users\EM328 Super\Desktop\caxton-new-codex\v11f_mobilenet_teacher_distill_64audit_package\runs\v11f_mobilenet_teacher_distill_64audit\mobilenetv3small_teacherdistill_quarantine64_seed1\metrics.json,,,,,,,,,,0.9962411608063899,,0.9961344013506511,,,,,,,,,,,0.9717094515579706,,0.9713158301245847,,,,,,,,,,,0.9599410679340513,,0.9594610942699718,,,,,,,,,,,0.7772104494960228,,0.7510585801211316,,,,,,,,,,,,,,,,,,,,,,,,,,,,,,,,,,,,,0.3803986710963455,,0.5511432009626955,,,,,,,,
v11f_transfer_64audit_package,mobilenetv3small_imagenet_include64train_seed1,,,,include64_train_only,1.0,17,id_val,False,,C:\Users\EM328 Super\Desktop\caxton-new-codex\v11f_transfer_64audit_package\runs\v11f_mobilenet_transfer_64audit\mobilenetv3small_imagenet_include64train_seed1\metrics.json,,,,,,,,,,0.9999460625674218,,0.999943131053942,,,,,,,,,,,0.9964324725506682,,0.996499718030638,,,,,,,,,,,0.9849447632822573,,0.9850167555488653,,,,,,,,,,,0.8087975931113186,,0.7874243266668522,,,,,,,,,,,,,,,,,,,,,,,,,,,,,,,,,,,,,0.42857142857142855,,0.6,,,,,,,,
v11f_transfer_64audit_package,mobilenetv3small_imagenet_quarantine64_seed1,,,,quarantine64,1.0,32,id_val,False,,C:\Users\EM328 Super\Desktop\caxton-new-codex\v11f_transfer_64audit_package\runs\v11f_mobilenet_transfer_64audit\mobilenetv3small_imagenet_quarantine64_seed1\metrics.json,,,,,,,,,,0.998717568775367,,0.9986688541073233,,,,,,,,,,,0.9971962515690603,,0.9971524174222622,,,,,,,,,,,0.9877302786025915,,0.9874644972133324,,,,,,,,,,,0.7244430933441421,,0.6625902646989275,,,,,,,,,,,,,,,,,,,,,,,,,,,,,,,,,,,,,0.1744186046511628,,0.297029702970297,,,,,,,,
v11f_transfer_64audit_package,mobilenetv3small_scratch_include64train_seed1,,,,include64_train_only,1.0,48,id_val,False,,C:\Users\EM328 Super\Desktop\caxton-new-codex\v11f_transfer_64audit_package\runs\v11f_mobilenet_transfer_64audit\mobilenetv3small_scratch_include64train_seed1\metrics.json,,,,,,,,,,0.9998904884871728,,0.9998854490124865,,,,,,,,,,,0.9823293960100408,,0.9822299801345151,,,,,,,,,,,0.9656969718054899,,0.9651694649771992,,,,,,,,,,,0.8379450698286295,,0.8244210073474437,,,,,,,,,,,,,,,,,,,,,,,,,,,,,,,,,,,,,0.5232558139534884,,0.6870229007633588,,,,,,,,
v11f_transfer_64audit_package,mobilenetv3small_scratch_quarantine64_seed1,,,,quarantine64,1.0,49,id_val,False,,C:\Users\EM328 Super\Desktop\caxton-new-codex\v11f_transfer_64audit_package\runs\v11f_mobilenet_transfer_64audit\mobilenetv3small_scratch_quarantine64_seed1\metrics.json,,,,,,,,,,0.9999354255456542,,0.9999399249211702,,,,,,,,,,,0.9838616676339283,,0.9839583877713801,,,,,,,,,,,0.9639823436979108,,0.9640507502482599,,,,,,,,,,,0.7781667724715254,,0.7473441731099659,,,,,,,,,,,,,,,,,,,,,,,,,,,,,,,,,,,,,0.3430232558139535,,0.5108225108225108,,,,,,,,
v11g_loss_followup_package,v11g_mobilenetv3small_printbalancedce_include64train_seed1,,,,include64_train_only,1.0,42,id_val,False,,C:\Users\EM328 Super\Desktop\caxton-new-codex\v11g_loss_followup_package\runs\v11g_loss_followup\v11g_mobilenetv3small_printbalancedce_include64train_seed1\metrics.json,,,,,,,,,,0.9997153114886127,,0.9997140268108914,,,,,,,,,,,0.9743032323367604,,0.9738087446300557,,,,,,,,,,,0.9508159120385827,,0.9500245752997037,,,,,,,,,,,0.7621144657356661,,0.7278889062379367,,,,,,,,,,,,,,,,,,,,,,,,,,,,,,,,,,,,,0.3106312292358804,,0.47401774397972113,,,,,,,,
v11g_loss_followup_package,v11g_mobilenetv3small_tensiononlydistill_include64train_seed1,,,,include64_train_only,1.0,24,id_val,False,,C:\Users\EM328 Super\Desktop\caxton-new-codex\v11g_loss_followup_package\runs\v11g_loss_followup\v11g_mobilenetv3small_tensiononlydistill_include64train_seed1\metrics.json,,,,,,,,,,0.9942931472967876,,0.9944495419656159,,,,,,,,,,,0.9562383993426943,,0.9555260106149953,,,,,,,,,,,0.9279629615038113,,0.9264465328439399,,,,,,,,,,,0.706351574629824,,0.6391096596962866,,,,,,,,,,,,,,,,,,,,,,,,,,,,,,,,,,,,,0.15033222591362128,,0.26137184115523465,,,,,,,,
v12_fusion_comparison_package,v12_concat_128_scratch_include64train_seed1,stage_1a,concat_128,scratch,include64_train_only,1.0,31,id_val,False,486.86,C:\Users\EM328 Super\Desktop\caxton-new-codex\v12_fusion_comparison_package\runs\v12_fusion_comparison\v12_concat_128_scratch_include64train_seed1\metrics.json,0.998526974774443,0.9994366831906264,0.9992629445365764,0.999657416923604,0.9996056782334385,0.999657416923604,0.9979864806558321,0.9988170347003155,0.9987046632124353,0.9999444259197511,0.9999436683190627,0.9999423125956661,0.9990427180884698,0.9264305177111717,0.8888644366197183,0.8903436988543373,0.8465909090909091,0.8950264084507042,0.8831083305893974,0.836848635235732,0.867737676056338,0.8611554420683053,0.9681966471028489,0.9680897887323944,0.9680915925596745,0.8992578150814932,0.8626609442060086,0.8368663594470046,0.8374999999999999,0.7661822985468957,0.8244239631336405,0.8061153578874218,0.7396373056994818,0.8207373271889401,0.782727895819054,0.953263696238444,0.9534562211981567,0.9533183048945616,0.8339477745573759,0.5479302832244008,0.4453028430160692,0.48505303760848595,0.03159041394335512,0.12299134734239803,0.021386430678466076,0.0,0.14956736711990112,0.0,0.7573887799653067,0.7311495673671199,0.7207925339130076,0.3946557577748833,,,,,,,,,,,,,,,,,,,,,,,,,,,0.0,0.7524916943521595,0.0,0.0,0.05398671096345515,0.0,0.0,0.287375415282392,0.0,0.29485049833887045,0.29485049833887045,0.4554201411161001,0.0,0.9985353762956286,0.8078785211267606,0.7175115207373272,0.002472187886279357,0.0,,
v12_fusion_comparison_package,v12_concat_128_scratch_include64train_seed2,stage_1a,concat_128,scratch,include64_train_only,2.0,33,id_val,False,489.79,C:\Users\EM328 Super\Desktop\caxton-new-codex\v12_fusion_comparison_package\runs\v12_fusion_comparison\v12_concat_128_scratch_include64train_seed2\metrics.json,0.997053949548886,0.9983663812528166,0.998524801770238,1.0,0.9978593961243803,0.9970964987190436,0.9975550122249389,0.9971834159531321,0.996551724137931,0.9998349144069238,0.9998310049571879,0.9998277676985904,0.9986117873690226,0.8848773841961853,0.910431338028169,0.9008321775312066,0.9204545454545454,0.9269366197183099,0.9138201190849263,0.8877171215880894,0.8901848591549296,0.8830607837087319,0.9839421671651785,0.9839348591549296,0.9839673683043165,0.9200525623817449,0.8111587982832618,0.8589861751152074,0.8406226834692364,0.8546895640686922,0.8811059907834101,0.8661311914323963,0.8212435233160622,0.852073732718894,0.8255208333333333,0.9703311539045312,0.9705069124423963,0.97016631059609,0.8662009060381036,0.4444444444444444,0.4610630407911001,0.47469458987783597,0.006535947712418301,0.10506798516687268,0.00425531914893617,0.0,0.06365883807169345,0.0,0.8030570768970082,0.7812113720642769,0.7817618218654131,0.36207184848804874,,,,,,,,,,,,,,,,,,,,,,,,,,,0.0,0.8803986710963455,0.0,0.0,0.036544850498338874,0.0,0.0,0.0888704318936877,0.0,0.4227574750830565,0.4227574750830565,0.5942790426152949,0.0,0.9960004506534474,0.8543133802816901,0.7797235023041474,0.000927070457354759,0.0,,
v12_fusion_comparison_package,v12_concat_128_scratch_include64train_seed3,stage_1a,concat_128,scratch,include64_train_only,3.0,55,id_val,False,647.95,C:\Users\EM328 Super\Desktop\caxton-new-codex\v12_fusion_comparison_package\runs\v12_fusion_comparison\v12_concat_128_scratch_include64train_seed3\metrics.json,0.9948444117105505,0.9913812528165841,0.9905582546521221,0.9761904761904762,0.9888463271744029,0.9851339671564391,0.9955414928807709,0.9919445696259577,0.9923302989033045,0.9997009927042221,0.9997183415953133,0.9997156402128722,0.9916440951954494,0.9475476839237057,0.8758802816901409,0.8828943192637257,0.8005050505050505,0.8752200704225352,0.8436460412508316,0.836848635235732,0.8428697183098591,0.8355528027253021,0.9661430656349289,0.9663292253521126,0.9661195915310096,0.8905192083219708,0.876967095851216,0.8105990783410139,0.8239247311827959,0.7040951122853368,0.8147465437788018,0.7769679300291545,0.7707253886010362,0.7976958525345622,0.782380013149244,0.947625269913261,0.947926267281106,0.9473972842760267,0.8294030656034166,0.6895424836601307,0.5349196538936959,0.6597186034392913,0.010893246187363835,0.15173053152039556,0.007304601899196494,0.0,0.07292954264524104,0.0,0.7449228709153998,0.715698393077874,0.6978510621928669,0.42398684987659535,,,,,,,,,,,,,,,,,,,,,,,,,,,0.0,0.9053156146179402,0.0,0.0,0.07142857142857142,0.0,0.0,0.11046511627906977,0.0,0.2425249169435216,0.2425249169435216,0.3903743315508022,0.0,0.9828751689950428,0.7819102112676056,0.7087557603686636,0.0012360939431396785,0.0,,
v12_fusion_comparison_package,v12_concat_256_scratch_include64train_seed1,stage_1a,concat_256,scratch,include64_train_only,1.0,46,id_val,False,583.9,C:\Users\EM328 Super\Desktop\caxton-new-codex\v12_fusion_comparison_package\runs\v12_fusion_comparison\v12_concat_256_scratch_include64train_seed1\metrics.json,0.9972380777020806,0.9984790446146913,0.9986171291601365,1.0,0.9996620099143758,0.999571954455954,0.9979864806558321,0.9986480396575034,0.9983454427739012,0.9999460625674218,0.9999436683190627,0.999943131053942,0.9987656865150445,0.9032697547683923,0.8985475352112676,0.888739946380697,0.86489898989899,0.9066901408450704,0.8873056994818653,0.8467741935483871,0.8805017605633803,0.87248322147651,0.9710398099826226,0.9713908450704225,0.9711185671608296,0.8983862338406756,0.844062947067239,0.8368663594470046,0.8304011259676284,0.7675033025099075,0.8414746543778802,0.8131560531840447,0.7694300518134715,0.8281105990783411,0.7983870967741936,0.9591141062017314,0.9589861751152073,0.9588537861582661,0.8404199520192741,0.5261437908496732,0.4774412855377009,0.5322314049586777,0.034858387799564274,0.1134116192830655,0.022199098161637183,0.0,0.11866501854140915,0.0,0.8176707738998314,0.7972805933250927,0.7998393396087398,0.3900261281452537,,,,,,,,,,,,,,,,,,,,,,,,,,,0.0,0.8463455149501661,0.0,0.0,0.018272425249169437,0.0,0.0,0.10963455149501661,0.0,0.462624584717608,0.462624584717608,0.63259511641113,0.0,0.9978593961243803,0.8303257042253521,0.740552995391705,0.0040173053152039555,0.0,,
v12_fusion_comparison_package,v12_concat_256_scratch_include64train_seed2,stage_1a,concat_256,scratch,include64_train_only,2.0,19,id_val,False,391.55,C:\Users\EM328 Super\Desktop\caxton-new-codex\v12_fusion_comparison_package\runs\v12_fusion_comparison\v12_concat_256_scratch_include64train_seed2\metrics.json,0.9959491806297183,0.9957187922487607,0.9976023607524899,0.999657416923604,0.997803064443443,0.9966697976261634,0.9964044297425572,0.9958314556106355,0.9952593018244505,0.999888851839502,0.9998873366381252,0.9998846259203343,0.9980027568239699,0.9012261580381471,0.8967869718309859,0.8849498327759198,0.8939393939393939,0.9192341549295775,0.9021981522777954,0.8740694789081885,0.8805017605633803,0.8684129429892141,0.9828611387273133,0.9830545774647887,0.9829666850119508,0.9140990572934723,0.844062947067239,0.8516129032258064,0.8380681818181818,0.8203434610303831,0.8705069124423963,0.848360655737705,0.8251295336787565,0.8548387096774194,0.8305084745762712,0.963997451673071,0.9640552995391705,0.9635672587261473,0.8679263331409743,0.5370370370370371,0.46137206427688504,0.5225225225225226,0.0457516339869281,0.14369592088998764,0.03025936599423631,0.0,0.1350432632880099,0.0,0.804618130094941,0.7824474660074165,0.7828018379454132,0.39524833472188,,,,,,,,,,,,,,,,,,,,,,,,,,,0.0,0.8239202657807309,0.0,0.0,0.05398671096345515,0.0,0.0,0.22757475083056478,0.0,0.4210963455149502,0.4210963455149502,0.592635885447107,0.0,0.9923388913925192,0.831205985915493,0.7658986175115208,0.008034610630407911,0.0,,
v12_fusion_comparison_package,v12_concat_256_scratch_include64train_seed3,stage_1a,concat_256,scratch,include64_train_only,3.0,79,id_val,False,819.16,C:\Users\EM328 Super\Desktop\caxton-new-codex\v12_fusion_comparison_package\runs\v12_fusion_comparison\v12_concat_256_scratch_include64train_seed3\metrics.json,0.997053949548886,0.9950428120775124,0.9984327463814879,0.9998287084618019,0.9934655250112663,0.9904972000678771,0.998993240327916,0.9945358269490762,0.9934920975470214,0.9998921251348435,0.9998873366381252,0.9998862631058328,0.9988880684357837,0.8937329700272479,0.8897447183098591,0.882016806722689,0.8977272727272727,0.9033890845070423,0.8895839849859243,0.8560794044665012,0.8725792253521126,0.8668341708542714,0.9723623018958145,0.9727112676056338,0.9726588942252538,0.9058221443302198,0.8297567954220315,0.8400921658986175,0.8262108262108262,0.8414795244385733,0.8562211981566821,0.8465116279069768,0.7927461139896373,0.8285714285714286,0.8111332007952287,0.957330702758662,0.9580645161290322,0.9578137329554659,0.8548514777047597,0.6241830065359477,0.5188504326328801,0.6141479099678456,0.07407407407407407,0.16563658838071693,0.04865831842576028,0.0,0.17552533992583436,0.0,0.7861252489992049,0.7620519159456118,0.7589294658038016,0.4227689380160602,,,,,,,,,,,,,,,,,,,,,,,,,,,0.0,0.8745847176079734,0.0,0.0,0.10299003322259136,0.0,0.0,0.19850498338870431,0.0,0.37209302325581395,0.37209302325581395,0.5423728813559322,0.0,0.9918882379450202,0.8224031690140845,0.7493087557603687,0.012978986402966625,0.0049833887043189366,,
v12_fusion_comparison_package,v12_film_scratch_include64train_seed1,stage_1a,film,scratch,include64_train_only,1.0,30,id_val,False,472.62,C:\Users\EM328 Super\Desktop\caxton-new-codex\v12_fusion_comparison_package\runs\v12_fusion_comparison\v12_film_scratch_include64train_seed1\metrics.json,0.998526974774443,0.998422712933754,0.9989868287740628,0.998972250770812,0.9981410545290671,0.9973492945703292,0.9972673666043435,0.9972960793150067,0.9974825577213551,0.9990216255393441,0.9989860297431276,0.9989757436197942,0.9980443988464611,0.9230245231607629,0.8954665492957746,0.90878604963112,0.8642676767676768,0.8954665492957746,0.8798200514138818,0.8498759305210918,0.870818661971831,0.8629921259842519,0.9698559077184769,0.9696302816901409,0.9696665363629854,0.9055473821130962,0.8326180257510729,0.8442396313364056,0.849015317286652,0.8229854689564069,0.8511520737327188,0.8351206434316354,0.7694300518134715,0.8258064516129032,0.7994616419919246,0.9543064998497552,0.9534562211981567,0.9537585852301237,0.8514292633018574,0.514161220043573,0.4595179233621755,0.49973530968766544,0.002178649237472767,0.09363411619283066,0.0013855213023900243,0.0,0.03430160692212608,0.0,0.8240117981481272,0.8046971569839307,0.8083131454150072,0.3784117177690945,,,,,,,,,,,,,,,,,,,,,,,,,,,0.0,0.8014950166112956,0.0,0.0,0.0049833887043189366,0.0,0.0,0.053156146179401995,0.0,0.4867109634551495,0.4867109634551495,0.6547486033519554,0.0,0.9949301487156377,0.8180017605633803,0.7451612903225806,0.0,0.0,,
v12_fusion_comparison_package,v12_film_scratch_include64train_seed2,stage_1a,film,scratch,include64_train_only,2.0,59,id_val,False,679.98,C:\Users\EM328 Super\Desktop\caxton-new-codex\v12_fusion_comparison_package\runs\v12_fusion_comparison\v12_film_scratch_include64train_seed2\metrics.json,0.9998158718468054,0.9998873366381252,0.9998158718468054,1.0,0.9998310049571879,1.0,1.0,0.9998310049571879,0.9997843123157668,1.0,1.0,1.0,0.9999539679617013,0.9298365122615804,0.9247359154929577,0.9257375381485249,0.8958333333333334,0.9403609154929577,0.9256360078277885,0.8889578163771712,0.9075704225352113,0.8970266040688575,0.9877701745232832,0.9878961267605634,0.9877672361872469,0.9265171152077145,0.8569384835479256,0.8774193548387097,0.8738147337709702,0.8375165125495376,0.9046082949308756,0.8885774351786966,0.8031088082901554,0.8608294930875576,0.8277703604806408,0.9825356854650381,0.9824884792626728,0.9823325345941699,0.8721621249453445,0.3464052287581699,0.4335599505562423,0.38946723821187995,0.002178649237472767,0.10197775030902348,0.0014005602240896359,0.0,0.030902348578491966,0.0,0.8104363555847017,0.788627935723115,0.7895757580564862,0.336921552981855,,,,,,,,,,,,,,,,,,,,,,,,,,,0.0,0.8953488372093024,0.0,0.0,0.0016611295681063123,0.0,0.0,0.05564784053156146,0.0,0.43438538205980065,0.43438538205980065,0.6056745801968731,0.0,0.9996620099143758,0.883362676056338,0.8225806451612904,0.0,0.0,,
v12_fusion_comparison_package,v12_film_scratch_include64train_seed3,stage_1a,film,scratch,include64_train_only,3.0,51,id_val,False,650.63,C:\Users\EM328 Super\Desktop\caxton-new-codex\v12_fusion_comparison_package\runs\v12_fusion_comparison\v12_film_scratch_include64train_seed3\metrics.json,0.9996317436936107,0.9981973862100045,0.9975195222783647,0.9969167523124358,0.9987043713384407,0.9981135311267364,0.9995685315691069,0.9988733663812528,0.9985632183908046,1.0,1.0,1.0,0.9990292568937884,0.9318801089918256,0.9009683098591549,0.9116961012995667,0.8428030303030303,0.9159330985915493,0.8902967655885295,0.8566997518610422,0.8807218309859155,0.8729456384323641,0.9799206592223636,0.9799735915492958,0.979728034608429,0.9051709724323411,0.8226037195994278,0.847926267281106,0.8431085043988269,0.7873183619550859,0.8737327188940092,0.8477951635846372,0.7914507772020726,0.8433179723502304,0.817391304347826,0.9663603793681723,0.9663594470046083,0.9658887886801453,0.8455140913607662,0.42592592592592593,0.4777503090234858,0.4632701421800948,0.008714596949891068,0.11217552533992584,0.00565171317555634,0.0,0.05995055624227441,0.0,0.7716468114654446,0.7456736711990112,0.7375500672357788,0.35708921509956465,,,,,,,,,,,,,,,,,,,,,,,,,,,0.0,0.9426910299003323,0.0,0.0,0.01910299003322259,0.0,0.0,0.05398671096345515,0.0,0.32558139534883723,0.32558139534883723,0.49122807017543857,0.0,0.997803064443443,0.844850352112676,0.7764976958525346,0.0012360939431396785,0.0,,
v12_fusion_comparison_package,v12_gmu_caxton_dkd_warmup_include64train_seed1,stage_1b,gmu,caxton_dkd_warmup,include64_train_only,1.0,67,id_val,False,775.61,C:\Users\EM328 Super\Desktop\caxton-new-codex\v12_fusion_comparison_package\runs\v12_fusion_comparison\v12_gmu_caxton_dkd_warmup_include64train_seed1\metrics.json,1.0,1.0,1.0,0.9998287084618019,0.9998310049571879,0.9999143468950749,0.9997123543794045,0.9998873366381252,0.9998561565017261,1.0,1.0,1.0,0.9998852657103017,0.9386920980926431,0.9205545774647887,0.9165281010974392,0.8800505050505051,0.9304577464788732,0.9149983590416804,0.8951612903225806,0.9060299295774648,0.8996259351620948,0.984339880997478,0.9845950704225352,0.984401647689309,0.9250879562480299,0.8927038626609443,0.8709677419354839,0.8678720445062588,0.7661822985468957,0.8723502304147466,0.8387563268257412,0.832901554404145,0.867741935483871,0.8477257745550428,0.9679478068436707,0.9682027649769586,0.9677370259862107,0.8666319214735757,0.4542483660130719,0.3127317676143387,0.37550652859072486,0.0392156862745098,0.1180469715698393,0.030742954739538853,0.0,0.17521631644004945,0.0,0.8410767273150522,0.823238566131026,0.8283646834748785,0.3729171800377841,,,,,,,,,,,,,,,,,,,,,,,,,,,0.0,0.4684385382059801,0.0,0.0,0.023255813953488372,0.0,0.0,0.29817275747508304,0.0,0.53156146179402,0.53156146179402,0.6941431670281997,0.0,0.9998310049571879,0.8699383802816901,0.7907834101382488,0.0021631644004944375,0.0,,
v12_fusion_comparison_package,v12_gmu_caxton_dkd_warmup_include64train_seed2,stage_1b,gmu,caxton_dkd_warmup,include64_train_only,2.0,20,id_val,False,421.25,C:\Users\EM328 Super\Desktop\caxton-new-codex\v12_fusion_comparison_package\runs\v12_fusion_comparison\v12_gmu_caxton_dkd_warmup_include64train_seed2\metrics.json,1.0,0.9986480396575034,0.9981621025546774,0.9964028776978417,0.998591707976566,0.997941327843541,0.9997123543794045,0.9985353762956286,0.9982049256839233,0.9999460625674218,0.9999436683190627,0.999943131053942,0.9989883549448779,0.9448228882833788,0.9040492957746479,0.9012345679012346,0.8061868686868687,0.8910651408450704,0.8573346760657939,0.8771712158808933,0.8661971830985915,0.8616697135892748,0.9719723187477181,0.9722711267605634,0.9719202207150271,0.9016957424995184,0.8698140200286123,0.8423963133640553,0.8380427291523087,0.7225891677675033,0.8354838709677419,0.7950581395348837,0.8018134715025906,0.8207373271889401,0.8044184535412604,0.9559583644642543,0.9566820276497696,0.9561353124318002,0.8385244471426557,0.3453159041394335,0.2972805933250927,0.30510105871029836,0.042483660130718956,0.12484548825710753,0.032953105196451206,0.0,0.23825710754017304,0.0,0.7962858431582976,0.7734857849196539,0.7725317960281624,0.3460522249993155,,,,,,,,,,,,,,,,,,,,,,,,,,,0.0,0.5299003322259136,0.0,0.0,0.022425249169435217,0.0,0.0,0.45598006644518274,0.0,0.4011627906976744,0.4011627906976744,0.5726141078838174,0.0,0.9971270842721947,0.809419014084507,0.7322580645161291,0.002781211372064277,0.0008305647840531562,,
v12_fusion_comparison_package,v12_gmu_caxton_dkd_warmup_include64train_seed3,stage_1b,gmu,caxton_dkd_warmup,include64_train_only,3.0,94,id_val,False,909.73,C:\Users\EM328 Super\Desktop\caxton-new-codex\v12_fusion_comparison_package\runs\v12_fusion_comparison\v12_gmu_caxton_dkd_warmup_include64train_seed3\metrics.json,1.0,1.0,1.0,1.0,1.0,1.0,1.0,1.0,1.0,1.0,1.0,1.0,1.0,0.9434604904632152,0.921875,0.9196547144754316,0.8762626262626263,0.9308978873239436,0.9143610013175231,0.8759305210918115,0.9049295774647887,0.89993626513703,0.9844393969621746,0.9845950704225352,0.9845235138895864,0.9207037090264532,0.8640915593705293,0.8557603686635945,0.8597864768683273,0.7675033025099075,0.8705069124423963,0.8408104196816207,0.7901554404145078,0.8474654377880184,0.8304969366916269,0.9705000929635039,0.9709677419354839,0.9706853425312651,0.8476366840432755,0.3572984749455338,0.33343634116192833,0.3420229405630866,0.020697167755991286,0.11681087762669963,0.016979445933869526,0.0,0.20333745364647712,0.0,0.8361124906047914,0.8176761433868974,0.8223757013930095,0.343376828090103,,,,,,,,,,,,,,,,,,,,,,,,,,,0.0,0.6129568106312292,0.0,0.0,0.023255813953488372,0.0,0.0,0.32475083056478404,0.0,0.5182724252491694,0.5182724252491694,0.6827133479212254,0.0,1.0,0.8699383802816901,0.7764976958525346,0.0012360939431396785,0.0,,
v12_fusion_comparison_package,v12_gmu_scratch_include64train_seed1,stage_1a,gmu,scratch,include64_train_only,1.0,41,id_val,False,550.36,C:\Users\EM328 Super\Desktop\caxton-new-codex\v12_fusion_comparison_package\runs\v12_fusion_comparison\v12_gmu_scratch_include64train_seed1\metrics.json,0.9987111029276377,0.9971270842721947,0.9965092779717069,0.998972250770812,0.998422712933754,0.9976052001368457,0.9998561771897023,0.9974087426768815,0.9976322020520916,0.9997826136220164,0.9997746732762506,0.9997717248331445,0.999263523498737,0.9598092643051771,0.8813820422535211,0.8847723704866562,0.8377525252525253,0.8899647887323944,0.8770654329147389,0.8765508684863523,0.8620158450704225,0.8542926239419588,0.9594163546452613,0.9590669014084507,0.9593457498529983,0.9117521302742091,0.9098712446351931,0.8267281105990784,0.8302872062663186,0.7067371202113606,0.8267281105990784,0.7896678966789668,0.805699481865285,0.8161290322580645,0.7943805874840357,0.9418119661854312,0.9414746543778801,0.9418310914380372,0.8448043019454188,0.4749455337690632,0.39709517923362175,0.43125618199802174,0.032679738562091505,0.11928306551297899,0.021953896816684963,0.0,0.09208899876390605,0.0,0.8189921694441953,0.8003708281829419,0.8039565941251366,0.37600865201456607,,,,,,,,,,,,,,,,,,,,,,,,,,,0.0,0.6935215946843853,0.0,0.0,0.02408637873754153,0.0,0.0,0.09385382059800665,0.0,0.4867109634551495,0.4867109634551495,0.6547486033519554,0.0,0.9952118071203244,0.7944542253521126,0.7013824884792627,0.001854140914709518,0.0008305647840531562,,
v12_fusion_comparison_package,v12_gmu_scratch_include64train_seed2,stage_1a,gmu,scratch,include64_train_only,2.0,54,id_val,False,642.58,C:\Users\EM328 Super\Desktop\caxton-new-codex\v12_fusion_comparison_package\runs\v12_fusion_comparison\v12_gmu_scratch_include64train_seed2\metrics.json,1.0,0.9999436683190627,0.9999079443984167,1.0,0.9999436683190627,1.0,1.0,0.9999436683190627,1.0,1.0,1.0,1.0,1.0,0.9455040871934605,0.8985475352112676,0.8972204266321913,0.8585858585858586,0.9201144366197183,0.900066181336863,0.8777915632754343,0.8831426056338029,0.8737264587835751,0.9826253945381235,0.9828345070422535,0.9829363822408451,0.917795626907055,0.8912732474964234,0.8460829493087557,0.8424611223799864,0.7793923381770145,0.8728110599078341,0.8458781362007168,0.8290155440414507,0.8400921658986175,0.8236808236808236,0.9708757042699819,0.9714285714285714,0.9714318340130097,0.8682338039740416,0.5642701525054467,0.41934487021013594,0.4884488448844884,0.011982570806100218,0.13102595797280595,0.007930785868781542,0.0,0.06674907292954264,0.0,0.8934033656111248,0.8813349814585909,0.8878068150999975,0.3929410982426085,,,,,,,,,,,,,,,,,,,,,,,,,,,0.0,0.6868770764119602,0.0,0.0,0.01744186046511628,0.0,0.0,0.09053156146179402,0.0,0.6868770764119602,0.6868770764119602,0.8143771541112752,0.0,0.9998873366381252,0.8417693661971831,0.7682027649769585,0.0015451174289245982,0.0,,
v12_fusion_comparison_package,v12_gmu_scratch_include64train_seed3,stage_1a,gmu,scratch,include64_train_only,3.0,49,id_val,False,607.56,C:\Users\EM328 Super\Desktop\caxton-new-codex\v12_fusion_comparison_package\runs\v12_fusion_comparison\v12_gmu_scratch_include64train_seed3\metrics.json,1.0,1.0,1.0,1.0,1.0,1.0,1.0,1.0,1.0,0.9999444259197511,0.9999436683190627,0.9999423125956661,1.0,0.9325613079019074,0.8756602112676056,0.8775641025641027,0.8383838383838383,0.8987676056338029,0.8780165289256198,0.8517369727047146,0.8622359154929577,0.8575890068707058,0.9685135816142595,0.9685299295774648,0.96849056686443,0.899251128891695,0.8755364806866953,0.8308755760368663,0.8315217391304347,0.7780713342140027,0.8534562211981567,0.8272471910112359,0.7901554404145078,0.8267281105990784,0.8090185676392573,0.9573124892405156,0.9576036866359448,0.9572720637208678,0.8516540381973007,0.6023965141612201,0.4687886279357231,0.5507968127490039,0.015250544662309368,0.12082818294190359,0.010309278350515465,0.0,0.13411619283065512,0.0,0.835046589981502,0.8164400494437577,0.8211743518502673,0.4028408490864928,,,,,,,,,,,,,,,,,,,,,,,,,,,0.0,0.7898671096345515,0.0,0.0,0.036544850498338874,0.0,0.0,0.17275747508305647,0.0,0.5157807308970099,0.5157807308970099,0.6805479452054795,0.0,0.9999436683190627,0.7997359154929577,0.7354838709677419,0.0021631644004944375,0.0033222591362126247,,
v12_fusion_comparison_package,v12_hadamard_scratch_include64train_seed1,stage_1a,hadamard,scratch,include64_train_only,1.0,21,id_val,False,486.87,C:\Users\EM328 Super\Desktop\caxton-new-codex\v12_fusion_comparison_package\runs\v12_fusion_comparison\v12_hadamard_scratch_include64train_seed1\metrics.json,0.9957650524765237,0.9913812528165841,0.9954901058444546,1.0,0.9939161784587652,0.9925195511730703,0.9925212138645189,0.9917192429022083,0.9913093442505206,0.9996116640023628,0.9996056782334385,0.9995995144302224,0.9969502073619596,0.9182561307901907,0.8787411971830986,0.8821989528795812,0.8914141414141414,0.8809419014084507,0.8670555726128338,0.8461538461538461,0.8633362676056338,0.8517015298157977,0.9685458951950155,0.9683098591549296,0.9684531021073429,0.909498112328489,0.8798283261802575,0.8331797235023042,0.8344640434192673,0.8375165125495376,0.8294930875576036,0.8128205128205129,0.7979274611398963,0.8281105990783411,0.8052287581699346,0.9555334239939359,0.9548387096774194,0.9551511403907468,0.8728745385632624,0.8474945533769063,0.5624227441285538,0.6980708838043965,0.03594771241830065,0.09703337453646477,0.022774327122153208,0.0,0.05253399258343634,0.0,0.743174381355398,0.7160074165636588,0.7017941563050095,0.47018731689763477,,,,,,,,,,,,,,,,,,,,,,,,,,,0.0,0.8106312292358804,0.0,0.0,0.02159468438538206,0.0,0.0,0.04318936877076412,0.0,0.2616279069767442,0.2616279069767442,0.4147465437788019,0.0,0.9850721045515998,0.7898327464788732,0.7290322580645161,0.0006180469715698393,0.0,,
v12_fusion_comparison_package,v12_hadamard_scratch_include64train_seed2,stage_1a,hadamard,scratch,include64_train_only,2.0,78,id_val,False,841.47,C:\Users\EM328 Super\Desktop\caxton-new-codex\v12_fusion_comparison_package\runs\v12_fusion_comparison\v12_hadamard_scratch_include64train_seed2\metrics.json,1.0,0.9978593961243803,0.99651376146789,0.9945186707776635,0.9978593961243803,0.9969093406593406,0.9979864806558321,0.9972960793150067,0.996553209823352,0.999888851839502,0.9998873366381252,0.9998846259203343,0.9981262878583739,0.9427792915531336,0.9097711267605634,0.9022164276401564,0.8781565656565656,0.9341989436619719,0.9145299145299146,0.8889578163771712,0.8952464788732394,0.8851142680667078,0.9873131769327004,0.987455985915493,0.9872718896078104,0.9256902514922953,0.9070100143061517,0.8700460829493087,0.8596610169491525,0.8375165125495376,0.9092165898617511,0.887333799860042,0.8562176165803109,0.8635944700460829,0.8409669211195929,0.972312332705918,0.9723502304147466,0.9721178949835542,0.8960998545811397,0.7037037037037037,0.4496291718170581,0.5770433229120143,0.0032679738562091504,0.12206427688504326,0.002148997134670487,0.0,0.03862793572311496,0.0,0.7819117539960994,0.757416563658838,0.753111207616,0.4260696698388113,,,,,,,,,,,,,,,,,,,,,,,,,,,0.0,0.6677740863787376,0.0,0.0,0.008305647840531562,0.0,0.0,0.015780730897009966,0.0,0.35714285714285715,0.35714285714285715,0.5263157894736842,0.0,0.9964511041009464,0.8692781690140845,0.8193548387096774,0.0,0.0,,
v12_fusion_comparison_package,v12_hadamard_scratch_include64train_seed3,stage_1a,hadamard,scratch,include64_train_only,3.0,99,id_val,False,897.13,C:\Users\EM328 Super\Desktop\caxton-new-codex\v12_fusion_comparison_package\runs\v12_fusion_comparison\v12_hadamard_scratch_include64train_seed3\metrics.json,0.9988952310808322,0.9983100495718792,0.9977011494252874,0.9928057553956835,0.9969017575484452,0.9962186318322449,0.9987055947073206,0.9964511041009464,0.9969849246231156,0.9992967012745234,0.9993240198287517,0.9993159019572596,0.9975611922215254,0.9196185286103542,0.8954665492957746,0.8913832948167711,0.8282828282828283,0.8888644366197183,0.8711819389110226,0.858560794044665,0.8620158450704225,0.8551127587272165,0.9765964538233946,0.9762323943661971,0.9761568902817556,0.8987624706873862,0.8569384835479256,0.8502304147465438,0.8454481298517996,0.7661822985468957,0.8511520737327188,0.8256227758007116,0.7927461139896373,0.8207373271889401,0.8,0.9673850429600733,0.9668202764976959,0.9668246603385056,0.8506234847937744,0.579520697167756,0.5,0.5585301837270342,0.006535947712418301,0.11124845488257108,0.004398826979472141,0.0,0.06211372064276885,0.0,0.7233686487180754,0.6919035846724351,0.6636822866351652,0.39561649515182096,,,,,,,,,,,,,,,,,,,,,,,,,,,0.0,0.877906976744186,0.0,0.0,0.0340531561461794,0.0,0.0,0.09717607973421927,0.0,0.18023255813953487,0.18023255813953487,0.3054187192118227,0.0,0.9944231635872014,0.8109595070422535,0.7539170506912443,0.0,0.0,,
v12_fusion_comparison_package,v12_sum_caxton_dkd_warmup_include64train_seed1,stage_1b,sum,caxton_dkd_warmup,include64_train_only,1.0,88,id_val,False,915.92,C:\Users\EM328 Super\Desktop\caxton-new-codex\v12_fusion_comparison_package\runs\v12_fusion_comparison\v12_sum_caxton_dkd_warmup_include64train_seed1\metrics.json,0.9745903148591419,0.9900856241550248,0.9867636092468307,0.9929770469338814,0.9877196935556557,0.9827922353140629,0.998993240327916,0.9855227579990987,0.9860174604301228,0.9994078494350213,0.9994366831906264,0.9994325301243686,0.9915996974558012,0.8433242506811989,0.8813820422535211,0.8591256072172102,0.875,0.8950264084507042,0.8786053882725833,0.9007444168734491,0.855193661971831,0.8632580261593341,0.9767476405667778,0.9768926056338029,0.9766922168799002,0.9020924165320285,0.7725321888412017,0.8036866359447005,0.7854545454545454,0.7780713342140027,0.8258064516129032,0.7954085077650237,0.8575129533678757,0.811520737327189,0.818800247371676,0.9524563276752466,0.9529953917050691,0.9523744053196888,0.8449711696258294,0.10675381263616558,0.2138442521631644,0.10492505353319058,0.0915032679738562,0.18819530284301608,0.08034433285509325,0.0,0.41131025957972805,0.0,0.7909883524385682,0.7673053152039555,0.7646663889766151,0.2993398536354498,,,,,,,,,,,,,,,,,,,,,,,,,,,0.0,0.4750830564784053,0.0,0.0,0.13122923588039867,0.0,0.0,0.6777408637873754,0.0,0.3803986710963455,0.3803986710963455,0.5511432009626955,0.0,0.973805768364128,0.7858714788732394,0.6907834101382488,0.0077255871446229914,0.012458471760797342,,
v12_fusion_comparison_package,v12_sum_caxton_dkd_warmup_include64train_seed2,stage_1b,sum,caxton_dkd_warmup,include64_train_only,2.0,27,id_val,False,472.47,C:\Users\EM328 Super\Desktop\caxton-new-codex\v12_fusion_comparison_package\runs\v12_fusion_comparison\v12_sum_caxton_dkd_warmup_include64train_seed2\metrics.json,0.9983428466212484,0.9979720594862551,0.9977916820022084,0.9994861253854059,0.9971270842721947,0.9959037378392217,0.9994247087588092,0.9975777377196936,0.9977744274535142,0.9998205956225332,0.9998310049571879,0.9998293871491031,0.9993134201913658,0.9366485013623979,0.8741197183098591,0.8574992204552541,0.8800505050505051,0.8943661971830986,0.880328386485633,0.8901985111662531,0.8615757042253521,0.8641975308641975,0.9777301587389796,0.9777728873239436,0.9776890984176726,0.9242279457285979,0.871244635193133,0.8129032258064516,0.7945205479452054,0.7833553500660502,0.8442396313364056,0.8128855380397533,0.8354922279792746,0.8129032258064516,0.8138801261829653,0.94988672773264,0.9506912442396314,0.9497897399971711,0.8624933356275937,0.33877995642701525,0.29511742892459825,0.29367327667610954,0.03594771241830065,0.10444993819530285,0.030261348005502058,0.0,0.3714462299134734,0.0,0.7997614568569075,0.7771940667490729,0.7766483688474182,0.34345750069427333,,,,,,,,,,,,,,,,,,,,,,,,,,,0.0,0.5240863787375415,0.0,0.0,0.013289036544850499,0.0,0.0,0.686046511627907,0.0,0.40780730897009965,0.40780730897009965,0.5793510324483775,0.0,0.9940288418206399,0.7772887323943662,0.6903225806451613,0.0012360939431396785,0.0024916943521594683,,
v12_fusion_comparison_package,v12_sum_caxton_dkd_warmup_include64train_seed3,stage_1b,sum,caxton_dkd_warmup,include64_train_only,3.0,37,id_val,False,550.63,C:\Users\EM328 Super\Desktop\caxton-new-codex\v12_fusion_comparison_package\runs\v12_fusion_comparison\v12_sum_caxton_dkd_warmup_include64train_seed3\metrics.json,0.9998158718468054,0.9954934655250113,0.9927781332845781,0.987324426173347,0.9953244704821992,0.9928516062354664,0.9988494175176182,0.9974650743578188,0.9971284996410625,0.999730312837109,0.9997183415953133,0.9997156652241769,0.9962951635122744,0.9618528610354223,0.8534330985915493,0.839726434730895,0.7481060606060606,0.8617957746478874,0.8169596690796277,0.8362282878411911,0.8397887323943662,0.8336425479282622,0.9737144052007252,0.9735915492957746,0.9736920659294951,0.882980468561824,0.9298998569384835,0.7783410138248847,0.7719714964370546,0.6155878467635403,0.7958525345622119,0.7185813415574404,0.7616580310880829,0.780184331797235,0.7671232876712328,0.9492671909457265,0.9493087557603687,0.94891038975513,0.8186140711418061,0.4019607843137255,0.2373300370828183,0.2885066458170446,0.03159041394335512,0.16131025957972805,0.03164211674849973,0.0,0.38967861557478367,0.0,0.8246293941876672,0.8053152039555006,0.8091827638764636,0.3574901334960475,,,,,,,,,,,,,,,,,,,,,,,,,,,0.0,0.329734219269103,0.0,0.0,0.06312292358803986,0.0,0.0,0.6677740863787376,0.0,0.4883720930232558,0.4883720930232558,0.65625,0.0,0.9925642181162686,0.7471390845070423,0.6419354838709678,0.003399258343634116,0.008305647840531562,,
v12_fusion_comparison_package,v12_sum_scratch_include64train_seed1,stage_1a,sum,scratch,include64_train_only,1.0,60,id_val,False,685.17,C:\Users\EM328 Super\Desktop\caxton-new-codex\v12_fusion_comparison_package\runs\v12_fusion_comparison\v12_sum_scratch_include64train_seed1\metrics.json,0.9628061130546861,0.9842834610184767,0.9769266697804764,0.9972593353888318,0.9846214511041009,0.9776658270361042,0.9962606069322595,0.9749324019828751,0.9753590537876655,0.9976429186834236,0.9976904010815683,0.9976664170572036,0.9885151708018731,0.8841961852861036,0.8327464788732394,0.836340206185567,0.8251262626262627,0.8554137323943662,0.8354106743368488,0.8691066997518611,0.8305457746478874,0.8381693090038888,0.9626411710461426,0.9623679577464789,0.9623619795666368,0.8922891699403079,0.8183118741058655,0.7751152073732719,0.7771739130434782,0.7595772787318362,0.804147465437788,0.788211103495545,0.8069948186528497,0.7783410138248847,0.7792370231394621,0.94440115929716,0.943778801843318,0.943799540930997,0.8421348115947775,0.4433551198257081,0.3757725587144623,0.425065274151436,0.12962962962962962,0.1508034610630408,0.09275136399064692,0.0,0.22960444993819532,0.0,0.7757985286720425,0.7524721878862793,0.748822518474182,0.39212410477855614,,,,,,,,,,,,,,,,,,,,,,,,,,,0.0,0.6112956810631229,0.0,0.0,0.057308970099667775,0.0,0.0,0.4717607973421927,0.0,0.36129568106312293,0.36129568106312293,0.5308114704087858,0.0,0.9593848580441641,0.7216109154929577,0.6419354838709678,0.002472187886279357,0.0024916943521594683,,
v12_fusion_comparison_package,v12_sum_scratch_include64train_seed2,stage_1a,sum,scratch,include64_train_only,2.0,57,id_val,False,665.47,C:\Users\EM328 Super\Desktop\caxton-new-codex\v12_fusion_comparison_package\runs\v12_fusion_comparison\v12_sum_scratch_include64train_seed2\metrics.json,1.0,1.0,1.0,1.0,1.0,1.0,1.0,0.9999436683190627,1.0,1.0,1.0,1.0,1.0,0.8957765667574932,0.8681778169014085,0.8538961038961039,0.8547979797979798,0.9005281690140845,0.8786502271252432,0.8188585607940446,0.8554137323943662,0.8480565371024735,0.9781161190909432,0.9782130281690141,0.97816889037927,0.8877220428858815,0.8526466380543634,0.8165898617511521,0.8021534320323014,0.774108322324967,0.8460829493087557,0.8218793828892006,0.7577720207253886,0.8225806451612904,0.8019191226867718,0.9627070635839994,0.9631336405529954,0.9628043842834421,0.836473498619419,0.3213507625272331,0.2580346106304079,0.26469268730372364,0.00980392156862745,0.1350432632880099,0.0069605568445475635,0.0,0.17552533992583436,0.0,0.9386531623429096,0.9323238566131026,0.9366436791602725,0.33166658843868685,,,,,,,,,,,,,,,,,,,,,,,,,,,0.0,0.42524916943521596,0.0,0.0,0.03820598006644518,0.0,0.0,0.24086378737541528,0.0,0.8280730897009967,0.8280730897009967,0.9059518400726942,0.0,0.9999436683190627,0.7887323943661971,0.7092165898617512,0.0012360939431396785,0.0024916943521594683,,
v12_fusion_comparison_package,v12_sum_scratch_include64train_seed3,stage_1a,sum,scratch,include64_train_only,3.0,53,id_val,False,634.63,C:\Users\EM328 Super\Desktop\caxton-new-codex\v12_fusion_comparison_package\runs\v12_fusion_comparison\v12_sum_scratch_include64train_seed3\metrics.json,1.0,0.9999436683190627,1.0,0.999314833847208,0.9997746732762506,0.9996572995202193,1.0,0.9997746732762506,1.0,0.9999401985408444,0.9999436683190627,0.9999423118640619,0.999828708461802,0.9107629427792916,0.8397887323943662,0.8382445141065831,0.7828282828282829,0.8697183098591549,0.8330534094726234,0.8058312655086849,0.8336267605633803,0.8386055519690122,0.9663978262575652,0.9665492957746479,0.9664404748455531,0.869506122065798,0.8512160228898427,0.7788018433179723,0.7732293697205979,0.6803170409511229,0.8059907834101383,0.753474762253109,0.7215025906735751,0.7903225806451613,0.7688060731538993,0.953821075232706,0.9539170506912442,0.9535771410327136,0.8062009641486946,0.47058823529411764,0.3516687268232386,0.39344262295081966,0.023965141612200435,0.1180469715698393,0.01926444833625219,0.0,0.3121137206427689,0.0,0.8445640059056667,0.8272558714462299,0.832910846346118,0.37206742860718994,,,,,,,,,,,,,,,,,,,,,,,,,,,0.0,0.53156146179402,0.0,0.0,0.05813953488372093,0.0,0.0,0.5506644518272426,0.0,0.5465116279069767,0.5465116279069767,0.706766917293233,0.0,0.9995493465525012,0.738556338028169,0.6474654377880185,0.0040173053152039555,0.01079734219269103,,
v13_moco_fusion_package,v13_gmu_moco_pretrained_include64train_seed1,stage_b,gmu,moco_pretrained,include64_train_only,1.0,49,id_val,False,3985.11,C:\Users\EM328 Super\Desktop\caxton-new-codex\v13_moco_fusion_package\runs\v13_moco_fusion\v13_gmu_moco_pretrained_include64train_seed1\metrics.json,0.9983428466212484,0.9960567823343849,0.9946798752522473,0.9910928400137033,0.9967327625056331,0.99509846074469,0.9951100244498777,0.9943668319062641,0.9943234892577423,0.9997237662464259,0.9997183415953133,0.9997124072430706,0.9960959746967737,0.9693460490463215,0.902068661971831,0.9136436597110755,0.851010101010101,0.9256161971830986,0.900768459739392,0.8734491315136477,0.8824823943661971,0.8753497046938142,0.9822361021809977,0.9826144366197183,0.9822920248281409,0.9195283532027886,0.8726752503576538,0.8078341013824885,0.8271186440677966,0.7582562747688243,0.8566820276497696,0.8229390681003584,0.7940414507772021,0.8046082949308756,0.788931788931789,0.9558364017240367,0.956221198156682,0.9556041022031585,0.8476994103949393,0.5740740740740741,0.538627935723115,0.5559071729957806,0.0032679738562091504,0.17088998763906058,0.002557544757033248,0.0,0.09672435105067985,0.0,0.727308503893828,0.696229913473424,0.6702298820078941,0.39321342939729254,,,,,,,,,,,,,,,,,,,,,,,,,,,0.0,0.9759136212624585,0.0,0.0,0.11378737541528239,0.0,0.0,0.19601328903654486,0.0,0.19186046511627908,0.19186046511627908,0.3219512195121952,0.0,0.9909305993690851,0.8393485915492958,0.7142857142857143,0.0,0.0,,
v13_moco_fusion_package,v13_gmu_moco_pretrained_include64train_seed2,stage_b,gmu,moco_pretrained,include64_train_only,2.0,72,id_val,False,5369.39,C:\Users\EM328 Super\Desktop\caxton-new-codex\v13_moco_fusion_package\runs\v13_moco_fusion\v13_gmu_moco_pretrained_include64train_seed2\metrics.json,0.9983428466212484,0.9990986931050022,0.998894620486367,0.999657416923604,0.9997746732762506,0.999657416923604,0.9988494175176182,0.9989860297431276,0.9992086900223006,0.999888851839502,0.9998873366381252,0.9998846259203343,0.9992124202656176,0.9502724795640327,0.9181338028169014,0.9150541161036405,0.9071969696969697,0.9368397887323944,0.9238187078109933,0.9106699751861043,0.9011883802816901,0.9053345667591736,0.9809270953565695,0.981294014084507,0.9810999077153459,0.9377552555411632,0.8483547925608012,0.8345622119815668,0.8316970546984572,0.8005284015852048,0.8608294930875576,0.8416666666666667,0.805699481865285,0.8087557603686636,0.8025806451612902,0.9451381736303293,0.9456221198156682,0.9448393411106899,0.853987422346062,0.6416122004357299,0.5448084054388134,0.5943491422805248,0.0054466230936819175,0.1919035846724351,0.004203446826397646,0.0,0.11495673671199011,0.0,0.7437068308303781,0.7144622991347342,0.6965479523337157,0.410418206780019,,,,,,,,,,,,,,,,,,,,,,,,,,,0.0,0.9426910299003323,0.0,0.0,0.13704318936877077,0.0,0.0,0.2724252491694352,0.0,0.23920265780730898,0.23920265780730898,0.386058981233244,0.0,0.9982537178909419,0.856294014084507,0.7258064516129032,0.0006180469715698393,0.0,,
v13_moco_fusion_package,v13_gmu_moco_pretrained_include64train_seed3,stage_b,gmu,moco_pretrained,include64_train_only,3.0,32,id_val,False,3006.38,C:\Users\EM328 Super\Desktop\caxton-new-codex\v13_moco_fusion_package\runs\v13_moco_fusion\v13_gmu_moco_pretrained_include64train_seed3\metrics.json,0.9823236972933161,0.9843961243803515,0.9830477243412566,0.9806440561836245,0.9899166291122127,0.986643688065489,0.9719545519919459,0.9809598918431726,0.9814828262290319,0.9974911226756292,0.9974650743578188,0.9974147744431955,0.9834069517717524,0.9502724795640327,0.8912852112676056,0.9037900874635569,0.8573232323232324,0.922975352112676,0.899337748344371,0.8629032258064516,0.8809419014084507,0.8784338490685191,0.9804163804708098,0.9806338028169014,0.9804049337338423,0.9144150339954691,0.8483547925608012,0.7976958525345622,0.8173673328738801,0.7476882430647291,0.8557603686635945,0.8173285198555957,0.7694300518134715,0.7852534562211981,0.7785058977719528,0.9550502787232357,0.9557603686635945,0.9550913495175496,0.8324529672535097,0.664488017429194,0.568912237330037,0.6149193548387096,0.0032679738562091504,0.15636588380716934,0.002508361204013378,0.0,0.10043263288009889,0.0,0.8119813776778037,0.7907911001236094,0.7929036344633696,0.4153680822019612,,,,,,,,,,,,,,,,,,,,,,,,,,,0.0,0.9601328903654485,0.0,0.0,0.11378737541528239,0.0,0.0,0.23588039867109634,0.0,0.4476744186046512,0.4476744186046512,0.6184738955823293,0.0,0.9676092834610185,0.8215228873239436,0.6870967741935484,0.0006180469715698393,0.0016611295681063123,,
v13_moco_fusion_package,v13_gmu_moco_pretrained_include64train_seed4,stage_b,gmu,moco_pretrained,include64_train_only,4.0,67,id_val,False,5058.83,C:\Users\EM328 Super\Desktop\caxton-new-codex\v13_moco_fusion_package\runs\v13_moco_fusion\v13_gmu_moco_pretrained_include64train_seed4\metrics.json,0.9996317436936107,0.9987607030193781,0.9988960441582337,0.9965741692360397,0.9987607030193781,0.9981985073346487,1.0,0.998422712933754,0.9987072680264292,1.0,1.0,1.0,0.9990514782324126,0.976158038147139,0.920774647887324,0.9218398198777742,0.8882575757575758,0.9324383802816901,0.918407310704961,0.9205955334987593,0.9005281690140845,0.8996665656259472,0.9819463257885683,0.9823943661971831,0.982236128953225,0.9412599195184862,0.894134477825465,0.8225806451612904,0.8394895903290799,0.7793923381770145,0.864516129032258,0.8416547788873039,0.8316062176165803,0.8165898617511521,0.8116308470290771,0.950481286461096,0.9511520737327189,0.9507117656502321,0.864767656621704,0.5098039215686274,0.5089616810877626,0.5016077170418006,0.0032679738562091504,0.19746600741656367,0.0026143790849673205,0.0,0.12330037082818295,0.0,0.7183480129263637,0.6860321384425216,0.653512840788765,0.3780435573391535,,,,,,,,,,,,,,,,,,,,,,,,,,,0.0,0.9609634551495017,0.0,0.0,0.15614617940199335,0.0,0.0,0.27740863787375414,0.0,0.16029900332225913,0.16029900332225913,0.2763063707945598,0.0,0.9971834159531321,0.8569542253521126,0.7216589861751153,0.0,0.0,,
v13_moco_fusion_package,v13_gmu_moco_pretrained_include64train_seed5,stage_b,gmu,moco_pretrained,include64_train_only,5.0,30,id_val,False,2596.17,C:\Users\EM328 Super\Desktop\caxton-new-codex\v13_moco_fusion_package\runs\v13_moco_fusion\v13_gmu_moco_pretrained_include64train_seed5\metrics.json,0.9740379303995581,0.9831568273997296,0.9819936885093744,0.9940047961630696,0.9910995944118972,0.9876606246276912,0.9825974399539767,0.9806782334384858,0.9815386825659077,0.9990601505787797,0.9990423614240649,0.9990220626718408,0.9875386824058501,0.946866485013624,0.924955985915493,0.9217506631299734,0.8882575757575758,0.9271566901408451,0.9157175398633257,0.9044665012406948,0.8974471830985915,0.8961278426551936,0.9818078982245545,0.9819542253521126,0.9816629967218082,0.9320445734558981,0.8497854077253219,0.8271889400921659,0.8325157673440784,0.7727873183619551,0.8608294930875576,0.8351177730192719,0.8303108808290155,0.8221198156682028,0.8119062697910069,0.956043900168179,0.956221198156682,0.9556569722701426,0.8554200101986125,0.5435729847494554,0.5417181705809642,0.5474492594624246,0.004357298474945534,0.17119901112484548,0.0032935364347468094,0.0,0.1100123609394314,0.0,0.7233537687254058,0.6915945611866502,0.6618282861810195,0.3869825708061002,,,,,,,,,,,,,,,,,,,,,,,,,,,0.0,0.989202657807309,0.0,0.0,0.11794019933554817,0.0,0.0,0.24916943521594684,0.0,0.1744186046511628,0.1744186046511628,0.297029702970297,0.0,0.9695245606128887,0.8439700704225352,0.7152073732718894,0.0,0.0,,
v13_moco_fusion_package,v13_gmu_scratch_include64train_seed1,stage_a,gmu,scratch,include64_train_only,1.0,59,id_val,False,3160.18,C:\Users\EM328 Super\Desktop\caxton-new-codex\v13_moco_fusion_package\runs\v13_moco_fusion\v13_gmu_scratch_include64train_seed1\metrics.json,0.9924507457190205,0.9947611536728256,0.9933652782897162,0.9950325453922576,0.9969580892293826,0.9961416445168482,0.9945347332086869,0.9936345200540784,0.993106419646704,0.9995502258955365,0.9995493465525012,0.9995401837583228,0.995423599931124,0.9509536784741145,0.9390404929577465,0.9356568364611261,0.913510101010101,0.9491637323943662,0.936569579288026,0.9156327543424317,0.9196742957746479,0.9125193199381763,0.9902504513990964,0.9903169014084507,0.9902240523775364,0.9437759166235662,0.8812589413447782,0.8940092165898618,0.8856937455068297,0.869220607661823,0.9216589861751152,0.9094678645473393,0.8562176165803109,0.883410138248848,0.8668852459016393,0.9823357042591078,0.9820276497695852,0.9819805778512406,0.901302820371468,0.4095860566448802,0.37669962917181704,0.39558127301420304,0.0032679738562091504,0.09672435105067985,0.0021723388848660387,0.0,0.049443757725587144,0.0,0.7874573965592311,0.7629789864029666,0.759174283098537,0.3529890911082167,,,,,,,,,,,,,,,,,,,,,,,,,,,0.0,0.6818936877076412,0.0,0.0,0.009136212624584718,0.0,0.0,0.09883720930232558,0.0,0.3654485049833887,0.3654485049833887,0.5352798053527981,0.0,0.9897476340694006,0.8959066901408451,0.8382488479262673,0.0006180469715698393,0.0008305647840531562,,
v13_moco_fusion_package,v13_gmu_scratch_include64train_seed2,stage_a,gmu,scratch,include64_train_only,2.0,52,id_val,False,2977.63,C:\Users\EM328 Super\Desktop\caxton-new-codex\v13_moco_fusion_package\runs\v13_moco_fusion\v13_gmu_scratch_include64train_seed2\metrics.json,0.9915301049530473,0.9952681388012619,0.9938174771615761,0.9984583761562179,0.9976904010815683,0.9970067561789104,0.9900762260894578,0.9938598467778279,0.9941512022528702,0.9997237662464259,0.9997183415953133,0.9997124072430706,0.9949757237252471,0.94141689373297,0.9357394366197183,0.937584803256445,0.9368686868686869,0.9518045774647887,0.947334822853495,0.8982630272952854,0.9240757042253521,0.9170360987967068,0.9903019693547529,0.9903169014084507,0.9903574123094009,0.9436022019029089,0.8640915593705293,0.8797235023041474,0.876632801161103,0.8771466314398944,0.9142857142857143,0.9034013605442177,0.7927461139896373,0.8764976958525346,0.8458880442294402,0.9807044060078406,0.9806451612903225,0.9807018947315079,0.8820101920989751,0.4455337690631808,0.41594561186650186,0.44120819848975185,0.0,0.09517923362175525,0.0,0.0,0.0534610630407911,0.0,0.8518378793210742,0.834672435105068,0.8402988697643446,0.3609346092316839,,,,,,,,,,,,,,,,,,,,,,,,,,,0.0,0.7375415282392026,0.0,0.0,0.015780730897009966,0.0,0.0,0.0888704318936877,0.0,0.5573089700996677,0.5573089700996677,0.7157333333333333,0.0,0.991212257773772,0.8992077464788732,0.8327188940092166,0.0,0.0,,
v13_moco_fusion_package,v13_gmu_scratch_include64train_seed3,stage_a,gmu,scratch,include64_train_only,3.0,56,id_val,False,2780.38,C:\Users\EM328 Super\Desktop\caxton-new-codex\v13_moco_fusion_package\runs\v13_moco_fusion\v13_gmu_scratch_include64train_seed3\metrics.json,0.9931872583317989,0.9936345200540784,0.9925476124758487,0.9933196300102775,0.9971270842721947,0.9961350167482608,0.9900762260894578,0.9923952230734565,0.9921452763565611,0.999491378519946,0.9994930148715637,0.9994824625219572,0.9941457786078836,0.946866485013624,0.9383802816901409,0.9395065900642108,0.9116161616161617,0.9502640845070423,0.9355361192095886,0.9057071960297767,0.9225352112676056,0.916222152494509,0.9909111945061757,0.9909771126760564,0.9908421601687643,0.9392642937604683,0.8726752503576538,0.8875576036866359,0.8827785817655572,0.845442536327609,0.9059907834101383,0.8852005532503459,0.844559585492228,0.8774193548387097,0.867598137059215,0.9840738572754324,0.9838709677419355,0.9838465463959682,0.8884405168928126,0.5119825708061002,0.4236711990111248,0.5024051309460181,0.0010893246187363835,0.10321384425216316,0.0006942034015966678,0.0,0.050061804697156986,0.0,0.8223634845841868,0.8019159456118665,0.8047251814133163,0.37826797385620914,,,,,,,,,,,,,,,,,,,,,,,,,,,0.0,0.7267441860465116,0.0,0.0,0.026578073089700997,0.0,0.0,0.02574750830564784,0.0,0.4692691029900332,0.4692691029900332,0.6387789711701527,0.0,0.9892969806219017,0.9005281690140845,0.8304147465437788,0.00030902348578491963,0.0008305647840531562,,
v13_moco_fusion_package,v13_gmu_scratch_include64train_seed4,stage_a,gmu,scratch,include64_train_only,4.0,51,id_val,False,2683.37,C:\Users\EM328 Super\Desktop\caxton-new-codex\v13_moco_fusion_package\runs\v13_moco_fusion\v13_gmu_scratch_include64train_seed4\metrics.json,0.9819554409869269,0.9901982875168995,0.9901596732268845,0.9991435423090099,0.9950428120775124,0.9929355689845945,0.9905076945203509,0.9896913023884633,0.9892982834159305,1.0,1.0,1.0,0.992901669454072,0.9400544959128065,0.9579665492957746,0.9500860585197933,0.9577020202020202,0.9683098591549296,0.9613434727503168,0.9416873449131513,0.9498239436619719,0.9478613799562908,0.9922887243216402,0.9922975352112676,0.9923654618803072,0.9593260151856678,0.8483547925608012,0.9096774193548387,0.8917293233082707,0.9141347424042272,0.9341013824884793,0.9251336898395722,0.8704663212435233,0.908294930875576,0.8924302788844621,0.9803385912859236,0.9801843317972351,0.9800785888069895,0.9074960220016178,0.35838779956427014,0.40327564894932016,0.39590854392298436,0.0,0.10043263288009889,0.0,0.0,0.056551297898640294,0.0,0.8003875968992248,0.7771940667490729,0.7760414834575989,0.33959694989106753,,,,,,,,,,,,,,,,,,,,,,,,,,,0.0,0.7956810631229236,0.0,0.0,0.007475083056478406,0.0,0.0,0.0681063122923588,0.0,0.4011627906976744,0.4011627906976744,0.5726141078838174,0.0,0.9850157728706624,0.9284771126760564,0.8654377880184332,0.0,0.0,,
v13_moco_fusion_package,v13_gmu_scratch_include64train_seed5,stage_a,gmu,scratch,include64_train_only,5.0,27,id_val,False,1876.1,C:\Users\EM328 Super\Desktop\caxton-new-codex\v13_moco_fusion_package\runs\v13_moco_fusion\v13_gmu_scratch_include64train_seed5\metrics.json,0.9576505247652366,0.9727917981072555,0.9733320857116122,0.9977732100034258,0.9815232086525462,0.9750585872112487,0.9720983748022436,0.9702568724650743,0.9696578437701743,0.9986558591490812,0.9986480396575034,0.9986216435818882,0.9817187150949919,0.9461852861035422,0.9533450704225352,0.9481228668941981,0.976010101010101,0.9654489436619719,0.9599503259857187,0.923697270471464,0.9350792253521126,0.9291731669266771,0.9939174948131247,0.9938380281690141,0.9938346249712396,0.9612948477058346,0.8526466380543634,0.9101382488479263,0.8942235558889722,0.9445178335535006,0.9410138248847926,0.9285714285714285,0.8886010362694301,0.908294930875576,0.9026315789473686,0.9807824244735532,0.9806451612903225,0.9805360329840433,0.9195840218430233,0.2886710239651416,0.3838071693448702,0.3341740226986129,0.013071895424836602,0.09023485784919653,0.008565310492505354,0.0,0.10877626699629171,0.0,0.7787247543289495,0.7533992583436341,0.747338274411069,0.3254357298474945,,,,,,,,,,,,,,,,,,,,,,,,,,,0.0,0.7931893687707641,0.0,0.0,0.004152823920265781,0.0,0.0,0.10548172757475083,0.0,0.34136212624584716,0.34136212624584716,0.5089783281733745,0.0,0.9558359621451105,0.9099911971830986,0.8571428571428571,0.0,0.0,,
v13_moco_fusion_package,v13_sum_moco_pretrained_include64train_seed1,stage_b,sum,moco_pretrained,include64_train_only,1.0,68,id_val,False,3216.52,C:\Users\EM328 Super\Desktop\caxton-new-codex\v13_moco_fusion_package\runs\v13_moco_fusion\v13_sum_moco_pretrained_include64train_seed1\metrics.json,0.9966856932424968,0.9975777377196936,0.9971446992723588,0.9970880438506338,0.9983100495718792,0.9976006855184233,0.9952538472601755,0.9948174853537629,0.9956834532374101,0.9999401985408444,0.9999436683190627,0.9999431300534901,0.9972568960883266,0.9693460490463215,0.8941461267605634,0.9029187817258884,0.8832070707070707,0.924955985915493,0.9093272668183295,0.913151364764268,0.8710387323943662,0.8819652486518873,0.9773800928892339,0.9777728873239436,0.9775495955092134,0.9376814706301283,0.8855507868383404,0.7907834101382488,0.8150098749177089,0.7357992073976222,0.823963133640553,0.7823033707865168,0.810880829015544,0.7792626728110599,0.789407313997478,0.9382213616482487,0.9387096774193548,0.9380904691839714,0.8476565171055959,0.3888888888888889,0.4357231149567367,0.3615189873417722,0.02505446623093682,0.161619283065513,0.020157756354075372,0.0,0.19932014833127318,0.0,0.9066401808644754,0.896477132262052,0.9027573648776239,0.35079284057528853,,,,,,,,,,,,,,,,,,,,,,,,,,,0.0,0.8372093023255814,0.0,0.0,0.07973421926910298,0.0,0.0,0.313953488372093,0.0,0.7350498338870431,0.7350498338870431,0.8472953566299665,0.0,0.9920572329878323,0.7984154929577465,0.6387096774193548,0.005253399258343634,0.011627906976744186,,
v13_moco_fusion_package,v13_sum_moco_pretrained_include64train_seed2,stage_b,sum,moco_pretrained,include64_train_only,2.0,54,id_val,False,2899.28,C:\Users\EM328 Super\Desktop\caxton-new-codex\v13_moco_fusion_package\runs\v13_moco_fusion\v13_sum_moco_pretrained_include64train_seed2\metrics.json,0.9918983612594365,0.9943105002253267,0.9923551625679286,0.9960602946214457,0.9952118071203244,0.9935924818453652,0.9889256436070761,0.9910995944118972,0.991492429704398,0.99967473875686,0.9996620099143758,0.999660091143928,0.9940188094998214,0.9536784741144414,0.8835827464788732,0.8894536213468869,0.8901515151515151,0.9163732394366197,0.9032671364509928,0.8951612903225806,0.8688380281690141,0.8839203675344565,0.9760535781799092,0.9764524647887324,0.9761965134309399,0.9302899026360787,0.8655221745350501,0.7617511520737327,0.7791371538956858,0.7384412153236459,0.8147465437788018,0.7829131652661063,0.8044041450777202,0.7829493087557604,0.7992277992277991,0.9306176906934761,0.9313364055299539,0.9303786481720945,0.838718926824743,0.42701525054466233,0.46508034610630405,0.41746538871139505,0.027233115468409588,0.15605686032138444,0.021496130696474637,0.0,0.19066749072929542,0.0,0.906763681230096,0.8967861557478368,0.902824880983073,0.36019584374743313,,,,,,,,,,,,,,,,,,,,,,,,,,,0.0,0.8629568106312292,0.0,0.0,0.057308970099667775,0.0,0.0,0.329734219269103,0.0,0.739202657807309,0.739202657807309,0.8500477554918816,0.0,0.9842271293375394,0.7891725352112676,0.6156682027649769,0.0064894932014833125,0.011627906976744186,,
v13_moco_fusion_package,v13_sum_moco_pretrained_include64train_seed3,stage_b,sum,moco_pretrained,include64_train_only,3.0,40,id_val,False,3494.72,C:\Users\EM328 Super\Desktop\caxton-new-codex\v13_moco_fusion_package\runs\v13_moco_fusion\v13_sum_moco_pretrained_include64train_seed3\metrics.json,0.9847173632848463,0.987438035150969,0.9844454670961804,0.9914354230900994,0.989803965750338,0.9874605476413887,0.9860491874011218,0.9781433077963047,0.9807596023174308,0.9990608331428854,0.9990423614240649,0.9990245928105522,0.990307774997415,0.9386920980926431,0.8893045774647887,0.8896061975468045,0.8920454545454546,0.9102112676056338,0.8968581402729293,0.9044665012406948,0.8675176056338029,0.8799034399517199,0.9766292961100889,0.977112676056338,0.9768552161974414,0.9279165626851047,0.8483547925608012,0.7857142857142857,0.7975790181573638,0.7371202113606341,0.8138248847926267,0.779874213836478,0.8277202072538861,0.7930875576036867,0.7982510930668332,0.9383077970475465,0.9391705069124424,0.9381995354283158,0.8388114328086892,0.4084967320261438,0.40451174289245984,0.3628447024673439,0.020697167755991286,0.1773794808405439,0.015510204081632653,0.0,0.15049443757725586,0.0,0.9214071382182584,0.9134734239802225,0.919061566129403,0.352585728087365,,,,,,,,,,,,,,,,,,,,,,,,,,,0.0,0.7018272425249169,0.0,0.0,0.10215946843853821,0.0,0.0,0.23920265780730898,0.0,0.7906976744186046,0.7906976744186046,0.8831168831168831,0.0,0.9633280757097792,0.7750880281690141,0.6253456221198157,0.0077255871446229914,0.016611295681063124,,
v13_moco_fusion_package,v13_sum_moco_pretrained_include64train_seed4,stage_b,sum,moco_pretrained,include64_train_only,4.0,47,id_val,False,2664.87,C:\Users\EM328 Super\Desktop\caxton-new-codex\v13_moco_fusion_package\runs\v13_moco_fusion\v13_sum_moco_pretrained_include64train_seed4\metrics.json,0.9826919535997054,0.990592609283461,0.9879674194742688,0.9905789653991093,0.9926768814781433,0.991343104482729,0.982453617143679,0.9829878323569176,0.9857854102027563,0.9989372743651271,0.9989296980621902,0.9989065635013041,0.9888906809611897,0.9455040871934605,0.8488116197183099,0.8762626262626262,0.8295454545454546,0.894806338028169,0.8716417910447761,0.8672456575682382,0.8347271126760564,0.8470160557406847,0.9779207950496206,0.9784330985915493,0.9779384739473613,0.9046893490421949,0.8726752503576538,0.7451612903225806,0.7876049063912202,0.6565389696169088,0.7976958525345622,0.7462462462462461,0.7823834196891192,0.7428571428571429,0.7592708988057825,0.9423171309690752,0.9428571428571428,0.9421316415587494,0.8156408660823394,0.45751633986928103,0.4292336217552534,0.40038131553860823,0.008714596949891068,0.20086526576019778,0.007812500000000002,0.0,0.23516687268232386,0.0,0.8852126741334363,0.872991347342398,0.8796638417032892,0.36431356903423645,,,,,,,,,,,,,,,,,,,,,,,,,,,0.0,0.7632890365448505,0.0,0.0,0.11461794019933555,0.0,0.0,0.4568106312292359,0.0,0.6744186046511628,0.6744186046511628,0.8055555555555556,0.0,0.9723411446597566,0.7392165492957746,0.580184331797235,0.00865265760197775,0.020764119601328904,,
v13_moco_fusion_package,v13_sum_moco_pretrained_include64train_seed5,stage_b,sum,moco_pretrained,include64_train_only,5.0,48,id_val,False,3940.33,C:\Users\EM328 Super\Desktop\caxton-new-codex\v13_moco_fusion_package\runs\v13_moco_fusion\v13_sum_moco_pretrained_include64train_seed5\metrics.json,0.9902412078806849,0.9923952230734565,0.9906060047890957,0.9958890030832477,0.9941415051825147,0.9927431059506532,0.9882065295555875,0.9872127084272194,0.9889888449082405,0.9994001416509567,0.9993803515096891,0.9993734027358127,0.9933010136088445,0.9632152588555858,0.8642165492957746,0.875,0.8598484848484849,0.9130721830985915,0.8951692408807098,0.8957816377171216,0.8507922535211268,0.8649296196466006,0.9792134876296394,0.9799735915492958,0.9797042305337818,0.9220437276662824,0.9055793991416309,0.755299539170507,0.7897691827822833,0.6948480845442536,0.8152073732718894,0.7639796659404502,0.8018134715025906,0.7585253456221198,0.7727840199750311,0.9457079012977999,0.9470046082949308,0.9464562753261966,0.8323581585593773,0.3812636165577342,0.399876390605686,0.34013605442176875,0.023965141612200435,0.17119901112484548,0.020342117429496067,0.0,0.21137206427688504,0.0,0.9267834893255994,0.919035846724351,0.9241825169581864,0.34794094178664886,,,,,,,,,,,,,,,,,,,,,,,,,,,0.0,0.7400332225913622,0.0,0.0,0.04318936877076412,0.0,0.0,0.36710963455149503,0.0,0.7981727574750831,0.7981727574750831,0.8877598152424941,0.0,0.978199639477242,0.7647447183098591,0.6147465437788019,0.006180469715698393,0.015780730897009966,,
v13_moco_fusion_package,v13_sum_scratch_include64train_seed1,stage_a,sum,scratch,include64_train_only,1.0,62,id_val,False,2301.19,C:\Users\EM328 Super\Desktop\caxton-new-codex\v13_moco_fusion_package\runs\v13_moco_fusion\v13_sum_scratch_include64train_seed1\metrics.json,0.9882157981955441,0.9903672825597116,0.9860371118868272,0.9960602946214457,0.9952681388012619,0.9945271079185908,0.9870559470732058,0.9875506985128436,0.9901890059154522,0.9987904634158887,0.9987607030193781,0.998742129058671,0.9925093853770797,0.9434604904632152,0.9115316901408451,0.9111842105263157,0.9097222222222222,0.9284771126760564,0.9187121453618107,0.890818858560794,0.889524647887324,0.8983421958085706,0.9863941532563686,0.9865757042253521,0.9865177535630533,0.9331473257644822,0.8798283261802575,0.8566820276497696,0.8547602501737318,0.845442536327609,0.8875576036866359,0.8719346049046321,0.8290155440414507,0.8548387096774194,0.849369608493696,0.9800902541102623,0.9801843317972351,0.9802695432329672,0.884856891384729,0.2690631808278867,0.30716934487021014,0.26502145922746784,0.014161220043572984,0.09672435105067985,0.009882174078297225,0.0,0.12978986402966625,0.0,0.9062281606788325,0.8955500618046972,0.9016928095090866,0.32058168370080925,,,,,,,,,,,,,,,,,,,,,,,,,,,0.0,0.5838870431893688,0.0,0.0,0.01079734219269103,0.0,0.0,0.21096345514950166,0.0,0.7217607973421927,0.7217607973421927,0.8383984563434635,0.0,0.9783686345200541,0.829225352112676,0.7608294930875577,0.0006180469715698393,0.0008305647840531562,,
v13_moco_fusion_package,v13_sum_scratch_include64train_seed2,stage_a,sum,scratch,include64_train_only,2.0,58,id_val,False,3611.13,C:\Users\EM328 Super\Desktop\caxton-new-codex\v13_moco_fusion_package\runs\v13_moco_fusion\v13_sum_scratch_include64train_seed2\metrics.json,0.9861903885104032,0.9887899954934656,0.9910259968544731,0.9974306269270298,0.9910995944118972,0.9872838250254324,0.9897885804688623,0.9860297431275349,0.9860305179454115,0.9996639647872704,0.9996620099143758,0.9996547191182091,0.9933119459021402,0.9209809264305178,0.9245158450704225,0.9178547182620502,0.9362373737373737,0.9463028169014085,0.9365329965266814,0.9205955334987593,0.9095510563380281,0.9160493827160494,0.9883994218071858,0.988556338028169,0.9885376931790907,0.942313658131356,0.8655221745350501,0.8723502304147466,0.856334041047417,0.8599735799207398,0.9046082949308756,0.8845108695652173,0.8264248704663213,0.8691244239631336,0.8615800135043888,0.976469360124023,0.9764976958525345,0.9765379601248508,0.8853798590537076,0.19389978213507625,0.20951792336217553,0.17632491332342745,0.013071895424836602,0.1053770086526576,0.0098159509202454,0.0,0.20673671199011126,0.0,0.9000468269828262,0.8890605686032138,0.8953629669018014,0.3012940863558669,,,,,,,,,,,,,,,,,,,,,,,,,,,0.0,0.37624584717607973,0.0,0.0,0.020764119601328904,0.0,0.0,0.3272425249169435,0.0,0.7084717607973422,0.7084717607973422,0.8293631502187652,0.0,0.9761716989634971,0.8576144366197183,0.7880184331797235,0.0012360939431396785,0.0033222591362126247,,
v13_moco_fusion_package,v13_sum_scratch_include64train_seed3,stage_a,sum,scratch,include64_train_only,3.0,53,id_val,False,3451.96,C:\Users\EM328 Super\Desktop\caxton-new-codex\v13_moco_fusion_package\runs\v13_moco_fusion\v13_sum_scratch_include64train_seed3\metrics.json,0.9815871846805376,0.9872690401081569,0.9831258644536653,0.9900650907845152,0.9926205497972059,0.9895565827769218,0.9805839206098087,0.9807345651194231,0.98405138197301,0.9992141906828067,0.999211356466877,0.9991978572212786,0.9879376897954144,0.9393732970027248,0.9245158450704225,0.9196398799599866,0.9128787878787878,0.9434419014084507,0.9302026375040204,0.892059553349876,0.9058098591549296,0.911568938193344,0.9919674521060342,0.9920774647887324,0.9921011795524967,0.9350080094151938,0.8698140200286123,0.8672811059907835,0.8642501776830135,0.8177014531043593,0.8944700460829493,0.8681626928471249,0.8069948186528497,0.8663594470046083,0.8604972375690608,0.9773357809368858,0.9774193548387097,0.9774588616196082,0.8702843337191151,0.2559912854030501,0.29480840543881337,0.25952512424075097,0.0196078431372549,0.1260815822002472,0.013958898797983713,0.0,0.18355995055624227,0.0,0.9128726789512577,0.9029666254635352,0.9088119899943529,0.3186753656180206,,,,,,,,,,,,,,,,,,,,,,,,,,,0.0,0.5697674418604651,0.0,0.0,0.03986710963455149,0.0,0.0,0.19352159468438537,0.0,0.7416943521594684,0.7416943521594684,0.8516928946113494,0.0,0.968792248760703,0.8578345070422535,0.7695852534562212,0.001854140914709518,0.0024916943521594683,,
v13_moco_fusion_package,v13_sum_scratch_include64train_seed4,stage_a,sum,scratch,include64_train_only,4.0,63,id_val,False,3748.57,C:\Users\EM328 Super\Desktop\caxton-new-codex\v13_moco_fusion_package\runs\v13_moco_fusion\v13_sum_scratch_include64train_seed4\metrics.json,0.9902412078806849,0.993578188373141,0.992708814028611,0.9977732100034258,0.996225777377197,0.9947912219281017,0.9933841507263051,0.9907052726453357,0.9922424938945553,0.9994433051139451,0.9994366831906264,0.9994248533996345,0.9952687360037367,0.9611716621253406,0.9421214788732394,0.9304319155951202,0.9419191919191919,0.9566461267605634,0.9500159184972938,0.9516129032258065,0.9258362676056338,0.932806324110672,0.990947215975002,0.9909771126760564,0.9910966932953752,0.9629626725558158,0.9170243204577968,0.8843317972350231,0.8786840301576422,0.8745046235138706,0.9129032258064517,0.905608755129959,0.8821243523316062,0.8811059907834101,0.8844155844155844,0.9767132121057222,0.9764976958525345,0.9767511724513822,0.9165559689495183,0.1840958605664488,0.2342398022249691,0.18017057569296374,0.0196078431372549,0.11835599505562423,0.014981273408239699,0.0,0.26019777503090236,0.0,0.8901428788569691,0.8782447466007417,0.884707571470514,0.30092592592592593,,,,,,,,,,,,,,,,,,,,,,,,,,,0.0,0.4792358803986711,0.0,0.0,0.018272425249169437,0.0,0.0,0.3338870431893688,0.0,0.6802325581395349,0.6802325581395349,0.809688581314879,0.0,0.9838328075709779,0.8853433098591549,0.8018433179723502,0.002472187886279357,0.0024916943521594683,,
v13_moco_fusion_package,v13_sum_scratch_include64train_seed5,stage_a,sum,scratch,include64_train_only,5.0,54,id_val,False,3034.62,C:\Users\EM328 Super\Desktop\caxton-new-codex\v13_moco_fusion_package\runs\v13_moco_fusion\v13_sum_scratch_include64train_seed5\metrics.json,0.9913459767998527,0.9939725101397026,0.992533874089778,0.998972250770812,0.9967890941865706,0.9967526918475474,0.9942470875880914,0.9917755745831456,0.9939611790079078,0.9993886851172613,0.9993803515096891,0.9993654782181663,0.996141328789689,0.9598092643051771,0.9496038732394366,0.9450033534540577,0.9551767676767676,0.960387323943662,0.9494822717288987,0.9385856079404467,0.9346390845070423,0.9415059116365899,0.9960914931106452,0.9960387323943662,0.9960569629470216,0.9630362765997134,0.9155937052932761,0.9,0.8976157082748948,0.8903566710700133,0.9267281105990783,0.9108108108108108,0.883419689119171,0.8953917050691245,0.8997361477572561,0.9860133711486633,0.9857142857142858,0.9857993582296807,0.9219710453453551,0.1721132897603486,0.2234239802224969,0.16989247311827957,0.007625272331154684,0.103831891223733,0.005647438483259378,0.0,0.20179233621755252,0.0,0.8757102324133789,0.861557478368356,0.868003290773521,0.2949346405228758,,,,,,,,,,,,,,,,,,,,,,,,,,,0.0,0.46511627906976744,0.0,0.0,0.008305647840531562,0.0,0.0,0.37375415282392027,0.0,0.6303986710963455,0.6303986710963455,0.7733061640346408,0.0,0.9855227579990987,0.8952464788732394,0.8262672811059908,0.0,0.0,,
v13c_domain_adversarial_package,v13c_gmu_moco_pretrained_seed1,,gmu,moco_pretrained,include64_train_only,1.0,41,id_val,False,1231.5,C:\Users\EM328 Super\Desktop\caxton-new-codex\v13c_domain_adversarial_package\runs\v13c_domain_adv\v13c_gmu_moco_pretrained_seed1\metrics.json,0.9744061867059474,0.9878886885984678,0.9847413472273912,0.9950325453922576,0.995775123929698,0.9940109514031485,0.9805839206098087,0.9865367282559712,0.9864718223251103,0.9996512826505505,0.9996620099143758,0.9996600711682561,0.9874652101025698,0.9564032697547684,0.924955985915493,0.9301093077177874,0.9071969696969697,0.9335387323943662,0.9187979539641944,0.924317617866005,0.9095510563380281,0.9157959434542102,0.9807913699815928,0.9810739436619719,0.9808250125790696,0.9435914472110335,0.8741058655221745,0.847926267281106,0.845674740484429,0.8150594451783355,0.867741935483871,0.8463648834019204,0.8562176165803109,0.8419354838709677,0.8361796331435801,0.9504365159899538,0.9506912442396314,0.9503639890822613,0.8785448402897447,0.42919389978213507,0.4938195302843016,0.45760743321718933,0.0032679738562091504,0.14678615574783682,0.0023364485981308414,0.0,0.07509270704573548,0.0,0.7373125283898586,0.707663782447466,0.6876775958107101,0.3563201362731408,,,,,,,,,,,,,,,,,,,,,,,,,,,0.0,0.9626245847176079,0.0,0.0,0.09800664451827243,0.0,0.0,0.13870431893687707,0.0,0.22674418604651161,0.22674418604651161,0.3696682464454976,0.0,0.9801712483100495,0.8626760563380281,0.7525345622119816,0.00030902348578491963,0.0008305647840531562,,
v13c_domain_adversarial_package,v13c_gmu_moco_pretrained_seed2,,gmu,moco_pretrained,include64_train_only,2.0,46,id_val,False,1348.1,C:\Users\EM328 Super\Desktop\caxton-new-codex\v13c_domain_adversarial_package\runs\v13c_domain_adv\v13c_gmu_moco_pretrained_seed2\metrics.json,0.9907935923402689,0.9933528616493916,0.9914325195762322,0.9905789653991093,0.995775123929698,0.9940696175333046,0.9945347332086869,0.9933528616493916,0.9933917540583248,0.999398505003286,0.9993803515096891,0.9993705321769121,0.9937341042904143,0.9645776566757494,0.9205545774647887,0.9248856956237753,0.8838383838383839,0.9304577464788732,0.914435009797518,0.9323821339950372,0.9042693661971831,0.907882814859559,0.981504321835299,0.9819542253521126,0.9817791962325964,0.9400283596044681,0.8483547925608012,0.8193548387096774,0.8375706214689265,0.7886393659180978,0.8589861751152074,0.840253342716397,0.8536269430051814,0.8248847926267281,0.8216957605985037,0.9578282033066218,0.9580645161290322,0.9578680385169411,0.8648543838405595,0.41612200435729846,0.48485784919653896,0.4621899576527525,0.0010893246187363835,0.1365883807169345,0.000736105999263894,0.0,0.06736711990111248,0.0,0.7929646409228089,0.76946847960445,0.767943772197114,0.3527319166246191,,,,,,,,,,,,,,,,,,,,,,,,,,,0.0,0.967607973421927,0.0,0.0,0.08139534883720931,0.0,0.0,0.11960132890365449,0.0,0.38953488372093026,0.38953488372093026,0.5606694560669456,0.0,0.987438035150969,0.8606954225352113,0.7285714285714285,0.0,0.0,,
v13c_domain_adversarial_package,v13c_gmu_moco_pretrained_seed3,,gmu,moco_pretrained,include64_train_only,3.0,42,id_val,False,1253.14,C:\Users\EM328 Super\Desktop\caxton-new-codex\v13c_domain_adversarial_package\runs\v13c_domain_adv\v13c_gmu_moco_pretrained_seed3\metrics.json,0.9758792119315043,0.9859734114465976,0.9828465461288827,0.9931483384720795,0.9945358269490762,0.9934035809132186,0.9836041996260607,0.9860860748084723,0.9866551251532857,0.9972622797639502,0.9972397476340694,0.9971812376773396,0.9879961252096765,0.9318801089918256,0.9110915492957746,0.9123041013671224,0.8882575757575758,0.9335387323943662,0.9187071498530853,0.9007444168734491,0.8965669014084507,0.8976816074188563,0.9819611314844279,0.9821742957746479,0.9818414219434674,0.9268325082873103,0.8426323319027181,0.8225806451612904,0.8186240444753302,0.7661822985468957,0.8622119815668203,0.830945558739255,0.8082901554404145,0.8133640552995391,0.8056810845706907,0.9543731428363689,0.9543778801843318,0.9538517412631785,0.8487041310936067,0.6503267973856209,0.5512978986402967,0.6196159833938765,0.0010893246187363835,0.1415327564894932,0.0007779074290159471,0.0,0.06396786155747837,0.0,0.8324494903570566,0.8136588380716935,0.8182453830666948,0.4119563644328667,,,,,,,,,,,,,,,,,,,,,,,,,,,0.0,0.9302325581395349,0.0,0.0,0.08554817275747509,0.0,0.0,0.1345514950166113,0.0,0.5066445182724253,0.5066445182724253,0.6725468577728777,0.0,0.9753830554303741,0.8477112676056338,0.7202764976958526,0.0,0.0,,
v13d_clean_data_package,v13d_gmu_moco_pretrained_include64train_seed1,stage_a,gmu,moco_pretrained,include64_train_only,1.0,24,id_val,False,729.43,C:\Users\EM328 Super\Desktop\caxton-new-codex\v13d_clean_data_package\runs\v13d_clean_data\v13d_gmu_moco_pretrained_include64train_seed1\metrics.json,0.9916273078574496,0.9888300999412111,0.9890792291220557,0.9884732492387994,0.9905202821869489,0.988365771447211,0.9770140593617496,0.97935038212816,0.9790897908979089,0.9974304627987087,0.9975014697236919,0.9974616815003522,0.9890628112481064,0.9836065573770492,0.9384615384615385,0.9531772575250835,0.8810172570390554,0.9394230769230769,0.9185606060606061,0.880801687763713,0.9076923076923077,0.8925708177445216,0.9860139093830312,0.9862179487179488,0.985777891826371,0.9345596609658989,0.9208494208494209,0.8678847505270555,0.8991517436380774,0.8306772908366534,0.8854532677442024,0.8678459937565037,0.7852193995381063,0.8678847505270555,0.8232445520581113,0.9723826339067472,0.9725931131412509,0.9720957049233045,0.8790844869897186,0.7063953488372093,0.31442524417731027,0.6344647519582246,0.00436046511627907,0.5480841472577009,0.005633802816901409,0.1534839924670433,0.28287002253944404,0.20477386934673364,0.6520710348441506,0.5864012021036814,0.5136741085169911,0.45536916213144873,,,,,,,,,,,,,,,,,,,,,,,,,,,0.0,0.1431261770244821,0.0,0.0,0.623352165725047,0.0,0.1534839924670433,0.1534839924670433,0.26612244897959186,0.0018832391713747645,0.0018832391713747645,0.0037593984962406013,0.03837099811676083,0.9677395649617871,0.8621794871794872,0.769501054111033,0.032306536438767845,0.0,,
v13d_clean_data_package,v13d_gmu_moco_pretrained_include64train_seed2,stage_a,gmu,moco_pretrained,include64_train_only,2.0,59,id_val,False,1181.96,C:\Users\EM328 Super\Desktop\caxton-new-codex\v13d_clean_data_package\runs\v13d_clean_data\v13d_gmu_moco_pretrained_include64train_seed2\metrics.json,0.9995706311721769,0.9995590828924162,0.9996779388083736,0.9995650282731623,0.9997060552616108,0.999673735725938,0.999330506583352,0.9992651381540271,0.999219011491688,1.0,1.0,1.0,0.9996165415071728,0.994823123382226,0.9509615384615384,0.9656616415410385,0.9082652134423251,0.9519230769230769,0.9385265133740027,0.9251054852320675,0.9307692307692308,0.9202518363064008,0.9864982928265521,0.9868589743589744,0.9865054244066244,0.9537116998673374,0.944015444015444,0.8770203794799719,0.9106145251396648,0.8306772908366534,0.8889669711876318,0.8705636743215032,0.812933025404157,0.8587491215741392,0.8138728323699422,0.9688027242525967,0.9690794096978215,0.9686432386135206,0.8901037189756282,0.7848837209302325,0.2809917355371901,0.6691449814126393,0.00436046511627907,0.4932381667918858,0.005328596802841918,0.3370998116760829,0.3580015026296018,0.40728100113765653,0.634654674175036,0.5687453042824944,0.505355782198794,0.508559683641175,,,,,,,,,,,,,,,,,,,,,,,,,,,0.0,0.1638418079096045,0.0,0.0,0.5169491525423728,0.0,0.3370998116760829,0.3370998116760829,0.504225352112676,0.0018832391713747645,0.0018832391713747645,0.0037593984962406013,0.08427495291902072,0.9988242210464433,0.9006410256410257,0.797610681658468,0.002253944402704733,0.0,,
v13d_clean_data_package,v13d_gmu_moco_pretrained_include64train_seed3,stage_a,gmu,moco_pretrained,include64_train_only,3.0,44,id_val,False,1023.42,C:\Users\EM328 Super\Desktop\caxton-new-codex\v13d_clean_data_package\runs\v13d_clean_data\v13d_gmu_moco_pretrained_include64train_seed3\metrics.json,0.9972091026191499,0.9977954144620811,0.9977446031575555,0.9971726837755546,0.998750734861846,0.9982582190289572,0.9930819013613033,0.9965461493239272,0.9957484895949876,0.9999286834973612,0.9999265138154027,0.9999255917599245,0.9968659219390019,0.9810181190681622,0.944551282051282,0.9611158072696534,0.9000908265213442,0.9487179487179487,0.9349056603773584,0.8924050632911392,0.9182692307692307,0.9072386058981233,0.98535380372565,0.9855769230769231,0.9851846998043831,0.9410684406185187,0.9555984555984556,0.8749121574139143,0.9217877094972067,0.8147410358565738,0.8981026001405481,0.8729989327641409,0.8013856812933026,0.859451862262825,0.8281622911694512,0.9681576685072293,0.9683766690091357,0.9677350953595059,0.8872623589467201,0.7267441860465116,0.284748309541698,0.6161429451632779,0.010174418604651164,0.4954921111945905,0.01234567901234568,0.3634651600753296,0.43388429752066116,0.433464345873105,0.6484403153023363,0.5830202854996244,0.5137187116960046,0.5119380464447809,,,,,,,,,,,,,,,,,,,,,,,,,,,0.0,0.1431261770244821,0.0,0.0,0.5178907721280602,0.0,0.3634651600753296,0.3634651600753296,0.5331491712707183,0.003766478342749529,0.003766478342749529,0.007504690431519699,0.0908662900188324,0.9949294532627866,0.8858974358974359,0.7891777933942375,0.019534184823441023,0.0,,
v13e_imgonly_comparison_package,caxton_imgonly_seed1,,,,,,1,,,,C:\Users\EM328 Super\Desktop\caxton-new-codex\v13e_imgonly_comparison_package\runs\caxton_imgonly_results\caxton_imgonly_seed1\metrics.json,,,,,,,,,,,,,,,,,,,,,,,,,,,,,,,,,,,,,,,,,,,,,,,,,,,,,,,,,,,,,,,,,,,,,,,,,,,,,,,,,,,,,,,,,,,,,,,,,,
v13e_imgonly_comparison_package,caxton_imgonly_seed2,,,,,,24,,,,C:\Users\EM328 Super\Desktop\caxton-new-codex\v13e_imgonly_comparison_package\runs\caxton_imgonly_results\caxton_imgonly_seed2\metrics.json,,,,,,,,,,,,,,,,,,,,,,,,,,,,,,,,,,,,,,,,,,,,,,,,,,,,,,,,,,,,,,,,,,,,,,,,,,,,,,,,,,,,,,,,,,,,,,,,,,
v13e_imgonly_comparison_package,caxton_imgonly_seed3,,,,,,20,,,,C:\Users\EM328 Super\Desktop\caxton-new-codex\v13e_imgonly_comparison_package\runs\caxton_imgonly_results\caxton_imgonly_seed3\metrics.json,,,,,,,,,,,,,,,,,,,,,,,,,,,,,,,,,,,,,,,,,,,,,,,,,,,,,,,,,,,,,,,,,,,,,,,,,,,,,,,,,,,,,,,,,,,,,,,,,,
v13e_imgonly_comparison_package,v13d_imgonly_seed1,,,,,,35,,,,C:\Users\EM328 Super\Desktop\caxton-new-codex\v13e_imgonly_comparison_package\runs\v13d_imgonly_results\v13d_imgonly_seed1\metrics.json,,,,,,,,,,,,,,,,,,,,,,,,,,,,,,,,,,,,,,,,,,,,,,,,,,,,,,,,,,,,,,,,,,,,,,,,,,,,,,,,,,,,,,,,,,,,,,,,,,
v13e_imgonly_comparison_package,v13d_imgonly_seed2,,,,,,24,,,,C:\Users\EM328 Super\Desktop\caxton-new-codex\v13e_imgonly_comparison_package\runs\v13d_imgonly_results\v13d_imgonly_seed2\metrics.json,,,,,,,,,,,,,,,,,,,,,,,,,,,,,,,,,,,,,,,,,,,,,,,,,,,,,,,,,,,,,,,,,,,,,,,,,,,,,,,,,,,,,,,,,,,,,,,,,,
v13e_imgonly_comparison_package,v13d_imgonly_seed3,,,,,,35,,,,C:\Users\EM328 Super\Desktop\caxton-new-codex\v13e_imgonly_comparison_package\runs\v13d_imgonly_results\v13d_imgonly_seed3\metrics.json,,,,,,,,,,,,,,,,,,,,,,,,,,,,,,,,,,,,,,,,,,,,,,,,,,,,,,,,,,,,,,,,,,,,,,,,,,,,,,,,,,,,,,,,,,,,,,,,,,
v14_seqnorm_flowimage_package,v14_aonly_moco_pretrained_seed1,stage_a,aonly,moco_pretrained,include64_train_only,1.0,50,id_val,False,984.96,C:\Users\EM328 Super\Desktop\caxton-new-codex\v14_seqnorm_flowimage_package\runs\v14_results\v14_aonly_moco_pretrained_seed1\metrics.json,0.9984972091026192,0.9986037624926514,0.9988188553634705,0.9991300565463245,0.9991181657848325,0.99902142002827,0.9964293684445437,0.9977219282774838,0.9970969182670836,0.9994263123814284,0.9994121105232217,0.999403307354978,0.9982443549403802,0.9758412424503883,0.9400641025641026,0.9480301760268232,0.9100817438692098,0.948076923076923,0.939521800281294,0.9071729957805907,0.9169871794871794,0.9028871391076115,0.990804196497349,0.9910256410256411,0.9908200827270077,0.9446805663669363,0.9285714285714286,0.8678847505270555,0.900749063670412,0.8585657370517928,0.9016163035839775,0.8941908713692945,0.7944572748267898,0.8390723822909346,0.7972190034762456,0.9725764576293545,0.9725931131412509,0.9725200455924811,0.8908634627202126,0.5566860465116279,0.24830954169797145,0.5257378174330818,0.00872093023255814,0.5405709992486852,0.011627906976744188,0.23728813559322035,0.28249436513899323,0.2764673614920461,0.6622618290240119,0.5972952667167544,0.5193689372198679,0.44848079562821125,,,,,,,,,,,,,,,,,,,,,,,,,,,0.0,0.1864406779661017,0.0,0.0,0.5894538606403014,0.0,0.23728813559322035,0.23728813559322035,0.3835616438356164,0.002824858757062147,0.002824858757062147,0.005633802816901409,0.059322033898305086,0.9961052322163433,0.8862179487179487,0.780744905130007,0.010894064613072877,0.0,,
v14_seqnorm_flowimage_package,v14_aonly_moco_pretrained_seed2,stage_a,aonly,moco_pretrained,include64_train_only,2.0,59,id_val,False,1085.76,C:\Users\EM328 Super\Desktop\caxton-new-codex\v14_seqnorm_flowimage_package\runs\v14_results\v14_aonly_moco_pretrained_seed2\metrics.json,0.9989265779304423,0.9994121105232217,0.9993556701030928,0.9993475424097433,0.9996325690770135,0.999564933652382,0.9988841776389199,0.9991916519694297,0.9989956478071644,0.9999286834973612,0.9999265138154027,0.9999255917599245,0.9992895744947764,0.9853321829163072,0.9400641025641026,0.9488990444536768,0.9082652134423251,0.9461538461538461,0.9341429238673516,0.9261603375527426,0.9211538461538461,0.9051546391752577,0.9859949887362238,0.9862179487179488,0.9858934557560732,0.9528860453874947,0.9459459459459459,0.8573436401967673,0.8909090909090909,0.8227091633466136,0.8826423049894588,0.857736240913811,0.815242494226328,0.8362614195361912,0.7879464285714286,0.9605051063915383,0.960646521433591,0.9601620621366825,0.8891716797912865,0.6351744186046512,0.2400450788880541,0.531306990881459,0.01744186046511628,0.5210368144252442,0.023121387283236993,0.4322033898305085,0.3414725770097671,0.45221674876847284,0.6629843232440581,0.5976709241172051,0.5210673241752335,0.5184636891548936,,,,,,,,,,,,,,,,,,,,,,,,,,,0.0,0.16195856873822975,0.0,0.0,0.5188323917137476,0.0,0.4322033898305085,0.4322033898305085,0.6035502958579883,0.002824858757062147,0.002824858757062147,0.005633802816901409,0.10805084745762712,0.9983833039388595,0.8839743589743589,0.769501054111033,0.004507888805409466,0.0,,
v14_seqnorm_flowimage_package,v14_aonly_moco_pretrained_seed3,stage_a,aonly,moco_pretrained,include64_train_only,3.0,40,id_val,False,868.98,C:\Users\EM328 Super\Desktop\caxton-new-codex\v14_seqnorm_flowimage_package\runs\v14_results\v14_aonly_moco_pretrained_seed3\metrics.json,0.9881923572348648,0.9921369782480893,0.9926676730644813,0.9967377120487169,0.993533215755438,0.9907047124945958,0.9841553224726624,0.9899323927101705,0.9910112359550562,0.9979911466557608,0.9979423868312757,0.9979123609984669,0.9912460943236929,0.9473684210526315,0.9317307692307693,0.942084942084942,0.9336966394187103,0.9432692307692307,0.9324263038548753,0.9082278481012658,0.9211538461538461,0.9228295819935691,0.9904078146775591,0.9907051282051282,0.9904464968742035,0.943729797985041,0.9073359073359073,0.8636683063949403,0.8918406072106262,0.8784860557768924,0.9009135628952917,0.8891129032258064,0.8060046189376443,0.8524244553759662,0.8192488262910798,0.9666819073776116,0.9669711876317639,0.9663950291969615,0.8900201375761031,0.5436046511627907,0.2498121712997746,0.5067750677506775,0.007267441860465116,0.5060105184072127,0.009398496240601503,0.300376647834275,0.3888054094665665,0.3600451467268624,0.6576693685885541,0.5927873779113448,0.5204706954467092,0.45623323784596165,,,,,,,,,,,,,,,,,,,,,,,,,,,0.0,0.1760828625235405,0.0,0.0,0.6111111111111112,0.0,0.300376647834275,0.300376647834275,0.46198406951484433,0.006591337099811676,0.006591337099811676,0.013096351730589336,0.07509416195856874,0.9811875367430923,0.878525641025641,0.7730147575544624,0.014274981217129978,0.0,,
v14_seqnorm_flowimage_package,v14_conly_moco_pretrained_seed1,stage_a,conly,moco_pretrained,include64_train_only,1.0,50,id_val,False,984.63,C:\Users\EM328 Super\Desktop\caxton-new-codex\v14_seqnorm_flowimage_package\runs\v14_results\v14_conly_moco_pretrained_seed1\metrics.json,0.9978531558608845,0.9983833039388595,0.9982817869415808,0.9943453675511091,0.9953703703703703,0.9957530218882717,0.9975451908056238,0.9979423868312757,0.9978792275923651,0.9998505510215953,0.9998530276308054,0.9998508665127016,0.997381967837806,0.9922346850733391,0.9487179487179487,0.9639564124056998,0.8946412352406903,0.9256410256410257,0.9128822984244672,0.9092827004219409,0.9278846153846154,0.9160467587672688,0.9907053220884287,0.9907051282051282,0.9905749441234574,0.9474996141162307,0.9420849420849421,0.8938861560084329,0.9259962049335863,0.8187250996015937,0.8629655657062544,0.8518134715025907,0.7990762124711316,0.8678847505270555,0.8199052132701421,0.9755776647569446,0.9754040758959944,0.9753772757375186,0.8854364161471266,0.623546511627907,0.26145755071374904,0.5241295051924252,0.00872093023255814,0.5770097670924117,0.011988011988011986,0.2193973634651601,0.31217129977460556,0.2664379645511721,0.6591187270501836,0.5935386927122465,0.5173854813006477,0.4579819908050905,,,,,,,,,,,,,,,,,,,,,,,,,,,0.0,0.1638418079096045,0.0,0.0,0.7184557438794726,0.0,0.2193973634651601,0.2193973634651601,0.3598455598455599,0.0,0.0,0.0,0.05484934086629002,0.9925044091710759,0.871474358974359,0.7702037947997189,0.0169045830202855,0.0,,
v14_seqnorm_flowimage_package,v14_conly_moco_pretrained_seed2,stage_a,conly,moco_pretrained,include64_train_only,2.0,50,id_val,False,984.75,C:\Users\EM328 Super\Desktop\caxton-new-codex\v14_seqnorm_flowimage_package\runs\v14_results\v14_conly_moco_pretrained_seed2\metrics.json,0.9989265779304423,0.9988242210464433,0.9993556701030928,0.9973901696389734,0.9959582598471487,0.9954417191230736,0.9977683552778398,0.9983833039388595,0.9982138870283546,0.9997736807848138,0.9997795414462081,0.9997761402871213,0.9985212757118138,0.9922346850733391,0.9586538461538462,0.968421052631579,0.8864668483197093,0.9144230769230769,0.8945921173235564,0.9177215189873418,0.9352564102564103,0.9235668789808917,0.9879835670245329,0.9881410256410257,0.9878452454068958,0.9470523750047485,0.916988416988417,0.898805340829234,0.9125840537944285,0.8386454183266933,0.8573436401967673,0.8428428428428428,0.8106235565819861,0.8784258608573436,0.8297872340425532,0.9688193926030494,0.9690794096978215,0.9684119957589142,0.8864623071579476,0.7122093023255814,0.2802404207362885,0.6186868686868686,0.024709302325581394,0.521412471825695,0.03231939163498099,0.2589453860640301,0.3583771600300526,0.31645569620253167,0.6591946021493974,0.5939143501126972,0.5174372654980479,0.4945800327665175,,,,,,,,,,,,,,,,,,,,,,,,,,,0.0,0.17325800376647835,0.0,0.0,0.5499058380414312,0.0,0.2589453860640301,0.2589453860640301,0.4113687359760658,0.0009416195856873823,0.0009416195856873823,0.0018814675446848542,0.06473634651600753,0.9939006466784245,0.8717948717948718,0.7645818692902319,0.01652892561983471,0.0,,
v14_seqnorm_flowimage_package,v14_conly_moco_pretrained_seed3,stage_a,conly,moco_pretrained,include64_train_only,3.0,61,id_val,False,1108.55,C:\Users\EM328 Super\Desktop\caxton-new-codex\v14_seqnorm_flowimage_package\runs\v14_results\v14_conly_moco_pretrained_seed3\metrics.json,0.9993559467582653,0.9992651381540271,0.9994632313472894,0.9986950848194868,0.9983098177542622,0.9985864955963901,0.9984378486944878,0.9988977072310405,0.9991067440821795,1.0,1.0,1.0,0.99912222006806,0.9827437446074202,0.9474358974358974,0.9595619208087616,0.9019073569482289,0.9157051282051282,0.8970189701897019,0.9219409282700421,0.9342948717948718,0.9292929292929293,0.9912545153339897,0.9913461538461539,0.9911335461320926,0.950107966388661,0.9285714285714286,0.8833450456781448,0.9153187440532825,0.8406374501992032,0.8475052705551651,0.8373015873015873,0.7967667436489607,0.8706957132817991,0.8263473053892216,0.9798774776419976,0.9796205200281096,0.9795943302584643,0.8903601187568255,0.7354651162790697,0.311419984973704,0.6163215590742996,0.014534883720930232,0.5447032306536439,0.019821605550049554,0.2570621468926554,0.38241923365890307,0.31199999999999994,0.6383612688160641,0.5725018782870023,0.5065653353583994,0.4817545718108831,,,,,,,,,,,,,,,,,,,,,,,,,,,0.0,0.2033898305084746,0.0,0.0,0.623352165725047,0.0,0.2570621468926554,0.2570621468926554,0.4089887640449439,0.0009416195856873823,0.0009416195856873823,0.0018814675446848542,0.06426553672316385,0.9966196355085244,0.8634615384615385,0.7463106113843991,0.015401953418482344,0.0,,
v14_seqnorm_flowimage_package,v14_gmu_moco_pretrained_include64train_seed1,stage_a,gmu,moco_pretrained,include64_train_only,1.0,26,id_val,False,713.08,C:\Users\EM328 Super\Desktop\caxton-new-codex\v14_seqnorm_flowimage_package\runs\v14_results\v14_gmu_moco_pretrained_include64train_seed1\metrics.json,0.9720910261914985,0.9822898295120517,0.9817866435385949,0.9691170073945193,0.9786890064667843,0.9751613962140278,0.9593840660566838,0.9778071722516167,0.9740568709640876,0.9961008180217515,0.996031746031746,0.9959747918594833,0.9731514783965377,0.9741156169111302,0.9246794871794872,0.9455611390284757,0.8583106267029973,0.892948717948718,0.8790697674418604,0.8639240506329114,0.9019230769230769,0.8801719505642128,0.9875926215973377,0.9878205128205129,0.9875948948604232,0.921777511960117,0.9362934362934363,0.8468025298664793,0.8890925756186986,0.7828685258964143,0.8116654954321855,0.8078108941418294,0.7759815242494227,0.8306394940267041,0.7841306884480749,0.9639797700091588,0.9641602248770204,0.9637619904710104,0.8675500439454192,0.5770348837209303,0.25469571750563486,0.5012626262626263,0.005813953488372093,0.5717505634861006,0.008,0.15065913370998116,0.29902329075882794,0.19962570180910794,0.6607082143342854,0.5954169797145004,0.5180815446707027,0.4303616418526279,,,,,,,,,,,,,,,,,,,,,,,,,,,0.0,0.15630885122410546,0.0,0.0,0.7146892655367232,0.0,0.15065913370998116,0.15065913370998116,0.26186579378068736,0.0,0.0,0.0,0.03766478342749529,0.9484861845972957,0.8041666666666667,0.6725228390723823,0.017655897821187077,0.0,,
v14_seqnorm_flowimage_package,v14_gmu_moco_pretrained_include64train_seed2,stage_a,gmu,moco_pretrained,include64_train_only,2.0,39,id_val,False,856.1,C:\Users\EM328 Super\Desktop\caxton-new-codex\v14_seqnorm_flowimage_package\runs\v14_results\v14_gmu_moco_pretrained_include64train_seed2\metrics.json,0.9939888364104766,0.9944150499706055,0.9953778351069549,0.9973901696389734,0.9899323927101705,0.989001509596722,0.9928587368890872,0.9939741328630217,0.992526491912995,0.9994920751499246,0.9994855967078189,0.9994776437576274,0.9958435928682411,0.9741156169111302,0.9352564102564103,0.9483410331793364,0.9019073569482289,0.9009615384615385,0.8850267379679144,0.9082278481012658,0.9185897435897435,0.9091869060190073,0.9884192363892502,0.9887820512820513,0.9884685271116243,0.9424692763320454,0.916988416988417,0.8538299367533381,0.8878504672897197,0.8346613545816733,0.825720309205903,0.8215686274509805,0.7944572748267898,0.848208011243851,0.8,0.9708653619924995,0.9711876317638791,0.9707388529806833,0.8797240405107847,0.5465116279069767,0.2201352366641623,0.47837150127226463,0.00872093023255814,0.49361382419233657,0.010859728506787328,0.3775894538606403,0.4004507888805409,0.4252386002120891,0.6578601128253121,0.5927873779113448,0.5164745798478487,0.47854541528074557,,,,,,,,,,,,,,,,,,,,,,,,,,,0.0,0.1327683615819209,0.0,0.0,0.559322033898305,0.0,0.3775894538606403,0.3775894538606403,0.5481886534518113,0.0009416195856873823,0.0009416195856873823,0.0018814675446848542,0.09439736346516008,0.9817754262198707,0.8336538461538462,0.6999297259311315,0.007137490608564989,0.0,,
v14_seqnorm_flowimage_package,v14_gmu_moco_pretrained_include64train_seed3,stage_a,gmu,moco_pretrained,include64_train_only,3.0,32,id_val,False,780.05,C:\Users\EM328 Super\Desktop\caxton-new-codex\v14_seqnorm_flowimage_package\runs\v14_results\v14_gmu_moco_pretrained_include64train_seed3\metrics.json,0.9888364104765994,0.989564961787184,0.9902182091798345,0.9867333623314485,0.9867724867724867,0.9853404278423282,0.9834858290560143,0.987801293356849,0.9876736889287315,0.9982716163929543,0.9982363315696648,0.9982124685160628,0.9893861754498273,0.9663503019844694,0.9349358974358974,0.9427609427609428,0.9055404178019982,0.9022435897435898,0.8878005342831701,0.8871308016877637,0.9163461538461538,0.9004282655246253,0.9907256889865489,0.9910256410256411,0.9907573402756068,0.9364186247217405,0.9015444015444015,0.8615600843288826,0.8786453433678268,0.8386454183266933,0.8264230498945889,0.8246816846229187,0.8221709006928406,0.8636683063949403,0.8250289687137891,0.9776625269641174,0.977512297962052,0.9773001567696608,0.8883226064448387,0.5872093023255814,0.26483846731780614,0.543375924680565,0.020348837209302327,0.5661157024793388,0.027805362462760677,0.2919020715630885,0.33583771600300527,0.34675615212527966,0.6627863276528816,0.5980465815176559,0.5230592724167882,0.47212382470431763,,,,,,,,,,,,,,,,,,,,,,,,,,,0.0,0.19491525423728814,0.0,0.0,0.6741996233521658,0.0,0.2909604519774011,0.2909604519774011,0.4507658643326039,0.006591337099811676,0.006591337099811676,0.013096351730589336,0.07274011299435028,0.9697236919459141,0.8288461538461539,0.708362614195362,0.015026296018031555,0.0,,
v14_seqnorm_flowimage_package,v14_imgonly_moco_pretrained_seed1,stage_a,imgonly,moco_pretrained,include64_train_only,1.0,50,id_val,False,981.47,C:\Users\EM328 Super\Desktop\caxton-new-codex\v14_seqnorm_flowimage_package\runs\v14_results\v14_imgonly_moco_pretrained_seed1\metrics.json,0.9873336195792185,0.9886096413874191,0.9905233685117382,0.9967377120487169,0.9972810111699001,0.9967377120487169,0.9868332961392546,0.9909611992945326,0.9908133542460229,0.9987776478845527,0.998750734861846,0.9987334681996751,0.9924023926422076,0.9732528041415013,0.8599358974358975,0.8871411718442784,0.9028156221616712,0.9224358974358975,0.9056947608200456,0.9092827004219409,0.8801282051282051,0.8831967213114754,0.9853483673330553,0.9855769230769231,0.9854362156390462,0.9442843935909293,0.9633204633204633,0.735769501054111,0.7939538583929993,0.8187250996015937,0.8348559381588194,0.8211788211788213,0.792147806004619,0.7905832747716093,0.7707865168539326,0.9598767189966232,0.9599437807449052,0.9594515285369036,0.8895800882634151,0.3168604651162791,0.15439519158527423,0.2706393544382371,0.007267441860465116,0.4767092411720511,0.008460236886632826,0.2843691148775895,0.29526671675432004,0.29406037000973706,0.6610032147991404,0.5965439519158527,0.5209253782390239,0.40020539581446063,,,,,,,,,,,,,,,,,,,,,,,,,,,0.0,0.16760828625235405,0.0,0.0,0.5376647834274952,0.0,0.2843691148775895,0.2843691148775895,0.44281524926686217,0.003766478342749529,0.003766478342749529,0.007504690431519699,0.07109227871939737,0.9820693709582599,0.7987179487179488,0.6338721011946592,0.0007513148009015778,0.0,,
v14_seqnorm_flowimage_package,v14_imgonly_moco_pretrained_seed2,stage_a,imgonly,moco_pretrained,include64_train_only,2.0,38,id_val,False,841.68,C:\Users\EM328 Super\Desktop\caxton-new-codex\v14_seqnorm_flowimage_package\runs\v14_results\v14_imgonly_moco_pretrained_seed2\metrics.json,0.9838986689566337,0.9800117577895355,0.9814755327122818,0.9841235319704219,0.991549088771311,0.9889629548683204,0.9787993751394778,0.9794973544973545,0.9809885931558936,0.9976334282448714,0.9975749559082893,0.9975431581380159,0.9861118261340519,0.9698015530629853,0.8384615384615385,0.8652809853733641,0.888283378746594,0.9176282051282051,0.9038817005545287,0.8924050632911392,0.8657051282051282,0.8676923076923077,0.9853916450192646,0.9855769230769231,0.9853363102113705,0.9358257841961242,0.9536679536679536,0.7224174279690794,0.7736883320281911,0.7888446215139442,0.8123682361208714,0.8098159509202454,0.812933025404157,0.7786366830639494,0.7719298245614036,0.9469553760571973,0.9472944483485594,0.9463424744736756,0.8820586790580783,0.3938953488372093,0.13974455296769348,0.3263094521372667,0.010174418604651164,0.5247933884297521,0.013207547169811321,0.17702448210922786,0.2299023290758828,0.18586258032624814,0.6614445869743776,0.5972952667167544,0.5217749686668044,0.3941770711597019,,,,,,,,,,,,,,,,,,,,,,,,,,,0.0,0.0856873822975518,0.0,0.0,0.6252354048964218,0.0,0.17702448210922786,0.17702448210922786,0.30079999999999996,0.004708097928436911,0.004708097928436911,0.00937207122774133,0.044256120527306965,0.9627425044091711,0.7753205128205128,0.60646521433591,0.0007513148009015778,0.0,,
v14_seqnorm_flowimage_package,v14_imgonly_moco_pretrained_seed3,stage_a,imgonly,moco_pretrained,include64_train_only,3.0,51,id_val,False,990.58,C:\Users\EM328 Super\Desktop\caxton-new-codex\v14_seqnorm_flowimage_package\runs\v14_results\v14_imgonly_moco_pretrained_seed3\metrics.json,0.9873336195792185,0.9897119341563786,0.9906300484652666,0.9984775989560678,0.9961052322163433,0.9951230085618294,0.9756750725284534,0.9861845972957084,0.9849065104753323,0.9989971511266114,0.9989711934156379,0.9989565701534436,0.9899938477497467,0.9646246764452114,0.8775641025641026,0.8976314733038941,0.9091734786557675,0.9240384615384616,0.9104138244656661,0.8860759493670886,0.8849358974358974,0.8879492600422833,0.9867525225512125,0.9868589743589744,0.9868093174966122,0.938428485049255,0.9420849420849421,0.7603654251581167,0.8052805280528053,0.8247011952191236,0.8453970484891076,0.823061630218688,0.76905311778291,0.7884750527055516,0.7735191637630662,0.9544917305770775,0.9543218552354181,0.9536913215213721,0.8805584532275262,0.25290697674418605,0.1149511645379414,0.23122923588039868,0.011627906976744186,0.46318557475582267,0.013190436933223413,0.3418079096045198,0.37340345604808417,0.3602977667493797,0.660637717723117,0.596168294515402,0.5199147256561284,0.3993927158752221,,,,,,,,,,,,,,,,,,,,,,,,,,,0.0,0.1167608286252354,0.0,0.0,0.4990583804143126,0.0,0.3418079096045198,0.3418079096045198,0.5094736842105263,0.003766478342749529,0.003766478342749529,0.007504690431519699,0.08545197740112995,0.9781011169900059,0.8115384615384615,0.6486296556570625,0.0011269722013523666,0.0,,
v14_seqnorm_flowimage_package,v14_perheadgmu_moco_pretrained_seed1,stage_a,perheadgmu,moco_pretrained,include64_train_only,1.0,43,id_val,False,902.3,C:\Users\EM328 Super\Desktop\caxton-new-codex\v14_seqnorm_flowimage_package\runs\v14_results\v14_perheadgmu_moco_pretrained_seed1\metrics.json,0.9954916273078575,0.9964726631393298,0.9962401976581802,0.9986950848194868,0.9977219282774838,0.9971769815418023,0.9968756973889756,0.9962522045855379,0.9954317548746519,0.9992657559347383,0.9992651381540271,0.9992538203761036,0.9975497595126868,0.9637618636755824,0.9150641025641025,0.9312213422259273,0.932788374205268,0.9519230769230769,0.9439338235294118,0.9135021097046413,0.9057692307692308,0.8992731048805814,0.9843027526410736,0.9846153846153847,0.984197648718465,0.9494330047608492,0.9266409266409267,0.8306394940267041,0.8719346049046321,0.852589641434263,0.8882642304989459,0.8815653964984552,0.8175519630484989,0.8475052705551651,0.8128587830080368,0.9613606542099657,0.9613492621222769,0.9609363625930758,0.8935266985405593,0.6061046511627907,0.25131480090157776,0.5255198487712665,0.0029069767441860465,0.5093914350112697,0.0034812880765883376,0.4218455743879473,0.40308039068369644,0.46935568360398117,0.6619605856712468,0.5976709241172051,0.5239732197353402,0.5049730725035556,,,,,,,,,,,,,,,,,,,,,,,,,,,0.0,0.17702448210922786,0.0,0.0,0.5979284369114878,0.0,0.4218455743879473,0.4218455743879473,0.5933774834437087,0.00847457627118644,0.00847457627118644,0.01680672268907563,0.10546139359698682,0.9916960611405056,0.8538461538461538,0.7343640196767393,0.009767092411720512,0.0,,
v14_seqnorm_flowimage_package,v14_perheadgmu_moco_pretrained_seed2,stage_a,perheadgmu,moco_pretrained,include64_train_only,2.0,18,id_val,False,609.11,C:\Users\EM328 Super\Desktop\caxton-new-codex\v14_seqnorm_flowimage_package\runs\v14_results\v14_perheadgmu_moco_pretrained_seed2\metrics.json,0.9658651781880635,0.9613462669018225,0.9649329758713137,0.97868638538495,0.9757495590828924,0.970769064825801,0.9604998884177639,0.9527483833039389,0.9514756272797613,0.9935100742663941,0.9934597295708407,0.993371414840203,0.9741044343337617,0.9637618636755824,0.9086538461538461,0.9323873121869781,0.860127157129882,0.9009615384615385,0.8862891904539075,0.8839662447257384,0.8676282051282052,0.8559754851889683,0.9849115327506274,0.9852564102564103,0.9848532205441396,0.9233703872246898,0.916988416988417,0.8067463106113844,0.8731617647058824,0.7430278884462151,0.8215038650737878,0.7978609625668448,0.8290993071593533,0.8123682361208714,0.7829880043620501,0.960405416471826,0.960646521433591,0.9600696289976384,0.8649092886360248,0.7165697674418605,0.32268970698722765,0.613565650280025,0.00436046511627907,0.6059353869271225,0.006430868167202572,0.17419962335216574,0.22877535687453043,0.2313946216385241,0.6601963455478796,0.5954169797145004,0.5193154914844301,0.4707671131003833,,,,,,,,,,,,,,,,,,,,,,,,,,,0.0,0.10451977401129943,0.0,0.0,0.7306967984934086,0.0,0.17419962335216574,0.17419962335216574,0.2967121090617482,0.002824858757062147,0.002824858757062147,0.005633802816901409,0.043549905838041435,0.9105673133450911,0.7759615384615385,0.6416022487702038,0.040946656649135986,0.0,,
v14_seqnorm_flowimage_package,v14_perheadgmu_moco_pretrained_seed3,stage_a,perheadgmu,moco_pretrained,include64_train_only,3.0,43,id_val,False,901.17,C:\Users\EM328 Super\Desktop\caxton-new-codex\v14_seqnorm_flowimage_package\runs\v14_results\v14_perheadgmu_moco_pretrained_seed3\metrics.json,0.9976384714469729,0.9959582598471487,0.9959279897128162,0.9986950848194868,0.998750734861846,0.9984779299847792,0.9968756973889756,0.9961787184009406,0.9957646009808292,0.9998573669947226,0.9998530276308054,0.9998511848948839,0.9983023134138589,0.9801553062985332,0.9310897435897436,0.9443059019118869,0.9128065395095368,0.9358974358974359,0.9220183486238531,0.8976793248945147,0.9073717948717949,0.8910994764397905,0.9887600214863288,0.9887820512820513,0.9885275584726357,0.946376925119178,0.9305019305019305,0.8397751229796205,0.8835930339138405,0.8366533864541833,0.8805340829234013,0.8615384615384615,0.7990762124711316,0.825720309205903,0.7872582480091013,0.9725349468447245,0.9725931131412509,0.97217974749383,0.8875896283885574,0.6031976744186046,0.26183320811419986,0.5341055341055341,0.00872093023255814,0.6048084147257701,0.012644889357218124,0.275894538606403,0.32607062359128475,0.3308865047995483,0.6584806078613518,0.5939143501126972,0.5167463683401639,0.469212057744216,,,,,,,,,,,,,,,,,,,,,,,,,,,0.0,0.21092278719397364,0.0,0.0,0.696798493408663,0.0,0.275894538606403,0.275894538606403,0.4324723247232472,0.0009416195856873823,0.0009416195856873823,0.0018814675446848542,0.06897363465160075,0.992798353909465,0.857051282051282,0.7287420941672523,0.012396694214876033,0.0,,
v14_seqnorm_flowimage_package,v14_tcnonly_instanorm_seed1,stage_a,tcnonly,scratch,include64_train_only,1.0,75,id_val,False,1205.99,C:\Users\EM328 Super\Desktop\caxton-new-codex\v14_seqnorm_flowimage_package\runs\v14_results\v14_tcnonly_instanorm_seed1\metrics.json,0.7900386431945041,0.7716784244562023,0.7923350199160298,0.6365811222270552,0.6990005878894768,0.6709455587392551,0.7576433831733987,0.6975308641975309,0.7203479736897941,0.49398404588559713,0.4939006466784245,0.49440924929403923,0.6768126034664602,0.8584987057808455,0.7557692307692307,0.797914995990377,0.6003633060853769,0.6657051282051282,0.6380308880308879,0.7489451476793249,0.657051282051282,0.6641721234798877,0.4363745691228685,0.43301282051282053,0.4331195302892174,0.6843953217139023,0.7625482625482626,0.6964160224877021,0.7362534948741846,0.6155378486055777,0.6444132115249473,0.6364572605561277,0.7621247113163973,0.6697118763176388,0.6811145510835913,0.4455260414630209,0.44202389318341534,0.4409751973965213,0.673374701082412,0.8023255813953488,0.6746806912096168,0.6247877758913413,0.5872093023255814,0.569496619083396,0.5477966101694915,0.6694915254237288,0.5401953418482344,0.6946751343429408,0.05535448654263873,0.05559729526671676,0.056923742951691246,0.5221579180756385,,,,,,,,,,,,,,,,,,,,,,,,,,,0.0,0.4152542372881356,0.0,0.0,0.4105461393596987,0.0,0.6694915254237288,0.6694915254237288,0.8020304568527918,0.07250470809792843,0.07250470809792843,0.13520632133450394,0.1673728813559322,0.21281599059376838,0.17051282051282052,0.17427969079409697,0.0,0.0,,
v14_seqnorm_flowimage_package,v14_tcnonly_instanorm_seed2,stage_a,tcnonly,scratch,include64_train_only,2.0,29,id_val,False,677.39,C:\Users\EM328 Super\Desktop\caxton-new-codex\v14_seqnorm_flowimage_package\runs\v14_results\v14_tcnonly_instanorm_seed2\metrics.json,0.7492486045513096,0.7419165196942975,0.7674546454095658,0.5478468899521531,0.6169900058788947,0.5922181732690724,0.7453693372015175,0.637419165196943,0.6759081250632399,0.46730021440633224,0.4680335097001764,0.4683290137167074,0.6273332379284035,0.8334771354616048,0.7474358974358974,0.7888934258881175,0.5640326975476839,0.6323717948717948,0.5988428158148504,0.7805907172995781,0.6368589743589743,0.6654676258992807,0.44203967990236986,0.44006410256410255,0.4396465935461224,0.6751719548256767,0.7393822393822393,0.7055516514406184,0.7288296860133204,0.5737051792828686,0.6099789177793394,0.60695468914647,0.789838337182448,0.6296556570625439,0.6551724137931034,0.45098265670377696,0.45045678144764584,0.44869323545392215,0.652715565946016,0.7863372093023255,0.6788129226145755,0.629802095459837,0.5683139534883721,0.517655897821187,0.5341530054644809,0.6760828625235404,0.4932381667918858,0.6943907156673114,0.05124863520865844,0.049586776859504134,0.05185064340796244,0.5117953484338227,,,,,,,,,,,,,,,,,,,,,,,,,,,0.0,0.4209039548022599,0.0,0.0,0.224105461393597,0.0,0.6760828625235404,0.6760828625235404,0.8067415730337079,0.060263653483992465,0.060263653483992465,0.11367673179396093,0.1690207156308851,0.1540270429159318,0.14423076923076922,0.15319747013352072,0.0003756574004507889,0.0009416195856873823,,
v14_seqnorm_flowimage_package,v14_tcnonly_instanorm_seed3,stage_a,tcnonly,scratch,include64_train_only,3.0,59,id_val,False,1285.08,C:\Users\EM328 Super\Desktop\caxton-new-codex\v14_seqnorm_flowimage_package\runs\v14_results\v14_tcnonly_instanorm_seed3\metrics.json,0.7155431515671962,0.7669753086419753,0.7778296382730455,0.8068725532840365,0.6651969429747208,0.6705829191143243,0.6842222718143272,0.6761463844797179,0.702083810396153,0.481553636248544,0.4806731334509112,0.4791912823488195,0.6886117928929171,0.7894736842105263,0.7477564102564103,0.7891332470892626,0.7956403269754768,0.6330128205128205,0.6498516320474776,0.6951476793248945,0.6714743589743589,0.6686960933536277,0.45557077503348564,0.4493589743589744,0.44632338325661847,0.7207327737570879,0.6833976833976834,0.6985242445537596,0.7158746208291203,0.7948207171314741,0.6373858046380886,0.6524938675388389,0.7297921478060047,0.6598735066760365,0.673773987206823,0.4457172283844266,0.44061841180604355,0.4397472677700937,0.6948597799409334,0.6933139534883721,0.69045830202855,0.616279069767442,0.7688953488372093,0.5379413974455297,0.5348837209302326,0.568738229755179,0.5210368144252442,0.6561651276480174,0.05438237285062172,0.05559729526671676,0.05682543447040067,0.5154123216166814,,,,,,,,,,,,,,,,,,,,,,,,,,,0.0,0.5235404896421846,0.0,0.0,0.3662900188323917,0.0,0.568738229755179,0.568738229755179,0.7250900360144058,0.07721280602636535,0.07721280602636535,0.14335664335664336,0.14218455743879474,0.19121105232216343,0.15897435897435896,0.15811665495432187,0.0,0.0,,
v14a_caxton_augment_package,v14a_caxton_augment_seed1,stage_a,caxton,moco_pretrained,include64_train_only,1.0,23,id_val,False,1918.43,C:\Users\EM328 Super\Desktop\caxton-new-codex\v14a_caxton_augment_package\runs\v14a_results\v14a_caxton_augment_seed1\metrics.json,0.7889652211249464,0.8808788947677837,0.8780312985306415,0.9493257938234014,0.7768959435626103,0.7762069885302748,0.7942423566168266,0.8171663727219283,0.7844390566453603,0.9365344644891663,0.9396678424456202,0.9372819187911835,0.8822699714257205,0.7480586712683348,0.8288461538461539,0.8316546762589928,0.9455040871934605,0.7448717948717949,0.7671333824613117,0.7215189873417721,0.7708333333333334,0.7335120643431635,0.8767984692528384,0.8775641025641026,0.8690734513601767,0.8532570894283046,0.6833976833976834,0.7737174982431483,0.7729257641921397,0.9163346613545816,0.7139845397048489,0.7491856677524429,0.6558891454965358,0.7371749824314828,0.6810551558752997,0.8409304849552034,0.8404778636683063,0.8265143156066372,0.8139053725622002,0.25726744186046513,0.21863260706235912,0.3169203222918532,0.32122093023255816,0.3546205860255447,0.20928030303030304,0.17325800376647835,0.30165289256198347,0.22088835534213683,0.6600027199782401,0.5957926371149511,0.5127147182586512,0.43766247115785784,,,,,,,,,,,,,,,,,,,,,,,,,,,0.0,0.2937853107344633,0.0,0.0,0.5169491525423728,0.0,0.17325800376647835,0.17325800376647835,0.2953451043338684,0.0,0.0,0.0,0.04331450094161959,0.6632128159905938,0.5480769230769231,0.4848910751932537,0.0007513148009015778,0.0,,
v14b_seqaug_fullinstanorm_package,v14b_seqaug_fullinstanorm_seed1,stage_a,gmu,moco_pretrained,include64_train_only,1.0,77,id_val,False,1480.15,C:\Users\EM328 Super\Desktop\caxton-new-codex\v14b_seqaug_fullinstanorm_package\runs\v14b_results\v14b_seqaug_fullinstanorm_seed1\metrics.json,0.9858308286818377,0.9871399176954733,0.9882707414182719,0.9913005654632449,0.9936801881246325,0.9927039093978003,0.9774603883061816,0.9785420340975897,0.9796466114963095,0.9987590933236475,0.998750734861846,0.998733239199884,0.9883241813132262,0.9767040552200172,0.9032051282051282,0.9290110791957326,0.924613987284287,0.9400641025641026,0.9275626423690204,0.9166666666666666,0.8871794871794871,0.8880940214614205,0.9804797861624848,0.9807692307692307,0.9805980746699369,0.9521861156911,0.9478764478764479,0.8158819395643008,0.8644366197183099,0.8665338645418327,0.8615600843288826,0.8579881656804734,0.8452655889145496,0.7940969782150387,0.8043956043956044,0.9524400543964554,0.9529163738580464,0.952620310404153,0.9081162542447722,0.29941860465116277,0.11908339594290007,0.22927100723427934,0.02616279069767442,0.4507888805409467,0.03308823529411765,0.3380414312617702,0.3163035311795642,0.32785388127853876,0.673465507756164,0.6100676183320811,0.5182919546043077,0.4156315838456343,,,,,,,,,,,,,,,,,,,,,,,,,,,0.0,0.060263653483992465,0.0,0.0,0.4708097928436911,0.0,0.3380414312617702,0.3380414312617702,0.5052779732582687,0.027306967984934087,0.027306967984934087,0.053162236480293314,0.08451035781544255,0.9700911228689006,0.8397435897435898,0.691496837666901,0.003756574004507889,0.0,,
v14c_seqaug_imgaug_package,v14c_seqaug_imgaug_seed1,stage_a,aonly,moco_pretrained,include64_train_only,1.0,72,id_val,False,1567.79,C:\Users\EM328 Super\Desktop\caxton-new-codex\v14c_seqaug_imgaug_package\runs\v14c_results\v14c_seqaug_imgaug_seed1\metrics.json,0.9881923572348648,0.9894914756025868,0.9890416845724107,0.9943453675511091,0.9950764256319812,0.994669857500272,0.9868332961392546,0.9858171663727219,0.9852941176470589,0.9986120424819235,0.9986037624926514,0.998581795906003,0.991641265915529,0.9775668679896462,0.9147435897435897,0.9383022774327122,0.9209809264305178,0.9519230769230769,0.9419414770088249,0.9145569620253164,0.9096153846153846,0.8984455958549222,0.9878861388669254,0.9881410256410257,0.9879560221635906,0.9512228010210211,0.9517374517374517,0.8390723822909346,0.885893980233603,0.8784860557768924,0.9037245256500351,0.8936170212765958,0.8545034642032333,0.8411806043569923,0.8140814081408141,0.9614768618057764,0.9620520028109627,0.9617308194894402,0.9132452349928865,0.48691860465116277,0.19872276483846732,0.35356200527704484,0.0029069767441860465,0.41172051089406464,0.00353045013239188,0.3559322033898305,0.3035311795642374,0.3764940239043824,0.6755033784588481,0.6126972201352366,0.5315269535751338,0.45760172689804923,,,,,,,,,,,,,,,,,,,,,,,,,,,0.0,0.06120527306967985,0.0,0.0,0.2984934086629002,0.0,0.3559322033898305,0.3559322033898305,0.525,0.04331450094161959,0.04331450094161959,0.08303249097472924,0.08898305084745763,0.9789829512051734,0.864423076923077,0.7442023893183415,0.012772351615326822,0.0,,
v15_dinov2_vit_package,v15_dinov2_vit_mixup_seed1,stage_a,vit_mixup,dinov2_pretrained,include64_train_only,1.0,30,id_val,False,846.1,C:\Users\EM328 Super\Desktop\caxton-new-codex\v15_dinov2_vit_package\runs\v15_results\v15_dinov2_vit_mixup_seed1\metrics.json,0.8636753971661657,0.8497942386831275,0.883205268935236,0.8325358851674641,0.724132863021752,0.7293512432123463,0.6253068511492971,0.7055408583186361,0.7049943389105549,0.8583237241832226,0.8586860670194003,0.8583446746552129,0.7964382426303906,0.8938740293356342,0.8355769230769231,0.8858486532706284,0.8001816530426885,0.7032051282051283,0.7110573042776432,0.5379746835443038,0.6737179487179488,0.6204379562043796,0.8368849362663869,0.8349358974358975,0.8340117403440853,0.7905537927126894,0.7915057915057915,0.7624736472241743,0.8118811881188119,0.7410358565737052,0.657765284609979,0.6708746618575293,0.48036951501154734,0.6465214335910049,0.5636856368563686,0.816513347977374,0.8130709768095573,0.8116202974572723,0.7384885617478176,0.7906976744186046,0.6374906085649887,0.5932388222464559,0.26453488372093026,0.4263711495116454,0.2416998671978752,0.4001883239171375,0.45041322314049587,0.5266418835192069,0.4359262640023174,0.38467317806160783,0.38087589005944905,0.5017389924439927,,,,,,,,,,,,,,,,,,,,,,,,,,,0.0,0.3559322033898305,0.0,0.0,0.2033898305084746,0.0,0.4001883239171375,0.4001883239171375,0.5716207128446537,0.0018832391713747645,0.0018832391713747645,0.0037593984962406013,0.10004708097928437,0.43261316872427985,0.38269230769230766,0.3394237526352776,0.05033809166040571,0.0,,
v15_dinov2_vit_package,v15_dinov2_vit_seed1,stage_a,vit,dinov2_pretrained,include64_train_only,1.0,48,id_val,False,951.94,C:\Users\EM328 Super\Desktop\caxton-new-codex\v15_dinov2_vit_package\runs\v15_results\v15_dinov2_vit_seed1\metrics.json,0.9051094890510949,0.9018224573780129,0.9214293519833898,0.8795128316659417,0.8256907701352145,0.8212001218397806,0.8471323365320241,0.8285567313345091,0.8429935598489895,0.9100800526491181,0.9110082304526749,0.9100656590335182,0.894772249462276,0.9309749784296808,0.8910256410256411,0.9105485232067511,0.810172570390554,0.8003205128205129,0.7883340698188246,0.7194092827004219,0.7958333333333333,0.768018018018018,0.8815415471875677,0.8804487179487179,0.8799034917569738,0.8528188793380698,0.8223938223938224,0.803232607167955,0.824782187802517,0.7470119521912351,0.7624736472241743,0.7583417593528817,0.6212471131639723,0.7561489810260014,0.682741116751269,0.8500831421087433,0.8475052705551651,0.8468397004159817,0.7834908863363504,0.8430232558139535,0.6483846731780616,0.6243272335844995,0.18895348837209303,0.4567993989481593,0.18964259664478483,0.4548022598870056,0.47370398196844477,0.5466893039049237,0.47802393004584776,0.4188580015026296,0.4051373228992547,0.5125938738252807,,,,,,,,,,,,,,,,,,,,,,,,,,,0.0,0.3446327683615819,0.0,0.0,0.2796610169491525,0.0,0.4548022598870056,0.4548022598870056,0.625242718446602,0.005649717514124294,0.005649717514124294,0.011235955056179775,0.1137005649717514,0.6244855967078189,0.5621794871794872,0.4905130007027407,0.08001502629601803,0.0,,
v15a_unfreeze_domadv_package,v15a_unfreeze_caxton_seed1,stage_a,vit,dinov2_partial,include64_train_only,1.0,46,id_val,False,3694.59,C:\Users\EM328 Super\Desktop\caxton-new-codex\v15a_unfreeze_domadv_package\runs\v15a_results\v15a_unfreeze_caxton_seed1\metrics.json,0.9939888364104766,0.9947089947089947,0.9950569525037611,0.9986950848194868,0.9977954144620811,0.997285264415246,0.9944208881945994,0.9941945914168137,0.9929805013927576,0.9994288368593979,0.9994121105232217,0.999404510111877,0.9967222416395424,0.9870578084555651,0.9772435897435897,0.9794520547945206,0.9881925522252498,0.992948717948718,0.992248062015504,0.9736286919831224,0.9769230769230769,0.9700472937467158,0.9980844928298965,0.9980769230769231,0.998132927553935,0.9872197631659844,0.9575289575289575,0.9536191145467322,0.9529298751200769,0.9800796812749004,0.9810260014054814,0.9830169830169829,0.9445727482678984,0.9529163738580464,0.9380733944954128,0.9931503626844714,0.9929725931131412,0.9931055213877654,0.9699784533439028,0.47093023255813954,0.21187077385424494,0.3730569948186529,0.0,0.45154019534184825,0.0,0.2580037664783427,0.2021036814425244,0.2780314561136479,0.6998897313906234,0.6412471825694966,0.5849225871329744,0.43031464010999776,,,,,,,,,,,,,,,,,,,,,,,,,,,0.0,0.1694915254237288,0.0,0.0,0.3436911487758945,0.0,0.2580037664783427,0.2580037664783427,0.41017964071856283,0.10734463276836158,0.10734463276836158,0.19387755102040816,0.06450094161958568,0.9914756025867137,0.969551282051282,0.9339423752635277,0.002253944402704733,0.0,,
v15b_ablation_package,v15b_frozen_caxton_seed1,stage_a,vit,dinov2_frozen,include64_train_only,1.0,50,id_val,False,3643.94,C:\Users\EM328 Super\Desktop\caxton-new-codex\v15b_ablation_package\runs\v15b_results\v15b_frozen_caxton_seed1\metrics.json,0.8971661657363675,0.9065255731922398,0.9231278992710404,0.889734667246629,0.8389917695473251,0.8336220071319409,0.8125418433385405,0.8387713109935332,0.840489381348107,0.9162953103666394,0.9170340975896532,0.9162448246106503,0.8863704899308051,0.9154443485763589,0.8868589743589743,0.9045183290707586,0.8301544050862852,0.8201923076923077,0.8135291499777481,0.6772151898734177,0.8003205128205129,0.7611144042679312,0.8896122767242733,0.8887820512820512,0.8886212157062584,0.8408164222289847,0.8108108108108109,0.8116654954321855,0.8267716535433073,0.7549800796812749,0.7828531271960647,0.7766393442622951,0.5958429561200924,0.7786366830639494,0.6935483870967742,0.8530732370026984,0.8503162333099087,0.8501423109208565,0.775102339204065,0.8401162790697675,0.6836964688204358,0.653846153846154,0.1744186046511628,0.45116453794139744,0.17937219730941706,0.3747645951035782,0.4526671675432006,0.48894348894348894,0.4836083853702052,0.4237415477084899,0.40944708670822605,0.48986872935524994,,,,,,,,,,,,,,,,,,,,,,,,,,,0.0,0.4274952919020716,0.0,0.0,0.268361581920904,0.0,0.3747645951035782,0.3747645951035782,0.5452054794520548,0.005649717514124294,0.005649717514124294,0.011235955056179775,0.09369114877589454,0.6502057613168725,0.5858974358974359,0.5249472944483485,0.09166040570999248,0.0,,
v15b_ablation_package,v15b_normonly_caxton_seed1,stage_a,vit,dinov2_norm_only,include64_train_only,1.0,44,id_val,False,3577.05,C:\Users\EM328 Super\Desktop\caxton-new-codex\v15b_ablation_package\runs\v15b_results\v15b_normonly_caxton_seed1\metrics.json,0.9044654358093602,0.9042475014697237,0.9220836069161742,0.9066985645933014,0.8371546149323927,0.8342171085542772,0.8384289221155992,0.8408289241622575,0.8482727477986002,0.9145893826397137,0.9146825396825397,0.9142837541228189,0.8952926834678989,0.9275237273511648,0.8842948717948718,0.9033613445378151,0.8328792007266121,0.8086538461538462,0.8050921861281827,0.7162447257383966,0.8044871794871795,0.7711527541169789,0.8897884258472284,0.8887820512820512,0.8891517499564371,0.8517081146860762,0.8281853281853282,0.8053408292340126,0.8273866923818708,0.7788844621513944,0.7716092761770906,0.7827827827827828,0.6235565819861432,0.7786366830639494,0.7031249999999999,0.8571707318984162,0.8545326774420239,0.8549345347184955,0.7895160035115554,0.8590116279069767,0.6791885800150262,0.6537610619469025,0.2136627906976744,0.4530428249436514,0.21444201312910285,0.4067796610169492,0.47257700976709244,0.515820895522388,0.4604866974623525,0.4027047332832457,0.39608514609325507,0.5019907128878562,,,,,,,,,,,,,,,,,,,,,,,,,,,0.0,0.4114877589453861,0.0,0.0,0.2344632768361582,0.0,0.4067796610169492,0.4067796610169492,0.5783132530120482,0.00847457627118644,0.00847457627118644,0.01680672268907563,0.1016949152542373,0.6454291593180482,0.5727564102564102,0.5052705551651441,0.0875281743050338,0.0,,
v15b_ablation_package,v15b_partial_caxton_w05_seed1,stage_a,vit,dinov2_partial,include64_train_only,1.0,46,id_val,False,3804.64,C:\Users\EM328 Super\Desktop\caxton-new-codex\v15b_ablation_package\runs\v15b_results\v15b_partial_caxton_w05_seed1\metrics.json,0.9959209961356805,0.9954438565549677,0.996027911969941,0.9993475424097433,0.9977954144620811,0.9975035276240095,0.9939745592501674,0.9945620223398001,0.9931987958523805,0.999135492636731,0.9991181657848325,0.9991061252017387,0.9970949315825046,0.99137187230371,0.9804487179487179,0.981631781290047,0.9909173478655767,0.9942307692307693,0.9940774487471525,0.9789029535864979,0.9794871794871794,0.9737670514165792,0.9987067571936631,0.9987179487179487,0.9987552850359567,0.9902980434389461,0.9594594594594594,0.9564300773014758,0.9521072796934865,0.9800796812749004,0.983134223471539,0.9849849849849851,0.9584295612009238,0.9571328179901616,0.9496567505720824,0.9918906497447312,0.9915671117357695,0.991844700508668,0.9744921754838209,0.4127906976744186,0.19646882043576258,0.3292753623188406,0.0,0.4564237415477085,0.0,0.24858757062146894,0.19797145003756575,0.2626865671641791,0.706429444609641,0.6491359879789632,0.5994624652968477,0.4131515846178315,,,,,,,,,,,,,,,,,,,,,,,,,,,0.0,0.12617702448210924,0.0,0.0,0.3766478342749529,0.0,0.24858757062146894,0.24858757062146894,0.3981900452488688,0.128060263653484,0.128060263653484,0.2270450751252087,0.062146892655367235,0.9921369782480893,0.9737179487179487,0.938158819395643,0.004507888805409466,0.0,,
v15c_dualenc_package,v15c_dualenc_seed1,stage_a,vit_dual,dinov2_dual,include64_train_only,1.0,17,id_val,False,2045.22,C:\Users\EM328 Super\Desktop\caxton-new-codex\v15c_dualenc_package\runs\v15c_results\v15c_dualenc_seed1\metrics.json,0.9623655913978495,0.8853537751848586,0.9005480190459079,0.9170447180816591,0.7436401872328878,0.7273194551529171,0.8582118188795088,0.7610745539651312,0.7756871585883984,0.9923159679249872,0.9920629536666441,0.9924019241770399,0.9326161660365846,0.743391360412637,0.6746823956442831,0.668599594085242,0.5792349726775956,0.47368421052631576,0.4737430167597765,0.7071428571428572,0.4627949183303085,0.4856341976173791,0.9201891970710544,0.9135662431941923,0.8951932586373621,0.7304743675291179,0.9732360097323601,0.6683070866141733,0.6235385814497272,0.8366013071895425,0.4675196850393701,0.6134185303514377,0.5502958579881657,0.39616141732283466,0.5057096247960848,0.8885164600800882,0.9128937007874016,0.8827592312069213,0.8400332937275171,0.7654618473895582,0.70552653285675,0.7773246329526918,0.7041773231031543,0.4349738795710751,0.5030450669914737,0.7185405807892777,0.5180093483640363,0.589133089133089,0.34868648807262,0.35331317019521585,0.2222165997084574,0.786281330996777,0.75,0.7100907634810465,0.7839453458582407,0.6947040498442367,0.41697810998398294,0.4986025712688653,0.6401098901098901,0.45435130806193275,0.5215444879686625,0.364158720058229,0.3710624666310731,0.23750191479589258,0.7676768392205067,0.7804107424960506,0.7006802721088435,0.7712724434035909,0.7156308851224106,0.45408163265306123,0.5083612040133779,0.8113821138211382,0.5856009070294784,0.6702484889187375,0.33203990377764286,0.3344671201814059,0.20645829889111358,0.808306188310996,,,,,,,,,,,,,,0.5925649548877281,0.20326678765880218,0.2170275590551181,0.03574374484465218,,0.013881473571809931,0.05895691609977324
v15c_dualenc_package,v15c_dualenc_temporal_seed1,stage_a,vit_dual,dinov2_dual,temporal_81,1.0,34,id_val,False,3190.77,C:\Users\EM328 Super\Desktop\caxton-new-codex\v15c_dualenc_package\runs\v15c_results\v15c_dualenc_temporal_seed1\metrics.json,0.9057408844065167,0.9060468140442133,0.921286249753403,0.901883830455259,0.8081274382314695,0.800278600034825,0.9326129666011788,0.7703511053315995,0.8145161290322581,0.9950828782432732,0.9950585175552665,0.9950592425053104,0.933888460178385,0.9336455893832943,0.9015684153596538,0.9126287676459368,0.8683565004088307,0.8004326663061114,0.7860843819393041,0.8543845534995977,0.7533802055164954,0.7993978170869402,0.9951183067875992,0.9951325040562466,0.9951128670107398,0.9132940926046321,0.843859649122807,0.8339307048984468,0.8387096774193549,0.8122743682310469,0.7682198327359617,0.7731958762886597,0.7593582887700535,0.7126642771804063,0.7383015597920277,0.9874137336093858,0.9874551971326165,0.9874009130170139,0.8538730765309769,0.61285140562249,0.6934286499862524,0.7164319248826291,0.43478260869565216,0.5592521308770965,0.491566265060241,0.8041697691734921,0.5130602144624691,0.6132879045996593,0.32414104661168464,0.32884245257080014,0.18705657868656725,0.6973132529403334,0.5964052287581699,0.7170315002669514,0.7256461232604373,0.4454828660436137,0.5579284570208222,0.49140893470790376,0.7087912087912088,0.4223171382808329,0.5512820512820513,0.332026113162335,0.3390282968499733,0.18491318007693533,0.6802246848324174,0.6287519747235387,0.6683673469387755,0.7081850533807829,0.4218455743879473,0.5606575963718821,0.49176728869374314,0.9170731707317074,0.6094104308390023,0.6836363636363636,0.3156232307677493,0.31802721088435376,0.18865437460313603,0.7174657406690614,,,,,,,,,,,,,,0.6346553966189857,0.6016765819361817,0.5388291517323776,0.05416552103381908,,0.034703683929524824,0.07482993197278912
v16_dinov3_package,v16_dinov3_seed1,stage_a,vit_dual,dinov3_dual,include64_train_only,1.0,31,id_val,False,3011.21,C:\Users\EM328 Super\Desktop\caxton-new-codex\v16_dinov3_package\runs\v16_results\v16_dinov3_seed1\metrics.json,0.908410138248848,0.8886778373244691,0.9144679617280372,0.8660617844026788,0.8059833118512991,0.7926057730328193,0.8161933998465081,0.7984532935350384,0.8130733944954128,0.9912082718772487,0.9913845736381521,0.9914967666760162,0.8951100934056948,0.7646679561573179,0.7152903811252269,0.71922377198302,0.3135245901639344,0.45530852994555354,0.33260869565217394,0.45816326530612245,0.5739564428312159,0.41079597438243365,0.8975084213861507,0.9053992740471869,0.8822640443165173,0.6107653377464938,0.9659367396593674,0.7568897637795275,0.7231329690346084,0.7679738562091504,0.5654527559055118,0.6488725264611137,0.49940828402366866,0.43553149606299213,0.5274999999999999,0.8223027794768614,0.8617125984251969,0.8075144910264541,0.807190248687723,0.6481927710843374,0.7096508111080561,0.7319727891156463,0.473998294970162,0.5331317019521584,0.5169688516968851,0.4653760238272524,0.48941435248831455,0.5357908272610373,0.35379271746383223,0.3577124003299423,0.25257740272105056,0.6182565165809173,0.6503267973856209,0.7245061398825414,0.7425373134328359,0.4937694704049844,0.5141484249866525,0.5192465192465192,0.33516483516483514,0.40630005339028297,0.39901880621422725,0.3732591110924761,0.3796049119060331,0.26840327541834463,0.6029657459582959,0.6461295418641391,0.6938775510204082,0.7219770520741394,0.4500941619585687,0.5532879818594104,0.5139784946236559,0.6195121951219512,0.5776643990929705,0.6864864864864865,0.3328749925514642,0.3344671201814059,0.23680366004337672,0.6376186290363334,,,,,,,,,,,,,,0.6522623973950207,0.24977313974591653,0.28051181102362205,0.06791311520483916,,0.022957821676454885,0.11564625850340136
v16_dinov3_package,v16_lite_dinov3_6blk_seed1,stage_a,vit_dual,dinov3_truncated_6blk,include64_train_only,1.0,23,id_val,False,2356.88,C:\Users\EM328 Super\Desktop\caxton-new-codex\v16_dinov3_package\runs\v16_results\v16_lite_dinov3_6blk_seed1\metrics.json,0.8657834101382489,0.7797978427515094,0.8372481663726674,0.5119896305897602,0.6394410148565226,0.600303951367781,0.7298541826554106,0.6511091513465843,0.6994575710214214,0.9982907664410878,0.9981005359202225,0.9981795473601611,0.7767789939849142,0.7601547388781431,0.6860254083484574,0.6947554507955216,0.3463114754098361,0.5764519056261344,0.4361290322580646,0.5724489795918367,0.610934664246824,0.4613486842105263,0.9682670638718429,0.9682395644283122,0.9596603358787977,0.6589173310258335,0.8491484184914841,0.6742125984251969,0.644506001846722,0.3888888888888889,0.4645669291338583,0.4972144846796657,0.6,0.5137795275590551,0.5827586206896552,0.9183299957242461,0.9493110236220472,0.9228087131478762,0.7092814325880286,0.7349397590361446,0.701402254605444,0.7580778790389394,0.2421142369991475,0.5213087709650811,0.34803921568627455,0.552494415487714,0.4619191641462744,0.5396363636363637,0.3718662677890762,0.37640912840252955,0.2504829397775074,0.6271068429294924,0.7271241830065359,0.6860651361452216,0.751054852320675,0.29439252336448596,0.5045381740523225,0.40170031880977686,0.4010989010989011,0.35290977042178323,0.42846661775495226,0.3527858689447447,0.3598505072076882,0.21412777931384377,0.6036946542185779,0.7424960505529226,0.717687074829932,0.7648494711147275,0.17890772128060264,0.5391156462585034,0.2749638205499277,0.7317073170731707,0.5776643990929705,0.6488824801730353,0.3922648401794135,0.39399092970521543,0.28299319774609794,0.6544244838624244,,,,,,,,,,,,,,0.4110304592632793,0.29491833030852993,0.1796259842519685,0.06681330767115755,,0.019220501868659905,0.11734693877551021
v16_dinov3_package,v16_lite_mnv3_seed1,stage_a,gmu,mobilenetv3_lite,include64_train_only,1.0,42,id_val,False,3072.45,C:\Users\EM328 Super\Desktop\caxton-new-codex\v16_dinov3_package\runs\v16_results\v16_lite_mnv3_seed1\metrics.json,0.8673195084485407,0.9103859982362119,0.9233442354865085,0.8889608986822208,0.9002102978088325,0.8773987206823027,0.7837682271680737,0.8711077945865273,0.8583736079008195,0.9670850502168934,0.9631639644528865,0.9630194726876385,0.8835423221738908,0.5938104448742747,0.7023593466424682,0.6720175118569865,0.805327868852459,0.647912885662432,0.6433833560709413,0.21428571428571427,0.5746370235934665,0.27184466019417475,0.7876397353386411,0.8502722323049002,0.795683458575913,0.6329478437378059,0.902676399026764,0.7258858267716536,0.7525354969574037,0.7331154684095861,0.5634842519685039,0.6174311926605505,0.41301775147928993,0.4660433070866142,0.4780821917808219,0.7022736641092172,0.7524606299212598,0.6194664296804253,0.759011885130004,0.7799196787148595,0.6884795160846852,0.7562305295950156,0.16197783461210571,0.41930162221611217,0.23156611822059722,0.5026061057334326,0.4580698377783888,0.5170432784373803,0.4443266260177752,0.44652185867473193,0.3615069337153496,0.5613696090705421,0.7140522875816994,0.6951414842498665,0.7463706233988044,0.13239875389408098,0.402028830752803,0.1923076923076923,0.3804945054945055,0.36732514682327816,0.3948681397006415,0.5163719316938341,0.5216230646022424,0.4238902100565857,0.5379276093131043,0.8436018957345972,0.68140589569161,0.7644953471725127,0.1977401129943503,0.4376417233560091,0.27741083223249674,0.6471544715447154,0.5544217687074829,0.6589403973509933,0.3670104843242005,0.3667800453514739,0.2971268531616632,0.5890718435085507,,,,,,,,,,,,,,0.7684688962756936,0.36343012704174227,0.31299212598425197,0.0970580148474017,,0.0993059263214095,0.09467120181405896
v16_dinov3_package,v16_purevision_seed1,stage_a,none,dinov3_purevision,include64_train_only,1.0,9,id_val,False,1571.46,C:\Users\EM328 Super\Desktop\caxton-new-codex\v16_dinov3_package\runs\v16_results\v16_purevision_seed1\metrics.json,0.8317972350230415,0.8070008818940371,0.8238874096614683,0.6286454957874271,0.7882775931076589,0.700024055809478,0.6922486569455104,0.7490672274608235,0.7597388923983998,0.9398129496605953,0.9426768875924293,0.9425316330625141,0.7643359348735551,0.536428110896196,0.5501361161524501,0.5455737704918032,0.4719945355191257,0.45349364791288566,0.4303955154157583,0.14387755102040817,0.4811705989110708,0.19610570236439498,0.8531398267004295,0.8527676950998185,0.8296291874945054,0.49628690552997234,0.7153284671532847,0.5866141732283464,0.5126416739319966,0.5435729847494554,0.3809055118110236,0.47501189909566877,0.4591715976331361,0.37598425196850394,0.5542857142857143,0.7974455148366841,0.8361220472440944,0.7820193113887116,0.6674398667595387,0.41285140562248995,0.4368985427550179,0.5226232841891204,0.13469735720375106,0.35908715974704425,0.2085808580858086,0.41697691734921816,0.3953808083585373,0.4175988068605518,0.347315401295273,0.34918889194390984,0.2991746952540257,0.39974230550284123,0.33986928104575165,0.4335290977042178,0.4653243847874721,0.09657320872274143,0.3646556326748532,0.1559748427672956,0.38461538461538464,0.38280832888414307,0.37761294672960216,0.38467319221680435,0.38921516284036306,0.3251108780451344,0.3964870391288848,0.4834123222748815,0.44047619047619047,0.5703634669151911,0.1807909604519774,0.3531746031746032,0.26666666666666666,0.45528455284552843,0.4087301587301587,0.4670558798999166,0.30710754540418844,0.3066893424036281,0.2684909541646158,0.4033964108323886,,,,,,,,,,,,,,0.5492164710670918,0.198502722323049,0.14960629921259844,0.024195765740995325,,0.027762947143619862,0.02040816326530612
v17_caxton_adapted_package,v17_4blk_seed1,stage_a,vit_dual,dinov3_truncated_4blk,include64_train_only,1.0,49,id_val,False,3623.64,C:\Users\EM328 Super\Desktop\caxton-new-codex\v17_caxton_adapted_package\runs\v17_results\v17_4blk_seed1\metrics.json,0.8354454685099847,0.8095787260023065,0.8467451590931205,0.6370706416072586,0.7188114781900821,0.6663653824426619,0.7678434382194935,0.7107387558510277,0.7413856984068175,0.9863782946803102,0.9867037514415575,0.9864131357317004,0.8052969422989081,0.696969696969697,0.6454174228675136,0.6603543066585217,0.45081967213114754,0.5868874773139746,0.5207100591715976,0.6755102040816326,0.6168330308529946,0.5502909393183707,0.8937219913569896,0.9215063520871143,0.8954065802424384,0.6882107047630635,0.8637469586374696,0.7303149606299213,0.674264007597341,0.5010893246187363,0.59251968503937,0.5844980940279543,0.5798816568047337,0.5954724409448819,0.6001224739742805,0.8861972623857977,0.9045275590551181,0.8738573258081995,0.7339005424445877,0.7068273092369478,0.69865273577124,0.7360936846507736,0.3981244671781756,0.5793236183667858,0.47291139240506325,0.48622486969471335,0.46796810558152324,0.5038580246913581,0.378967109101785,0.37723398405279074,0.32287656985725205,0.46278197631218704,0.7026143790849673,0.6946075814201815,0.7337883959044368,0.40809968847352024,0.5675387079551522,0.4781021897810219,0.3695054945054945,0.3561131873998932,0.39851851851851855,0.41029151220827614,0.41057127602776294,0.35445196388083416,0.45547808800815853,0.7109004739336493,0.7029478458049887,0.7383100902378998,0.3860640301318267,0.5918367346938775,0.4664391353811148,0.624390243902439,0.5867346938775511,0.6183574879227053,0.34519500857181834,0.34183673469387754,0.2852841242631183,0.4733403733326196,,,,,,,,,,,,,,0.5089885353775185,0.28697822141560797,0.29576771653543305,0.09898267803134451,,0.04538174052322477,0.15589569160997732
v17_caxton_adapted_package,v17_5blk_seed1,stage_a,vit_dual,dinov3_truncated_5blk,include64_train_only,1.0,26,id_val,False,2699.18,C:\Users\EM328 Super\Desktop\caxton-new-codex\v17_caxton_adapted_package\runs\v17_results\v17_5blk_seed1\metrics.json,0.7795698924731183,0.7944508513669357,0.8285714285714286,0.41672067401166557,0.6393053388508242,0.5352386237513874,0.6786262471220261,0.6300115324604844,0.6828185328185328,0.9965516290500176,0.9964724238518418,0.9966165924176269,0.7178345203751176,0.6370083816892328,0.6490471869328494,0.6512854317732367,0.2226775956284153,0.5256352087114338,0.3235732009925558,0.5112244897959184,0.6524500907441017,0.4673507462686567,0.9730883871284194,0.9709618874773139,0.9631522335524485,0.5807013777113362,0.8102189781021898,0.7293307086614174,0.6823770491803279,0.340958605664488,0.5570866141732284,0.47460197119029573,0.5313609467455621,0.5236220472440944,0.5793548387096774,0.9021976482871459,0.922244094488189,0.887023415844635,0.67063463262806,0.6586345381526104,0.6835303821831179,0.7331247206079571,0.1875532821824382,0.5009623315919715,0.29081295439524124,0.4973938942665674,0.4591696453120704,0.5387096774193548,0.5814997734030906,0.5809733296673082,0.5759700130015375,0.48049331654642347,0.6568627450980392,0.6833956219967966,0.7249774571686203,0.20093457943925233,0.49279231179925254,0.30317273795534666,0.3901098901098901,0.3694607581420182,0.4493670886075949,0.6722011344898564,0.6737853710624666,0.656854060943819,0.498497179837344,0.660347551342812,0.6836734693877551,0.7411347517730497,0.1713747645951036,0.5096371882086168,0.2749244712990937,0.624390243902439,0.5544217687074829,0.6315789473684211,0.48398680902678315,0.4824263038548753,0.48263647631815604,0.46352223776784585,,,,,,,,,,,,,,0.41537209144562787,0.30421960072595283,0.24507874015748032,0.11108056090184218,,0.06780565936999466,0.15702947845804988
v17_caxton_adapted_package,v17_5blk_seed2,stage_a,vit_dual,dinov3_truncated_5blk,include64_train_only,2.0,31,id_val,False,3121.66,C:\Users\EM328 Super\Desktop\caxton-new-codex\v17_caxton_adapted_package\runs\v17_results\v17_5blk_seed2\metrics.json,0.7851161849204868,0.7980462655179431,0.7852824789821211,0.6553058384059106,0.6589105216742419,0.6586942601201208,0.6825899503476531,0.6814327386201751,0.6785795822488639,0.9973511375944822,0.9970151278746354,0.9971300428323365,0.7800907778171332,0.6985322721690288,0.6601633393829401,0.6677081685681793,0.506148259856628,0.5129310344827587,0.4979195715486215,0.5719024010372821,0.6073049001814882,0.5564541621809627,0.9722240397818448,0.9754990925589837,0.9678133665414728,0.6872017432111959,0.7258623948075013,0.6845472440944882,0.6801409283833721,0.5519113909992001,0.5866141732283464,0.564056468804141,0.5620788178162096,0.562007874015748,0.5526015050965151,0.8965650604480605,0.9178149606299213,0.8808395036193891,0.6841044160177429,0.7015845432069203,0.7016772064888644,0.7006188335571254,0.5248715309824786,0.5276326642837503,0.5261168466718881,0.4629916582646625,0.4745669507836129,0.45227591900024056,0.5742824338411138,0.576024195765741,0.5323532807056107,0.5659325415737938,0.6914284555642253,0.6892685531233316,0.6895653466861636,0.49468107010768464,0.5002669514148425,0.5011329522362692,0.35767556325212285,0.37213027229044315,0.34952318546813316,0.6226970456073253,0.6268019220501868,0.5727641966102206,0.5416205336328395,0.7127326292656647,0.7148526077097506,0.7125643667747491,0.5554716244761103,0.5566893424036281,0.5503265702230165,0.5750504242747345,0.5833333333333334,0.562259988654573,0.5228738861273877,0.5226757369614512,0.48911723787720246,0.5915321410359743,,,,,,,,,,,,,,0.44834136083033715,0.28039927404718695,0.2829724409448819,0.11245532031894419,,0.03683929524826481,0.1927437641723356
v17_caxton_adapted_package,v17_5blk_seed3,stage_a,vit_dual,dinov3_truncated_5blk,include64_train_only,3.0,40,id_val,False,4235.5,C:\Users\EM328 Super\Desktop\caxton-new-codex\v17_caxton_adapted_package\runs\v17_results\v17_5blk_seed3\metrics.json,0.7879083707226598,0.8120208941048775,0.787680534243353,0.720687618710267,0.7193541822128756,0.7221384872226474,0.6953788245156316,0.6999525133980056,0.6994335230992269,0.9983135347980848,0.9982362119259209,0.9983135347980848,0.8005720871866608,0.700968424135416,0.6517695099818511,0.6468326234707779,0.5638304261426009,0.5943738656987296,0.5600057754236888,0.5807256301006639,0.5612522686025408,0.5398589011519336,0.9713399810316347,0.9646098003629764,0.9553218007739278,0.7042161153525789,0.7482361167947262,0.702263779527559,0.687465873517887,0.5974330601355324,0.5994094488188977,0.5869473132593723,0.551438216695476,0.5826771653543307,0.5568583856529502,0.9345703062829059,0.9552165354330708,0.9327324036751502,0.7079194249771601,0.7032468491958882,0.7033269177893868,0.6894023767889518,0.5624468738336064,0.5636513610118229,0.5661228791087328,0.46259918857616333,0.46989276876546604,0.46438552012594125,0.46928506321481195,0.47126752818256806,0.4217239008394158,0.5493944937051175,0.7024749623141227,0.6983449012279765,0.6885939715197171,0.5408298480511942,0.5413774693005873,0.5471342109660275,0.354183544873526,0.36412172984516816,0.3581812322831445,0.5150163426500277,0.5194874532835024,0.4556863550899975,0.5281261744722177,0.703560665811997,0.7086167800453514,0.6897844737030835,0.5831721134709428,0.5873015873015873,0.5843819911210361,0.5772584299613488,0.5821995464852607,0.5757375817665394,0.4199504033780655,0.4200680272108844,0.38608790867304105,0.5709854031555885,,,,,,,,,,,,,,0.5058001492436063,0.2878856624319419,0.3154527559055118,0.09320868847951609,,0.04378003203416978,0.14569160997732428
v17_caxton_adapted_package,v17_6blk_seed2,stage_a,vit_dual,dinov3_truncated_6blk,include64_train_only,2.0,31,id_val,False,2782.35,C:\Users\EM328 Super\Desktop\caxton-new-codex\v17_caxton_adapted_package\runs\v17_results\v17_6blk_seed2\metrics.json,0.8461981566820277,0.8059154738484499,0.8511830033800096,0.7632317995247354,0.6880808628993963,0.6712263702859315,0.8041059094397545,0.6966962892612442,0.7355212355212355,0.9990160087461278,0.9989145919544129,0.9989715843963886,0.853320060481159,0.7221147646679562,0.691016333938294,0.6902927580893683,0.5341530054644809,0.5301724137931034,0.5168539325842695,0.6316326530612245,0.61002722323049,0.49899234179766216,0.9698279205057609,0.969147005444646,0.9601883192859043,0.7116495470034688,0.8759124087591241,0.7091535433070866,0.6876790830945558,0.6710239651416122,0.577263779527559,0.6370217166494313,0.672189349112426,0.5585629921259843,0.6407219402143259,0.938796072871123,0.9650590551181102,0.9458625251690315,0.8045535364962259,0.7253012048192771,0.7069012922738521,0.7591424968474147,0.5063938618925832,0.5460544404729173,0.5256637168141592,0.5986597170513775,0.49106406378883694,0.5622377622377622,0.3532233380545358,0.35798735221336264,0.2203274768544681,0.7027146098319549,0.7156862745098039,0.6956753870795516,0.7525773195876289,0.5404984423676013,0.5200213561131874,0.535907335907336,0.4725274725274725,0.38761345435130806,0.4715558601782042,0.34254690478950495,0.34970635344367323,0.19534777905696266,0.6806106492320971,0.7345971563981043,0.7188208616780045,0.7654320987654322,0.4651600753295669,0.5736961451247166,0.511917098445596,0.7479674796747967,0.6009070294784581,0.6566738044254103,0.3645794704918201,0.3667800453514739,0.2438862737758537,0.7284994746465697,,,,,,,,,,,,,,0.46564005155688215,0.28107985480943737,0.28346456692913385,0.05966455870222711,,0.011211959423384944,0.1111111111111111
v17_caxton_adapted_package,v17_6blk_seed3,stage_a,vit_dual,dinov3_truncated_6blk,include64_train_only,3.0,23,id_val,False,2374.98,C:\Users\EM328 Super\Desktop\caxton-new-codex\v17_caxton_adapted_package\runs\v17_results\v17_6blk_seed3\metrics.json,0.8784562211981567,0.8028627637202361,0.8465167915625866,0.7258587167854829,0.671053524184248,0.6446043165467625,0.6730621642363775,0.6743775863238586,0.6935547647291419,0.9976712527134275,0.9973543178888814,0.9973573247092489,0.8192803696245339,0.7440361057382334,0.6445099818511797,0.678424456202234,0.605191256830601,0.5617059891107078,0.5684953480911132,0.5357142857142857,0.618421052631579,0.47705588368923213,0.9619766564437212,0.969147005444646,0.9596584548236141,0.7134608736839967,0.8953771289537713,0.703248031496063,0.6513274336283186,0.6220043572984749,0.5349409448818898,0.6007364544976328,0.49467455621301776,0.5132874015748031,0.537966537966538,0.918377610980602,0.9483267716535433,0.9225885848285866,0.753014010616316,0.7718875502008032,0.6981028320043993,0.7608867775138558,0.5140664961636828,0.545229584822656,0.5310435931307794,0.4825018615040953,0.47511685455045366,0.5181927229108357,0.3756587788999562,0.3802584547704152,0.2541035031175745,0.6892707600703135,0.761437908496732,0.6860651361452216,0.7461969575660528,0.5545171339563862,0.5226908702616124,0.5493827160493828,0.36126373626373626,0.36572343833422316,0.4122257053291536,0.35006093381795383,0.3571809930592632,0.20881788300760307,0.6685209956196525,0.7819905213270142,0.7108843537414966,0.7752545027407989,0.4651600753295669,0.5691609977324263,0.5066666666666667,0.6260162601626016,0.5912698412698413,0.6285714285714286,0.4030177036117455,0.40476190476190477,0.2943922779262049,0.7132326922823673,,,,,,,,,,,,,,0.44657757275625803,0.28924682395644286,0.24163385826771652,0.06846301897167996,,0.008542445274959957,0.1320861678004535
v17_caxton_adapted_package,v17_caxton_dual_seed1,stage_a,vit_dual,dinov3_caxton_adapted_dual,include64_train_only,1.0,42,id_val,False,3635.68,C:\Users\EM328 Super\Desktop\caxton-new-codex\v17_caxton_adapted_package\runs\v17_results\v17_caxton_dual_seed1\metrics.json,0.8769201228878648,0.8845397191506682,0.9032832278481012,0.8809678116223807,0.829455260837121,0.8054513134505233,0.8545663852647736,0.8160911742758293,0.8291911011821651,0.9867545039820493,0.9873142934672003,0.987293146101285,0.898384541088949,0.6582849774339136,0.6644736842105263,0.6511479591836734,0.6530054644808743,0.5877949183303085,0.5825716026812919,0.6255102040816326,0.6125226860254084,0.5234842015371478,0.867410722601155,0.8940562613430127,0.8631857562922822,0.7148852926944403,0.9002433090024331,0.7367125984251969,0.6890130353817504,0.8398692810457516,0.6181102362204725,0.6996370235934665,0.5928994082840237,0.47539370078740156,0.5911504424778761,0.7658479834214237,0.812007874015748,0.7375191928864772,0.8321135282977286,0.661847389558233,0.694528457519934,0.7334223408989763,0.3998294970161978,0.5372559802034644,0.4464540694907187,0.5919583023082651,0.47814132526807807,0.550935550935551,0.37876816940060265,0.3799835028869948,0.3321288028359796,0.5624745973831435,0.6633986928104575,0.7047517351841964,0.7449541284403669,0.40809968847352024,0.5226908702616124,0.45565217391304347,0.4684065934065934,0.38547784303256805,0.45588235294117646,0.4417814159939557,0.4452749599572878,0.38559270626814196,0.5593492844249939,0.660347551342812,0.6836734693877551,0.7225583405358686,0.3898305084745763,0.5527210884353742,0.43533123028391163,0.7382113821138211,0.576530612244898,0.6532374100719424,0.3110401427342816,0.31065759637188206,0.27653355598884616,0.5689354717812847,,,,,,,,,,,,,,0.6682043280645817,0.2974137931034483,0.2623031496062992,0.06763816332141875,,0.04644954618259477,0.09013605442176871
v18_dinov2_augmentation_package,v18_cutmix_seed1,stage_a,vit_dual,dinov2_dual,include64_train_only,1.0,36,id_val,False,3362.08,C:\Users\EM328 Super\Desktop\caxton-new-codex\v18_dinov2_augmentation_package\runs\v18_results\v18_cutmix_seed1\metrics.json,0.9585253456221198,0.8806051149854148,0.9042659179422154,0.8783754590624325,0.8156163082558849,0.791358505254963,0.7194934765924789,0.7927549012957058,0.783535311324697,0.9945370364480949,0.9941659317549691,0.9945383465237029,0.888203887292673,0.7401676337846551,0.639065335753176,0.6507936507936508,0.28825136612021857,0.39609800362976405,0.290633608815427,0.45816326530612245,0.5210980036297641,0.4397649363369246,0.9343375762328902,0.933529945553539,0.9168867058952697,0.6009944487128559,0.9829683698296837,0.6643700787401575,0.6205837173579108,0.8257080610021786,0.5605314960629921,0.6755793226381461,0.4153846153846154,0.39911417322834647,0.4868238557558946,0.8592029433868573,0.8976377952755905,0.8571834649546558,0.8057873672970547,0.7301204819277108,0.6928787462194116,0.7534189805221716,0.5839727195225917,0.4819906516359637,0.5183503594400304,0.5390915860014892,0.5226835303821831,0.5773524720893142,0.3483183580356697,0.35303821831179544,0.2171436907027754,0.7053758069360592,0.7173202614379085,0.6833956219967966,0.7530017152658662,0.573208722741433,0.4922584089695675,0.5143256464011181,0.4230769230769231,0.44794447410571275,0.4652567975830815,0.3560268437652523,0.3630539241857982,0.22039961202773897,0.6760503796353827,0.7424960505529226,0.7029478458049887,0.7538091419406575,0.5969868173258004,0.4710884353741497,0.523102310231023,0.6764227642276422,0.6020408163265306,0.7027027027027027,0.33996291068655177,0.3424036281179138,0.2140559916258986,0.7400640977399133,,,,,,,,,,,,,,0.6530086154263618,0.2309437386569873,0.23966535433070865,0.053340665383557875,,0.022957821676454885,0.08560090702947845
v18_dinov2_augmentation_package,v18_geometric_seed1,stage_a,vit_dual,dinov2_dual,include64_train_only,1.0,20,id_val,False,2729.12,C:\Users\EM328 Super\Desktop\caxton-new-codex\v18_dinov2_augmentation_package\runs\v18_results\v18_geometric_seed1\metrics.json,0.9009216589861752,0.8873210772674852,0.9129292732756105,0.8044934111039101,0.8168373923071705,0.792003402807316,0.8217574827321565,0.8029306017230853,0.8065913370998117,0.994519749412723,0.9941659317549691,0.9944608836232253,0.881345796692268,0.6789168278529981,0.6783121597096189,0.6715561224489797,0.16188524590163936,0.3967785843920145,0.19128329297820823,0.6265306122448979,0.5097549909255898,0.4744976816074189,0.9218852197587291,0.9292196007259528,0.9100234837976261,0.5973968255329256,0.9683698296836983,0.7007874015748031,0.6891774891774892,0.6220043572984749,0.5103346456692913,0.5883565172591448,0.4710059171597633,0.3887795275590551,0.45984979780473706,0.8809806112718906,0.9099409448818898,0.8843454129241094,0.7648892375213547,0.653012048192771,0.7044267253230685,0.7407744874715262,0.4884910485933504,0.49023920813857574,0.47869674185463656,0.6574832464631423,0.4971130052240858,0.5954146999325691,0.3413899460993571,0.3461644212262854,0.20454737890942895,0.6914200220430227,0.6372549019607843,0.7079551521623064,0.749279538904899,0.49065420560747663,0.47570742124933263,0.4666666666666666,0.5480769230769231,0.4196476241324079,0.49626865671641796,0.35069600478591495,0.3577148958889482,0.21271419823567547,0.665469861893271,0.6682464454976303,0.7006802721088435,0.733102253032929,0.4858757062146893,0.5056689342403629,0.49425287356321834,0.7869918699186992,0.5793650793650794,0.7128129602356408,0.33136430911422393,0.33390022675736963,0.19637309458465624,0.7217877802812791,,,,,,,,,,,,,,0.6522623973950207,0.2236842105263158,0.23671259842519685,0.053065713500137474,,0.01601708489054992,0.09240362811791383
v18_dinov2_augmentation_package,v18_mixup_seed1,stage_a,vit_dual,dinov2_dual,include64_train_only,1.0,20,id_val,False,2299.84,C:\Users\EM328 Super\Desktop\caxton-new-codex\v18_dinov2_augmentation_package\runs\v18_results\v18_mixup_seed1\metrics.json,0.8755760368663594,0.8848789091649142,0.9057503227728673,0.926550010801469,0.7728783664608914,0.7549727160711144,0.9389869531849578,0.772403500440947,0.7896732553448972,0.9937054780452427,0.9934875517264772,0.9937226926434045,0.9338084138123786,0.6698903932946486,0.6862522686025408,0.6751137102014295,0.4385245901639344,0.4355716878402904,0.386514148103552,0.7418367346938776,0.45394736842105265,0.4602722380500158,0.9261947244137904,0.9242286751361162,0.9065686148017523,0.686688293969602,0.927007299270073,0.7357283464566929,0.7128157156220767,0.8442265795206971,0.5054133858267716,0.6509869802603947,0.6520710059171597,0.40698818897637795,0.5203021718602455,0.8723237647777841,0.906003937007874,0.8712513679096471,0.8558262211769825,0.5678714859437751,0.6739070662634039,0.6955238563698968,0.5805626598465473,0.5017871872422326,0.4949127906976744,0.7967237527922562,0.4847401704701677,0.5909969621651477,0.3641677302067141,0.36843552378333794,0.2600684216239611,0.7190270863434514,0.576797385620915,0.6732514682327816,0.7167512690355329,0.6137071651090342,0.4906567004805125,0.5003174603174603,0.717032967032967,0.4207154297917779,0.5342886386898669,0.3864102376487411,0.392952482648158,0.2825105007718582,0.7194392383748983,0.5592417061611374,0.6746031746031746,0.6755725190839695,0.5404896421845574,0.5136054421768708,0.4876805437553101,0.8910569105691057,0.5527210884353742,0.6574685062987402,0.3402850147633851,0.3424036281179138,0.2377762461558082,0.7198724441553443,,,,,,,,,,,,,,0.6064039074689641,0.1853448275862069,0.25196850393700787,0.04619191641462744,,0.019754404698344902,0.07426303854875284
v18_dinov2_augmentation_package,v18_no_aug_seed1,stage_a,vit_dual,dinov2_dual,include64_train_only,1.0,27,id_val,False,1083.53,C:\Users\EM328 Super\Desktop\caxton-new-codex\v18_dinov2_augmentation_package\runs\v18_results\v18_no_aug_seed1\metrics.json,0.9062980030721967,0.9265992809171698,0.9400517825134436,0.8669259019226615,0.8797232209483753,0.8604202401372214,0.9650805832693784,0.8518418017773557,0.8523978986612439,0.9956415123552814,0.9952513398005562,0.9954893776474306,0.9340648746222964,0.6234687298517085,0.6867059891107078,0.6573759347382733,0.33879781420765026,0.5081669691470054,0.37891520244461424,0.863265306122449,0.5058983666061706,0.5287499999999999,0.9163165621157804,0.9212794918330308,0.9014190315622587,0.6847600276572109,0.878345498783455,0.7529527559055118,0.7113300492610838,0.6546840958605664,0.5275590551181102,0.6289900575614861,0.6757396449704142,0.4891732283464567,0.5712856428214107,0.8833968878544254,0.9094488188976378,0.8789182719073132,0.80128073287535,0.5261044176706827,0.6747319219136652,0.6606152294503278,0.4518329070758738,0.5617266978278801,0.4727921498661909,0.7572598659717051,0.48858949683805336,0.5726351351351352,0.336495734566785,0.3412152873247182,0.20268914746463784,0.6720202562498335,0.5800653594771242,0.7058195408435665,0.7178968655207281,0.5,0.5520555258942872,0.505511811023622,0.6634615384615384,0.405232247730913,0.502079002079002,0.34594856566423887,0.35290977042178323,0.2076676956539487,0.6807876805975184,0.47393364928909953,0.6417233560090703,0.6036217303822937,0.3935969868173258,0.5719954648526077,0.43004115226337447,0.8682926829268293,0.5770975056689343,0.6560196560196561,0.3263596539597204,0.3287981859410431,0.19741542599732187,0.6649844975492074,,,,,,,,,,,,,,0.7383488230106505,0.2309437386569873,0.26476377952755903,0.0582897992851251,,0.03737319807794982,0.08049886621315193
v19_flow_targeted_aug_package,v19_F1_seed1,stage_a,vit_dual,dinov2_dual,include64_train_only,1.0,16,id_val,False,2179.29,C:\Users\EM328 Super\Desktop\caxton-new-codex\v19_flow_targeted_aug_package\runs\v19_results\v19_F1_seed1\metrics.json,0.918778801843318,0.8780951088799945,0.906164188997254,0.8336573774033269,0.761685095990774,0.7432588597842834,0.7438603223330775,0.7657553761617258,0.7686360031720856,0.9876290553794349,0.9871107794586528,0.9876661164581653,0.8712622644542353,0.696969696969697,0.6635662431941923,0.6689356435643564,0.2527322404371585,0.3691016333938294,0.25641025641025644,0.5255102040816326,0.5183756805807622,0.45514803358373834,0.9130220892666809,0.9103901996370236,0.8906815544060528,0.5909847652069131,0.9610705596107056,0.702755905511811,0.6706281833616299,0.7854030501089324,0.5511811023622047,0.6469268730372364,0.40473372781065087,0.3764763779527559,0.45268034414295166,0.8985818514279925,0.9202755905511811,0.903233561914536,0.7873460458684428,0.6827309236947792,0.6840802859499587,0.7469244288224957,0.5345268542199488,0.4858399780038493,0.4996015936254981,0.5353685778108712,0.5130602144624691,0.5584466019417476,0.3483702244109865,0.352763266428375,0.23529948590000027,0.6698787660231951,0.6683006535947712,0.6807261078483716,0.7443130118289353,0.5700934579439252,0.5061398825413774,0.5198863636363635,0.41895604395604397,0.44474105712760276,0.44558071585098613,0.369286149429398,0.3758675920982381,0.25799586831731675,0.6549331501589516,0.6966824644549763,0.687641723356009,0.7493627867459643,0.4915254237288136,0.4642857142857143,0.4736842105263158,0.6731707317073171,0.5856009070294784,0.6865671641791046,0.32599352119728003,0.3282312925170068,0.21231352461385247,0.6875200343994209,,,,,,,,,,,,,,0.6040295773692422,0.22413793103448276,0.21948818897637795,0.04536706076436624,,0.022423918846769888,0.06972789115646258
v20_arch_gradcam_study_package,v20_1branch_noseq_seed1,stage_a,vit_dual,dinov2_dual,include64_train_only,1.0,42,id_val,False,3466.6,C:\Users\EM328 Super\Desktop\caxton-new-codex\v20_arch_gradcam_study_package\runs\v20_results\v20_1branch_noseq_seed1\metrics.json,0.9736943164362519,0.9839902313275897,0.982751937984496,0.9943832361201124,0.9947764737806118,0.9925606469002695,0.9779355333844973,0.9871786174615019,0.9849275362318841,0.9985333959141948,0.9984397259344685,0.9985704549904297,0.9864393655547451,0.38749194068343007,0.46846642468239563,0.39893793561234653,0.76775956284153,0.6299909255898367,0.6087191984836177,0.10918367346938776,0.4147005444646098,0.13366645846346034,0.9095949884777784,0.9083484573502723,0.8882021616112113,0.5375616611096171,0.5304136253041363,0.6072834645669292,0.47391304347826085,0.4324618736383442,0.46505905511811024,0.4301191765980499,0.5739644970414202,0.41781496062992124,0.509721492380452,0.7353517936546213,0.8056102362204725,0.7294500604938287,0.6330705277106515,0.3895582329317269,0.43744844652185866,0.4898989898989899,0.09207161125319693,0.35303821831179544,0.13935483870967744,0.8049143708116158,0.4564201264778664,0.5670076055599266,0.35150728025910966,0.35496288149573824,0.2772681619360236,0.5259414964786231,0.28431372549019607,0.399359316604378,0.40559440559440557,0.07165109034267912,0.31607047517351844,0.10861865407319954,0.7266483516483516,0.4201815269620929,0.5235032162295894,0.41251846718082913,0.4180459156433529,0.34160659833092355,0.49400752384522834,0.4913112164296998,0.477891156462585,0.5543672014260249,0.1167608286252354,0.3922902494331066,0.17638691322901848,0.8975609756097561,0.49489795918367346,0.6160714285714286,0.2861909449183038,0.28798185941043086,0.20833162562272453,0.5602193850144022,,,,,,,,,,,,,,0.9812088732107727,0.3058076225045372,0.3346456692913386,0.004949133901567226,,0.0058729311265349705,0.003968253968253968
v20_arch_gradcam_study_package,v20_1branch_seq_seed1,stage_a,vit_dual,dinov2_dual,include64_train_only,1.0,18,id_val,False,2219.83,C:\Users\EM328 Super\Desktop\caxton-new-codex\v20_arch_gradcam_study_package\runs\v20_results\v20_1branch_seq_seed1\metrics.json,0.9556451612903226,0.9638423444813785,0.9718804920913884,0.9950313242600993,0.9781561630825588,0.968562716854169,0.9662317728319263,0.9666237025981955,0.9620785175279396,0.9969639926378168,0.9969472898717862,0.9970463133717722,0.9786519112213539,0.6150870406189555,0.6272686025408348,0.6406984553391537,0.8934426229508197,0.6585753176043557,0.6569563033651432,0.16122448979591836,0.5412885662431942,0.2034771410173857,0.8911522874016448,0.9015426497277677,0.8776536142996246,0.6367048162811707,0.7858880778588808,0.6668307086614174,0.6327130264446621,0.7342047930283224,0.5511811023622047,0.6085778781038375,0.5881656804733728,0.4950787401574803,0.5434663750683434,0.7200588451968314,0.7701771653543307,0.6913612456834928,0.7668093962722315,0.2899598393574297,0.5292823755842727,0.43467790487658037,0.10315430520034101,0.3645861974154523,0.1667815299793246,0.874162323157111,0.44899642562551556,0.5617224880382775,0.36144389556080964,0.3656860049491339,0.2558505615265519,0.5483382070993135,0.23039215686274508,0.5013347570742125,0.3643410852713178,0.09190031152647975,0.33101975440469833,0.14514145141451412,0.8159340659340659,0.42498665242925787,0.5412300683371298,0.4132053188769323,0.4196476241324079,0.3190993454196596,0.5294625896936753,0.34755134281200634,0.5589569160997733,0.4960541149943631,0.1167608286252354,0.4002267573696145,0.1943573667711599,0.943089430894309,0.4744897959183674,0.5843828715365239,0.3060069381389358,0.30839002267573695,0.18741033876261182,0.5689667580871035,,,,,,,,,,,,,,0.9462723017434367,0.3951905626134301,0.3248031496062992,0.020621391256530106,,0.03150026695141484,0.009070294784580499
v20_arch_gradcam_study_package,v20_2branch_noseq_seed1,stage_a,vit_dual,dinov2_dual,include64_train_only,1.0,36,id_val,False,3176.26,C:\Users\EM328 Super\Desktop\caxton-new-codex\v20_arch_gradcam_study_package\runs\v20_results\v20_2branch_noseq_seed1\metrics.json,0.8033794162826421,0.7911267892273252,0.8081900714699632,0.8522359040829552,0.7140628179906383,0.6962583833392163,0.853607060629317,0.720507428261312,0.7464765100671141,0.9931454744810724,0.9925378196865884,0.9929839623427279,0.8764109122221437,0.5383623468729851,0.5258620689655172,0.5550016616816218,0.25,0.23570780399274047,0.20836891545687447,0.5285714285714286,0.32418330308529947,0.349527665317139,0.9154623353462329,0.9133393829401089,0.8938029773834365,0.5521440366696554,0.7104622871046229,0.5339566929133859,0.5407407407407407,0.8126361655773421,0.5039370078740157,0.6308668076109938,0.5076923076923077,0.3090551181102362,0.4431818181818181,0.8065762839467876,0.8690944881889764,0.8124055646833163,0.7567861130653093,0.40401606425702813,0.43662359087159747,0.5217842323651453,0.4663256606990622,0.37668408028594996,0.41470811220621684,0.8049143708116158,0.45587022271102556,0.5563561502830674,0.34419173158571054,0.348638988177069,0.22582992392493514,0.6517547225609355,0.34477124183006536,0.3897490656700481,0.48786127167630056,0.48598130841121495,0.4217832354511479,0.4528301886792453,0.820054945054945,0.45274959957287775,0.5502304147465438,0.36863770508470584,0.37533368926855315,0.2527072835626272,0.6552567327582256,0.46129541864139023,0.48639455782312924,0.5493885230479774,0.4425612052730697,0.3287981859410431,0.37301587301587297,0.7869918699186992,0.45918367346938777,0.5641025641025641,0.3180591200948522,0.32029478458049887,0.20049297688207493,0.6453090880451363,,,,,,,,,,,,,,0.513669357574113,0.050816696914700546,0.15649606299212598,0.018421776189166895,,0.018152696209289908,0.01870748299319728
v20_arch_gradcam_study_package,v20_4branch_noseq_seed1,stage_a,vit_dual,dinov2_dual,include64_train_only,1.0,25,id_val,False,2527.69,C:\Users\EM328 Super\Desktop\caxton-new-codex\v20_arch_gradcam_study_package\runs\v20_results\v20_4branch_noseq_seed1\metrics.json,0.9823348694316436,0.9487144698460077,0.9496055684454756,0.9680276517606394,0.9781561630825588,0.9671918843082237,0.9359171143514965,0.9628247744386406,0.9566581682682879,0.9922879283148095,0.9914524116410013,0.9919694930067827,0.9709308495812414,0.4938749194068343,0.47549909255898365,0.4327683615819209,0.5730874316939891,0.5651088929219601,0.5083308088458044,0.23775510204081632,0.45757713248638837,0.2652248150256118,0.9197469295426636,0.9244555353901996,0.9051183751862419,0.5550423370463429,0.7956204379562044,0.5408464566929134,0.49923664122137407,0.6263616557734205,0.5826771653543307,0.5940082644628099,0.5964497041420118,0.39320866141732286,0.5187853834276892,0.7769725722949725,0.8459645669291339,0.7790110550688466,0.7543800552108445,0.4,0.43359912015397306,0.4758719541328237,0.023870417732310314,0.37145999450096234,0.044657097288676235,0.7520476545048399,0.47484190266703324,0.5719139297848245,0.33412740853298084,0.33901567225735496,0.18922418813574707,0.5366683888960057,0.30392156862745096,0.41697810998398294,0.4043478260869565,0.014018691588785047,0.3694607581420182,0.026627218934911243,0.6744505494505495,0.4319273892151628,0.5282409897794513,0.3409427435866026,0.34810464495461824,0.19011100127890757,0.4965303042975741,0.4928909952606635,0.4512471655328798,0.5319693094629155,0.035781544256120526,0.3735827664399093,0.0657439446366782,0.8439024390243902,0.5204081632653061,0.620442319187089,0.3267713093787371,0.32936507936507936,0.1882198141522462,0.579653019508818,,,,,,,,,,,,,,0.8990570517603962,0.1647005444646098,0.1658464566929134,0.01704701677206489,,0.006406833956219968,0.02834467120181406
v20_arch_gradcam_study_package,v20_4branch_seq_seed1,stage_a,vit_dual,dinov2_dual,include64_train_only,1.0,19,id_val,False,2197.29,C:\Users\EM328 Super\Desktop\caxton-new-codex\v20_arch_gradcam_study_package\runs\v20_results\v20_4branch_seq_seed1\metrics.json,0.9773425499231951,0.9782918390882572,0.9798825681008759,0.9924389717001513,0.9877891594871447,0.9827789068349556,0.9825402916346891,0.9702869547520521,0.9635901778154108,0.9924527753753903,0.9914524116410013,0.9920445177378014,0.9878248295926275,0.6511927788523533,0.6674228675136116,0.6447494414299393,0.610655737704918,0.6000453720508166,0.5599749451926088,0.3673469387755102,0.4838929219600726,0.41284403669724773,0.9160679019572578,0.9276315789473685,0.906628960226893,0.6436934216563246,0.8710462287104623,0.6683070866141733,0.6364444444444445,0.7331154684095861,0.6658464566929134,0.6743486973947895,0.7289940828402367,0.53001968503937,0.6169253880821232,0.8796195496476251,0.906003937007874,0.8776566929848593,0.8332889449900713,0.5429718875502008,0.5639263128952433,0.6253469010175763,0.015345268542199489,0.3678856200164971,0.0290088638195004,0.8346984363365599,0.5158097332966731,0.6022025248455547,0.3390284261485552,0.3436898542755018,0.20900908341062338,0.5854594220714967,0.4199346405228758,0.5200213561131874,0.5439153439153439,0.020249221183800622,0.37533368926855315,0.038123167155425214,0.7582417582417582,0.4644954618259477,0.5581395348837209,0.34332749344279767,0.35024025627335825,0.20640185342596049,0.5425531134510585,0.6619273301737757,0.6105442176870748,0.6885784716516022,0.009416195856873822,0.3599773242630385,0.017889087656529516,0.9252032520325203,0.5702947845804989,0.6521489971346704,0.33435631642529473,0.336734693877551,0.21138006712132051,0.6301653623066862,,,,,,,,,,,,,,0.9419306695610882,0.2454627949183303,0.36663385826771655,0.02502062139125653,,0.005339028296849973,0.04591836734693878
v22_se_attention_package,v22_SE_cls_seed1,stage_a,vit_dual,dinov2_dual,include64_train_only,1.0,26,id_val,False,2708.07,C:\Users\EM328 Super\Desktop\caxton-new-codex\v22_se_attention_package\runs\v22_results\v22_SE_cls_seed1\metrics.json,0.9412442396313364,0.9059765280510141,0.9298179059180576,0.9211492763015771,0.8015738416661013,0.7819548872180452,0.8848810437452034,0.8146665762159963,0.8325661160754579,0.9959059317188025,0.9953870158062547,0.9956174453793106,0.9366908280585885,0.6976144422952933,0.6749092558983666,0.666256157635468,0.4494535519125683,0.44328493647912887,0.3974630021141649,0.6520408163265307,0.4512250453720508,0.4522292993630573,0.9006211448362604,0.9267241379310345,0.9027612572699839,0.6861717604567273,0.9513381995133819,0.6899606299212598,0.6452145214521452,0.8518518518518519,0.5191929133858267,0.6599156118143459,0.5420118343195266,0.390748031496063,0.5027442371020856,0.8437442287230605,0.8764763779527559,0.8432761437352693,0.8356167886499959,0.6690763052208836,0.6846301897167996,0.7450805008944544,0.6172208013640239,0.47621666208413527,0.5098591549295775,0.7520476545048399,0.5182843002474566,0.6110102843315185,0.3381960864486109,0.343139950508661,0.19168794463169322,0.7547121041635823,0.6633986928104575,0.6807261078483716,0.7595884003741815,0.5996884735202492,0.5018686599038975,0.5206220419202164,0.6524725274725275,0.44313934863854776,0.5307262569832402,0.33889195818846657,0.3459690336358783,0.19066683879172927,0.7249714281530029,0.674565560821485,0.6887755102040817,0.7317909168808912,0.6384180790960452,0.4489795918367347,0.4981631153563556,0.8699186991869918,0.5980725623582767,0.7058047493403693,0.33738920540738376,0.3401360544217687,0.19283694586239533,0.7898233925332975,,,,,,,,,,,,,,0.6640662098907808,0.198502722323049,0.2062007874015748,0.04426725323068463,,0.036305392418579815,0.05272108843537415
v23_dinov2_vitl_ceiling_package,v23_dinov2_vitl_ceiling_seed1,stage_a,vit_dual,dinov2_vitl_dual,include64_train_only,1.0,22,id_val,False,3463.83,C:\Users\EM328 Super\Desktop\caxton-new-codex\v23_dinov2_vitl_ceiling_package\runs\v23_results\v23_dinov2_vitl_ceiling_seed1\metrics.json,0.9044592910139072,0.9146597924157113,0.9079882401688715,0.8643363196994529,0.8624245302218303,0.8623411771117754,0.8555507039890625,0.8530628858286412,0.8538368268231974,0.9984515090739962,0.9983718879316192,0.9984824575343954,0.9056994559441047,0.6746810331941281,0.6293103448275862,0.6379182153185301,0.42338351218257597,0.46529038112522686,0.4340386212666414,0.4719499115505727,0.544010889292196,0.4694581141508414,0.92759232040714,0.9258166969147006,0.9090041574033915,0.6244016943336042,0.7064059565851121,0.6387795275590551,0.6177018584928949,0.5083849953841428,0.5354330708661418,0.48424317094052904,0.40438402468458506,0.4478346456692913,0.4069834894906765,0.7393034130721378,0.8065944881889764,0.7211581613817691,0.5896195974314944,0.6758104569691655,0.676656585097608,0.6694780784592494,0.5111110579729732,0.5130602144624691,0.5122137181690265,0.5049921568318442,0.5196590596645587,0.4636134720735232,0.32728714112514373,0.33186692328842454,0.19933846558486557,0.5048002032247817,0.6756964545909648,0.6727175654030967,0.6703851532180866,0.48162405737632724,0.4789108382274426,0.48464527884127495,0.4343804431233543,0.4468766684463428,0.3946368748541112,0.3297086686611633,0.33635878270154834,0.1984278523275883,0.4803524059379524,0.6742757500676749,0.6808390022675737,0.6682295464500893,0.5379271777876401,0.5493197278911565,0.5367728684773304,0.5837253987293972,0.5969387755102041,0.5401270709129813,0.3246129509880176,0.32709750566893425,0.20038430003031063,0.5301353193931825,,,,,,,,,,,,,,0.740587477104674,0.25249546279491836,0.23966535433070865,0.07176244157272477,,0.03577148958889482,0.10997732426303855
v24_shallow_wide_package,v17_5blk_concat256_sgd_seed1,stage_a,vit_dual,dinov3_truncated_5blk,include64_train_only,1.0,130,id_val,False,3305.32,C:\Users\EM328 Super\Desktop\caxton-new-codex\v24_shallow_wide_package\runs\v17_5blk_fusion_swap_results\v17_5blk_concat256_sgd_seed1\metrics.json,0.9171453213336876,0.9258530628858287,0.9208982417091054,0.9140298726832606,0.9147954684214097,0.9140874544411132,0.9047340063605557,0.903466521945594,0.9038316228550429,0.9992100704577519,0.9991181059629605,0.9991876241053949,0.9337798177088139,0.7399274571551416,0.7000907441016334,0.7034705045039239,0.6690639936216484,0.7023593466424682,0.6625460551441403,0.6534879933201413,0.6705989110707804,0.6370182296324599,0.9719250158290831,0.9677858439201452,0.9590796917750309,0.7586011149815036,0.7434986946025336,0.7101377952755905,0.700567632590542,0.6974423227620159,0.6579724409448819,0.6460966626236657,0.5850878660247824,0.5999015748031497,0.5825575065164436,0.8724670066273229,0.9015748031496063,0.8569719665054351,0.7246239725041637,0.7264866516985644,0.7266978278801209,0.7183117636291056,0.6121620629915676,0.6147924113280177,0.6088085987200299,0.4710889041886514,0.4734671432499313,0.4587899680543412,0.43403659098674147,0.43634863898817705,0.3541304397268969,0.5609435524663813,0.7109300231289207,0.7074212493326215,0.7014505166525113,0.5926004668298598,0.587293112653497,0.5874992828580655,0.33260155093803484,0.3342231713828083,0.3203678128078992,0.44546865875171043,0.45061398825413773,0.35722176041604525,0.5204001749121314,0.7432115869909199,0.7471655328798186,0.7362803922445779,0.633661700260158,0.6439909297052154,0.6311126387344718,0.61746086750485,0.6213151927437641,0.6093797673153739,0.42158091443854095,0.4212018140589569,0.3501268769311774,0.6039787672986172,,,,,,,,,,,,,,0.8416661013499762,0.4804900181488203,0.4035433070866142,0.114379983502887,,0.016550987720234916,0.21825396825396826
v24_shallow_wide_package,v17_5blk_film_sgd_seed1,stage_a,vit_dual,dinov3_truncated_5blk,include64_train_only,1.0,130,id_val,False,3242.72,C:\Users\EM328 Super\Desktop\caxton-new-codex\v24_shallow_wide_package\runs\v17_5blk_fusion_swap_results\v17_5blk_film_sgd_seed1\metrics.json,0.9434849895685472,0.9460009497320399,0.9435983468401004,0.9454233996983619,0.9446441896750559,0.9444553845253939,0.9433208089266906,0.9426768875924293,0.9429768829247197,0.999621158078142,0.9995929719829049,0.9996195084178318,0.9579625890679354,0.7415757233541177,0.713475499092559,0.7212719086560879,0.6541372356589074,0.7005444646098004,0.6539991220599543,0.6530518261067236,0.6542649727767695,0.6279757075680652,0.9741149515541179,0.9680127041742287,0.9599226554881408,0.7557199341684666,0.7265798541695131,0.6988188976377953,0.694083789958526,0.6547036920012198,0.6082677165354331,0.5968601444102394,0.5973276326668243,0.5994094488188977,0.593099013560279,0.9060699529530103,0.9247047244094488,0.8907845425841016,0.7211702829476418,0.7157947283689653,0.7159747044267253,0.7146800883193402,0.6432965136086246,0.644487214737421,0.6398674258296717,0.4824315351632749,0.48611492988726973,0.47340154640174853,0.3980460027403107,0.4006048941435249,0.31533934969568606,0.5598921949702939,0.6860662935834725,0.6839295248264816,0.6842687222617077,0.615457574081893,0.6075814201815269,0.6087651670106654,0.3415566789857905,0.3465029364655633,0.334608969694659,0.4282013685239492,0.4335290977042178,0.3396916837155881,0.5178204787937764,0.7484599522391773,0.75,0.7472425344633314,0.6732457514054394,0.6836734693877551,0.672080983158652,0.6303069883157848,0.6343537414965986,0.6220955982058021,0.3656096758100708,0.3656462585034014,0.28980592797232235,0.6044055919426181,,,,,,,,,,,,,,0.8873210772674852,0.4673321234119782,0.3813976377952756,0.11053065713500138,,0.022957821676454885,0.20351473922902494
v24_shallow_wide_package,v17_5blk_sum_sgd_seed1,stage_a,vit_dual,dinov3_truncated_5blk,include64_train_only,1.0,58,id_val,False,1807.65,C:\Users\EM328 Super\Desktop\caxton-new-codex\v24_shallow_wide_package\runs\v17_5blk_fusion_swap_results\v17_5blk_sum_sgd_seed1\metrics.json,0.8349554188274021,0.8472966555864595,0.8363422449016754,0.807330194694181,0.8070687198968862,0.8075767532593598,0.7750371137017645,0.7741672885150261,0.7720345065633962,0.9975589761813198,0.9974899938945797,0.9976039984000389,0.8537204258511668,0.7341464131325642,0.698049001814882,0.7041412507914565,0.6633793698190495,0.6926043557168784,0.6558353784420373,0.6323072300863064,0.6556261343012704,0.6097616936779756,0.9612415832011129,0.9544010889292196,0.9423356030728315,0.7477686490597583,0.7377366464648359,0.7091535433070866,0.7027302638347944,0.6502693337731701,0.6358267716535433,0.619469822059843,0.6537422794151441,0.6441929133858267,0.6387447084837496,0.7875341393074734,0.8582677165354331,0.7869613803850518,0.7073205997401559,0.7136788987592179,0.7132251855925213,0.71247339480133,0.628962630660116,0.6310145724498213,0.6263913691975317,0.49020626283945834,0.5015122353588122,0.47397873146450425,0.43442528783709466,0.43634863898817705,0.3527251383465844,0.5668182700239717,0.706043024826533,0.7047517351841964,0.7062588651920061,0.5995974709794861,0.597437266417512,0.5989464751063241,0.3838103452942772,0.397757608115323,0.3715670573443634,0.4370181919030233,0.4420715429791778,0.3482922387730534,0.53161725825083,0.7215978107168238,0.7222222222222222,0.7195173820315618,0.6536938989936598,0.6666666666666666,0.6522733912889662,0.6027895508463281,0.6116780045351474,0.5837663066325173,0.4314515445554162,0.4302721088435374,0.3546874257556176,0.602383201278057,,,,,,,,,,,,,,0.6152228478393597,0.3838475499092559,0.30856299212598426,0.12097882870497663,,0.05125467164975974,0.19501133786848074
v24_shallow_wide_package,v17_5blk_seqaux_sgd_seed1,stage_a,vit_dual,dinov3_truncated_5blk_seqaux,include64_train_only,1.0,60,id_val,False,1531.4,C:\Users\EM328 Super\Desktop\caxton-new-codex\v24_shallow_wide_package\runs\v17_5blk_seqaux_results\v17_5blk_seqaux_sgd_seed1\metrics.json,0.8430685268560717,0.8526558578115461,0.8440755319814848,0.816862025811878,0.810799810053592,0.8106379872543187,0.7988602506341085,0.7985889695407368,0.7995314144387097,0.9975768574842055,0.9974899938945797,0.9976039107318075,0.8640919151965659,0.7327100796316373,0.6975952813067151,0.7016174050543208,0.6239818956696291,0.6751361161524501,0.6242670470496762,0.6274239177234581,0.6377041742286751,0.6045588095094642,0.9694739844060493,0.9648366606170599,0.9553254802224594,0.7383974693576935,0.7657427091366502,0.750492125984252,0.7418625695965023,0.6474450607016676,0.609251968503937,0.5918188024692218,0.61379894138427,0.609251968503937,0.6069730949402515,0.8494735066241397,0.8887795275590551,0.8382206967832078,0.7191150544616819,0.7308389354496638,0.7302722023645862,0.7272862556450868,0.6301479571515558,0.6299147649161396,0.6246088493524687,0.4752982672840198,0.4836403629364861,0.46397626138911763,0.5206690873595919,0.5224085784987628,0.44175143403051215,0.5892385618112078,0.7231531123360769,0.7218366257341164,0.723286336066736,0.5956222350717842,0.589428723972237,0.5908486766088573,0.3538331548728524,0.3630539241857982,0.34738816226973174,0.5398830542052008,0.5445808862786973,0.4558410108199377,0.5531228891214786,0.737242770494289,0.7392290249433107,0.730279898015807,0.6593029611724553,0.6729024943310657,0.6554980279996275,0.6042069098286612,0.6116780045351474,0.5901413368663774,0.49996388230885697,0.4988662131519274,0.4264190172988111,0.6251791309510656,,,,,,,,,,,,,,0.6096601316057255,0.3632032667876588,0.297244094488189,0.1344514709925763,,0.05445808862786973,0.2193877551020408
v24_shallow_wide_package,v17_5blk_sgd_pilot_seed1,stage_a,vit_dual,dinov3_truncated_5blk,include64_train_only,1.0,79,id_val,False,5834.12,C:\Users\EM328 Super\Desktop\caxton-new-codex\v24_shallow_wide_package\runs\v17_5blk_sgd_pilot_results\v17_5blk_sgd_pilot_seed1\metrics.json,0.849463881396305,0.8558442439454582,0.8488683855006163,0.8333462048327481,0.8337968930194695,0.8347120264925928,0.8136921349237302,0.8124957601248219,0.8124851639590437,0.9943233308722862,0.9945729597720643,0.9946325225221887,0.8727063880062673,0.7333517844405044,0.7025862068965517,0.7085842175067502,0.603812227068152,0.6200090744101633,0.590466443432796,0.6398939180730724,0.6594827586206896,0.6208388313369125,0.9569967906069433,0.9593920145190563,0.9477824383123353,0.733513680047168,0.7614091708766382,0.7411417322834646,0.7359352218382534,0.6487016425209093,0.6373031496062992,0.6227542367575912,0.6357449714301472,0.6259842519685039,0.6232248167642379,0.8124789116165957,0.8671259842519685,0.8053606933287125,0.7145836741110726,0.715544670939241,0.7148748968930437,0.71504367009663,0.6115719207179724,0.6142425075611768,0.610603960707499,0.49231539301263477,0.500687379708551,0.47769846644911257,0.5048592480994744,0.5056365136101182,0.4634255449520091,0.5810728081923306,0.7132462712656022,0.7122263747997865,0.7149412251498181,0.578435059226389,0.5798184730379071,0.58046520432836,0.37409306194750425,0.38280832888414307,0.3587059263439018,0.5588708786774388,0.5621996796583022,0.5083772135886604,0.5561613177792336,0.7182491909726357,0.717687074829932,0.7152501426777113,0.6416440761374427,0.6507936507936508,0.6388341739537012,0.6184086365453819,0.6258503401360545,0.6053739312785946,0.4468095070841709,0.445578231292517,0.4142933593846398,0.6062778526849077,,,,,,,,,,,,,,0.6308934264975239,0.330535390199637,0.296751968503937,0.1355512785262579,,0.07154297917778964,0.20351473922902494
v24_shallow_wide_package,v17_5blk_sgd_pure_seed1,stage_a,vit_dual,dinov3_truncated_5blk,include64_train_only,1.0,48,id_val,False,5245.04,C:\Users\EM328 Super\Desktop\caxton-new-codex\v24_shallow_wide_package\runs\v17_5blk_sgd_pure_results\v17_5blk_sgd_pure_seed1\metrics.json,0.8258201440003488,0.8278949867715895,0.8232419648597542,0.771959336096934,0.7783054066888271,0.7718062287246914,0.7743845499872807,0.7732175564751373,0.7743583309432293,0.9962846719799785,0.9960653958347466,0.9962356559788131,0.8421121755161355,0.7142780994766794,0.6894283121597096,0.6980376995428532,0.5861839469641082,0.5939201451905626,0.5471465293238739,0.6358578356047908,0.6483666061705989,0.6145760013889915,0.9686052977940974,0.9623411978221416,0.9525023489944052,0.726231294959919,0.7556151939484105,0.7391732283464567,0.7382945255941807,0.6198969165721083,0.5861220472440944,0.567914756019132,0.622641348324826,0.6126968503937008,0.6135410040983437,0.8565623866002025,0.8951771653543307,0.8466435887040419,0.7136789613613868,0.7093711947990723,0.7085510035743745,0.7108269069621725,0.6010428829160016,0.6065438548254055,0.5799493186076999,0.4843301187745403,0.49023920813857574,0.474568088387285,0.5246580486889231,0.5254330492163871,0.4472150668636761,0.5798505612946343,0.7117800878731182,0.7116924719701014,0.7157628353866862,0.6062562336906138,0.605979711692472,0.5867843017169326,0.36566473853808446,0.37319807794981313,0.3579179648662482,0.5626649440222787,0.5664709022957821,0.48040103784093535,0.5615915010310237,0.706982222066872,0.7052154195011338,0.7060958427799009,0.5893484120052241,0.6071428571428571,0.5668704736132033,0.6092439320568069,0.6145124716553289,0.6006015103765755,0.48386570718242466,0.481859410430839,0.4111242752859472,0.597360068327832,,,,,,,,,,,,,,0.5661081337765416,0.31238656987295826,0.28937007874015747,0.14544954632939236,,0.08809396689802455,0.20634920634920634
v24_shallow_wide_package,v24_centercrop160_v17_5blk_seqaux_seed1,stage_a,vit_dual,dinov3_truncated_5blk_seqaux_center_crop_160,include64_train_only,1.0,71,id_val,False,2005.62,C:\Users\EM328 Super\Desktop\caxton-new-codex\v24_shallow_wide_package\runs\v24_centercrop_seqaux_results\v24_centercrop160_v17_5blk_seqaux_seed1\metrics.json,0.8568363657644743,0.8647988603215522,0.8573330786673692,0.8435927720084352,0.8426836713927142,0.8436642317746141,0.8183606177642194,0.8190760464011939,0.8189598515242335,0.9938145276897176,0.9935553897293263,0.9936330139163947,0.8781510708067116,0.7252967244357045,0.6912431941923775,0.6953198463897373,0.613572463593635,0.6333938294010889,0.6037182590874625,0.6209117156200299,0.6254537205081669,0.5903597613786921,0.9613894229476317,0.9618874773139746,0.9505587399208221,0.7302925816492503,0.7739649945908368,0.7608267716535433,0.7519803328422644,0.6686666874220156,0.6599409448818898,0.6428861523028647,0.6128210933610831,0.6161417322834646,0.6105312091501411,0.8140643854718054,0.8735236220472441,0.8273206551479224,0.7173792902114352,0.7345952595877021,0.733571624965631,0.7318988930669127,0.6218197527298313,0.6227660159472093,0.6238846482626172,0.4865816522993425,0.497937860874347,0.4725069263414922,0.4765433915813746,0.4784162771514985,0.4033364022165275,0.5798850140495626,0.7311664303433539,0.7303790710090764,0.7322577577638457,0.6069486832339183,0.605445808862787,0.6116700171808125,0.3743786931405079,0.3865456486919381,0.3662517165506647,0.5086133589619848,0.5136145221569675,0.4221909074801908,0.5552767914199412,0.7369336315569117,0.7369614512471655,0.7303702682968213,0.6325380659847742,0.641156462585034,0.6330455389344323,0.6067430065011034,0.6162131519274376,0.5873323008131507,0.44186211972354705,0.4410430839002268,0.3819369728559907,0.604519205941584,,,,,,,,,,,,,,0.6515161793636796,0.3307622504537205,0.3262795275590551,0.11300522408578499,,0.062466631073144686,0.16666666666666666
v24_shallow_wide_package,v24_dinov2_vits_5blk_sgd_pure_seed1,stage_a,vit_dual,dinov2_vits_5blk,include64_train_only,1.0,41,id_val,False,4429.83,C:\Users\EM328 Super\Desktop\caxton-new-codex\v24_shallow_wide_package\runs\v24_dinov2_vits_sgd_pure_results\v24_dinov2_vits_5blk_sgd_pure_seed1\metrics.json,0.8071809530604721,0.8243674106234312,0.8089073248202422,0.7695854929738551,0.7706397123668679,0.7701803799730588,0.7347900991651701,0.7324469167627705,0.7318898457605676,0.9994977440380209,0.9994572959772065,0.9994961050454642,0.8277635723093796,0.700037422231332,0.654491833030853,0.654197653482198,0.6162473950712494,0.6381578947368421,0.6017961103890799,0.6100699431610151,0.6447368421052632,0.5930908329060528,0.9515231092443869,0.947141560798548,0.9320272665455439,0.7194694674269959,0.7372513206561809,0.702755905511811,0.6890415985096503,0.6259928067259696,0.5954724409448819,0.5865888022616313,0.6127079423755429,0.6048228346456693,0.6009879255653113,0.8405495393978749,0.9109251968503937,0.8513427629919016,0.7041254022888921,0.7165835174219323,0.7162496563101457,0.7084046946900368,0.6249788521024063,0.6277151498487764,0.6213311654433807,0.47877713483188683,0.48968930437173497,0.4625568745936566,0.3345952932001328,0.3395655760241958,0.18083439207214547,0.5387336993890895,0.7071561216128157,0.7042178323545115,0.6998524793842361,0.6291889651063133,0.6284036305392419,0.6295343410019861,0.3651752311960252,0.3769353977576081,0.3529358025217694,0.33285637240031013,0.3400961025093433,0.17217871727832448,0.5085941725788661,0.7259864992069548,0.7290249433106576,0.7171648270157145,0.6121310990085066,0.626984126984127,0.6038032758104325,0.6002389414604529,0.6094104308390023,0.5809613298721943,0.3364302761157474,0.33900226757369617,0.18954446029634728,0.5686967039479154,,,,,,,,,,,,,,0.5473848449901635,0.323502722323049,0.2637795275590551,0.06873797085510036,,0.02616123865456487,0.11394557823129252
v24_shallow_wide_package,v24_v17best_branchb_fusionb_head_pbmargin_seed1,stage_a,vit_dual,dinov3_truncated_5blk,include64_train_only,1.0,1,id_val,False,344.84,C:\Users\EM328 Super\Desktop\caxton-new-codex\v24_shallow_wide_package\runs\v24_rescue_from_best\finetune_from_v17_5blk_seed1\v24_v17best_branchb_fusionb_head_pbmargin_seed1\metrics.json,0.7685790575077296,0.7873278610677702,0.7701185175929489,0.6729972752935592,0.6735635302896683,0.6724137329306874,0.6714512198102726,0.6694254121158673,0.6693584653415,0.997561811388664,0.9974221558917306,0.9975318406064834,0.7776473410000564,0.6815692920779121,0.6354355716878403,0.6347030359225482,0.5292699973882059,0.5676043557168784,0.5216120887186825,0.57902472651972,0.61002722323049,0.5647586186291474,0.9748228237535415,0.9766333938294011,0.9696141501376969,0.6911717099348449,0.739699678704908,0.7214566929133859,0.7065909703841954,0.5765452854114406,0.5595472440944882,0.5447790681291081,0.5633323863265279,0.562992125984252,0.5557424002892927,0.8886612935057329,0.9178149606299213,0.8795462189459436,0.6920596609871523,0.6796188973693423,0.6785812482815508,0.6730017705275424,0.5477339676692369,0.550728622491064,0.5387881399858477,0.4458084184555053,0.4564201264778664,0.43821646841068135,0.5961251470913584,0.5963706351388507,0.5832606866411342,0.5673216076463607,0.6774465056312069,0.6748531767218366,0.6711622979280397,0.5442153447402114,0.5397757608115323,0.5370165383417569,0.3277184378318594,0.3416978109983983,0.32458922839828047,0.6799466489962706,0.6823278163374266,0.6552414526340818,0.557331734299887,0.6808247184234477,0.6825396825396826,0.673832153725659,0.5454651346578622,0.5617913832199547,0.5375170530664107,0.5706665481955365,0.5782312925170068,0.5598724688528284,0.5061438481968586,0.5051020408163265,0.5042960569427569,0.5757750623684262,,,,,,,,,,,,,,0.4421681025710603,0.29038112522686027,0.25688976377952755,0.1152048391531482,,0.05766150560597971,0.17630385487528344
v24_shallow_wide_package,v24_v17best_fusionb_head_pbmargin_seed1,stage_a,vit_dual,dinov3_truncated_5blk,include64_train_only,1.0,4,id_val,False,391.52,C:\Users\EM328 Super\Desktop\caxton-new-codex\v24_shallow_wide_package\runs\v24_rescue_from_best\finetune_from_v17_5blk_seed1\v24_v17best_fusionb_head_pbmargin_seed1\metrics.json,0.7690829051877978,0.7879384030934129,0.7705867972742881,0.6732580564157722,0.673834882301065,0.6729579748343193,0.6719201280803958,0.6704429821586052,0.670519371043358,0.997776393770374,0.9976256699002781,0.997727175025452,0.7780093708635849,0.681074224033785,0.6347549909255898,0.6339350789232955,0.5297630770655984,0.5676043557168784,0.522834187047161,0.5791523359001068,0.6054900181488203,0.5628796343655266,0.9733282421786537,0.9754990925589837,0.9683852162424346,0.690829469794536,0.73897814166321,0.71998031496063,0.7049567765551693,0.5782818898760927,0.562007874015748,0.547493853673081,0.5609755730298267,0.562992125984252,0.5551205351671464,0.8976536985045551,0.921751968503937,0.8858313292099841,0.6939723257684212,0.6793324648562474,0.6783062963981303,0.6725839525615059,0.5480579929123487,0.5510035743744844,0.5396661523948308,0.44362619184612856,0.4542205114105032,0.4370416720988426,0.5845013349670118,0.5845477041517735,0.5730167421855122,0.5638794961454341,0.676930509759174,0.6743192738921516,0.6705332368474507,0.5445128285079449,0.5403096636412174,0.5382342878268026,0.3235975587109802,0.3379604911906033,0.32162934557038875,0.6752855887341359,0.6775226908702616,0.6514678081214731,0.5550816214280587,0.6807528673216204,0.6825396825396826,0.6736155568708565,0.5462897137431254,0.562358276643991,0.5387089308328422,0.5703038784486206,0.5776643990929705,0.5604641835247436,0.4870067032493091,0.485827664399093,0.48572248894469877,0.5710882906906689,,,,,,,,,,,,,,0.44474594667932976,0.28743194192377497,0.2578740157480315,0.11218036843552379,,0.055525894287239724,0.17233560090702948
v24_shallow_wide_package,v24_v17best_geoaug_branchb_fusionb_head_pbmargin_seed1,stage_a,vit_dual,dinov3_truncated_5blk,include64_train_only,1.0,1,id_val,False,353.89,C:\Users\EM328 Super\Desktop\caxton-new-codex\v24_shallow_wide_package\runs\v24_rescue_from_best\finetune_from_v17_5blk_seed1\v24_v17best_geoaug_branchb_fusionb_head_pbmargin_seed1\metrics.json,0.7685790575077296,0.7873278610677702,0.7701185175929489,0.6729972752935592,0.6735635302896683,0.6724137329306874,0.6714512198102726,0.6694254121158673,0.6693584653415,0.997561811388664,0.9974221558917306,0.9975318406064834,0.7776473410000564,0.6815692920779121,0.6354355716878403,0.6347030359225482,0.5292699973882059,0.5676043557168784,0.5216120887186825,0.57902472651972,0.61002722323049,0.5647586186291474,0.9746608542038168,0.9764065335753176,0.9693316555278066,0.6911312175474137,0.739699678704908,0.7214566929133859,0.7065909703841954,0.5765452854114406,0.5595472440944882,0.5447790681291081,0.5633323863265279,0.562992125984252,0.5557424002892927,0.8886612935057329,0.9178149606299213,0.8795462189459436,0.6920596609871523,0.6796188973693423,0.6785812482815508,0.6730017705275424,0.5477339676692369,0.550728622491064,0.5387881399858477,0.4458084184555053,0.4564201264778664,0.43821646841068135,0.5958471376390371,0.5960956832554303,0.5830156142716338,0.5672521052832804,0.6774465056312069,0.6748531767218366,0.6711622979280397,0.5442153447402114,0.5397757608115323,0.5370165383417569,0.3277184378318594,0.3416978109983983,0.32458922839828047,0.6799466489962706,0.6823278163374266,0.6551749801182601,0.557331734299887,0.6808247184234477,0.6825396825396826,0.673832153725659,0.5454651346578622,0.5617913832199547,0.5375170530664107,0.5706665481955365,0.5782312925170068,0.5598724688528284,0.5055681429579411,0.5045351473922902,0.5038751207537195,0.5756311360586969,,,,,,,,,,,,,,0.4421681025710603,0.29015426497277674,0.25688976377952755,0.1149298872697278,,0.05766150560597971,0.17573696145124718
v24_shallow_wide_package,v24_v17best_headonly_pbmargin_seed1,stage_a,vit_dual,dinov3_truncated_5blk,include64_train_only,1.0,9,id_val,False,491.19,C:\Users\EM328 Super\Desktop\caxton-new-codex\v24_shallow_wide_package\runs\v24_rescue_from_best\finetune_from_v17_5blk_seed1\v24_v17best_headonly_pbmargin_seed1\metrics.json,0.7708490231670114,0.7890238111390001,0.7723462714779529,0.6736547005572263,0.6743775863238586,0.6733344707974677,0.6712016256768708,0.6695610881215657,0.6693692353362882,0.9977823542046692,0.9976256699002781,0.9977271437745383,0.7783719259014444,0.6843926234852947,0.6388384754990926,0.6384248300116827,0.5284491677531031,0.566016333938294,0.5208870573901242,0.5794297074357554,0.6079854809437386,0.5639437853804825,0.9736043752876556,0.9759528130671506,0.9689287985964938,0.6914689684904523,0.7410948596025092,0.7229330708661418,0.7084480815603409,0.576908393617686,0.5600393700787402,0.5453731730839023,0.5632607137552799,0.5649606299212598,0.5570025140459122,0.8920370264265296,0.9168307086614174,0.8792229137406564,0.6933252483505011,0.6809595272713773,0.6799560076986527,0.6750179706041388,0.5457797879317469,0.5488039593071212,0.5368858523469641,0.44423042633260684,0.45504536706076437,0.4371614173373654,0.6047232892428055,0.6048941435248831,0.5966919659645702,0.5689232576946341,0.6795158028979671,0.6769887880405766,0.6735724248295684,0.5419167745100217,0.5376401494927923,0.5349764619242279,0.32459655970998125,0.3390282968499733,0.32223997057072334,0.6930221392415158,0.6951414842498665,0.6737834688930412,0.5597628190898715,0.6815295061843286,0.6831065759637188,0.6755604948691566,0.5444813777703815,0.5606575963718821,0.536519499862414,0.5706258977890325,0.5782312925170068,0.559995583034928,0.5099294869973294,0.5090702947845805,0.5120314253949428,0.576641567185268,,,,,,,,,,,,,,0.4444067566650838,0.29015426497277674,0.2549212598425197,0.1152048391531482,,0.05819540843566471,0.17573696145124718
v24_shallow_wide_package,v24_geoaug_v17_5blk_seed1_fulltrain,stage_a,vit_dual,dinov3_truncated_5blk,include64_train_only,1.0,9,id_val,False,464.5,C:\Users\EM328 Super\Desktop\caxton-new-codex\v24_shallow_wide_package\runs\v24_rescue_from_best\geoaug_fulltrain\v24_geoaug_v17_5blk_seed1_fulltrain\metrics.json,0.7708490231670114,0.7890238111390001,0.7723462714779529,0.6736547005572263,0.6743775863238586,0.6733344707974677,0.6712016256768708,0.6695610881215657,0.6693692353362882,0.9977823542046692,0.9976256699002781,0.9977271437745383,0.7783719259014444,0.6843926234852947,0.6388384754990926,0.6384248300116827,0.5284491677531031,0.566016333938294,0.5208870573901242,0.5794297074357554,0.6079854809437386,0.5639437853804825,0.9736043752876556,0.9759528130671506,0.9689287985964938,0.6914689684904523,0.7410948596025092,0.7229330708661418,0.7084480815603409,0.576908393617686,0.5600393700787402,0.5453731730839023,0.5632607137552799,0.5649606299212598,0.5570025140459122,0.8920370264265296,0.9168307086614174,0.8792229137406564,0.6933252483505011,0.6809595272713773,0.6799560076986527,0.6750179706041388,0.5457797879317469,0.5488039593071212,0.5368858523469641,0.44423042633260684,0.45504536706076437,0.4371614173373654,0.6041763398764523,0.6043442397580423,0.5960672337004683,0.5687865203530458,0.6795158028979671,0.6769887880405766,0.6735724248295684,0.5419167745100217,0.5376401494927923,0.5349764619242279,0.32459655970998125,0.3390282968499733,0.32223997057072334,0.6930221392415158,0.6951414842498665,0.6737834688930412,0.5597628190898715,0.6815295061843286,0.6831065759637188,0.6755604948691566,0.5444813777703815,0.5606575963718821,0.536519499862414,0.5706258977890325,0.5782312925170068,0.559995583034928,0.50880431038733,0.5079365079365079,0.5107500555819775,0.5763602730327682,,,,,,,,,,,,,,0.4444067566650838,0.29015426497277674,0.2549212598425197,0.1149298872697278,,0.05819540843566471,0.17517006802721088
v24_shallow_wide_package,v24_geoaug_v17_5blk_seed1_fulltrain_true,stage_a,vit_dual,dinov3_truncated_5blk,include64_train_only,1.0,24,id_val,False,1686.54,C:\Users\EM328 Super\Desktop\caxton-new-codex\v24_shallow_wide_package\runs\v24_rescue_from_best\geoaug_fulltrain\v24_geoaug_v17_5blk_seed1_fulltrain_true\metrics.json,0.7727266660694418,0.7907875992130792,0.7727527242610441,0.6305165008792294,0.6381520928023879,0.6332367850160037,0.6296713024533945,0.619496642018859,0.6146342346009578,0.9968540587062212,0.9967437758632386,0.9968529361274322,0.7574421320270718,0.6934182858184145,0.6488203266787659,0.649723024942935,0.5060159433015735,0.5111161524500908,0.4842590431971985,0.5497166257641678,0.6426950998185118,0.5577449513766318,0.9805095669840892,0.9807168784029038,0.9751474442698288,0.6824151054670613,0.7297433404136003,0.6820866141732284,0.6745122785126828,0.5381188544018894,0.5437992125984252,0.5224917557216876,0.555073295665926,0.5049212598425197,0.5048065463428194,0.915239022899597,0.9325787401574803,0.90163272248786,0.6845436283452532,0.6830139425868076,0.6835303821831179,0.6751966745223109,0.5199959152836956,0.524608193566126,0.510515052670701,0.4384220248271315,0.4459719549078911,0.4123685596290372,0.5344825201376059,0.53423150948584,0.5222370830121377,0.5439786007088101,0.6852619553027316,0.6817939135077415,0.6765158623176775,0.5079314974169381,0.5125467164975974,0.5022749071154907,0.3380586017637057,0.3459690336358783,0.30785615190208354,0.6246735375130069,0.6262680192205019,0.6078960598766477,0.5389813979990956,0.6804490631934953,0.685374149659864,0.6738334973357923,0.5285490616648038,0.5374149659863946,0.5156860336290554,0.544885453226117,0.5521541950113379,0.5238028119694315,0.4381157111903995,0.4365079365079365,0.42894387234009873,0.5479998223187039,,,,,,,,,,,,,,0.4005834068245031,0.3017241379310345,0.2312992125984252,0.10118229309870773,,0.05018686599038975,0.15532879818594103
v24_shallow_wide_package,v24_dinov2_vitb_5blk_phase2_seed1,stage_a,vit_dual,dinov2_vitb_5blk,include64_train_only,1.0,9,id_val,False,2481.47,C:\Users\EM328 Super\Desktop\caxton-new-codex\v24_shallow_wide_package\runs\v24_results\v24_dinov2_vitb_5blk_phase2_seed1\metrics.json,0.6992542418157625,0.7057443729101163,0.6963409837061157,0.571111818887959,0.5632579727504118,0.5615464620154768,0.5463958080989619,0.5589160053900284,0.5410230504061214,0.9968999574556493,0.9966561860557968,0.9968267984386179,0.7034154565645832,0.6502256077766667,0.6083991385498924,0.6124698899355595,0.4538042592036589,0.4815147164393396,0.4445055705934379,0.4680385432928782,0.4020100502512563,0.3991446596638659,0.943707301242633,0.9379038047379756,0.921600793121018,0.6289439278789593,0.7245942020049553,0.6591774562071592,0.6543642569195841,0.5444205509392316,0.5677837014470678,0.5413380236865694,0.5013121754648058,0.5529322162985529,0.5123548779664814,0.9143472538770756,0.9428789032749428,0.9188598260939739,0.6711685455715171,0.6704987418582661,0.6714324993126203,0.6575533834641482,0.49575994423560227,0.49436348638988176,0.4973340906892581,0.4455823029351042,0.45092108880945836,0.4390666146936488,0.33512594613747787,0.34011547979103657,0.18133309858168314,0.4867417337916126,0.6506695361071259,0.6460224239188468,0.6353629796638345,0.4361843170746933,0.4388681260010678,0.4390925891276367,0.3812816830302653,0.38601174586225306,0.3736289155880603,0.3371163135738952,0.3443673251468233,0.17886572490046407,0.4513129624464949,0.6916462711094852,0.6984126984126984,0.6811690537248185,0.5566690898892783,0.5532879818594104,0.5539018531534848,0.5167026522724244,0.5198412698412699,0.5074578308077027,0.33296340250638673,0.3356009070294785,0.18372615039281706,0.5244953539443936,,,,,,,,,,,,,,0.24095423466586816,0.09440057430007179,0.20982482863670981,0.04619191641462744,,0.005339028296849973,0.08956916099773243
v24_shallow_wide_package,v24_dinov2_vitb_5blk_seed1,stage_a,vit_dual,dinov2_vitb_5blk,include64_train_only,1.0,26,id_val,False,2836.52,C:\Users\EM328 Super\Desktop\caxton-new-codex\v24_shallow_wide_package\runs\v24_results\v24_dinov2_vitb_5blk_seed1\metrics.json,0.7980346003737634,0.8173122583271148,0.7990981915719183,0.6999868723317837,0.6973068312868869,0.6976887426966337,0.7004076346138559,0.7013771114578387,0.7023119373589557,0.9997121305795867,0.9997286479886032,0.9997326420138212,0.7995353094747475,0.7207498744924865,0.6812613430127041,0.6828914901738834,0.4951360503970587,0.5453720508166969,0.4965943968427689,0.5777966271121825,0.5977767695099818,0.5564988072722034,0.9829295578454161,0.9820780399274047,0.9757478378249864,0.694153027461786,0.7696657200119151,0.7381889763779528,0.7281095513508794,0.5875301090561108,0.5743110236220472,0.561217642932193,0.5254175114741425,0.547736220472441,0.5249069707394829,0.8934010071493598,0.9404527559055118,0.9040980875609484,0.694003586922882,0.7073824098442475,0.7074511960406928,0.6994385955318948,0.5838609131730921,0.585647511685455,0.5813817237186926,0.4706647876278487,0.4806158922188617,0.46851463362330187,0.3331275927881954,0.33819081660709377,0.17325674686703166,0.5237589258583459,0.7081228098142694,0.7047517351841964,0.7001241239152658,0.5445721131459454,0.5387079551521623,0.5433850040862395,0.35973257995942304,0.3694607581420182,0.36184387815444324,0.3344389388883271,0.3416978109983983,0.17364300843234404,0.48671661045199127,0.7058532239118662,0.7103174603174603,0.6979476593737307,0.6239335197610636,0.6354875283446711,0.6231185162295335,0.5906302664119537,0.5986394557823129,0.5814552050971581,0.3317149511524298,0.3344671201814059,0.17281980918344556,0.5630329903093283,,,,,,,,,,,,,,0.4743233159215793,0.28153357531760437,0.2721456692913386,0.056365136101182295,,0.013881473571809931,0.10147392290249434
v24_shallow_wide_package,v24_dinov2_vitb_5blk_warmup15_seed1,stage_a,vit_dual,dinov2_vitb_5blk,include64_train_only,1.0,15,id_val,False,2116.1,C:\Users\EM328 Super\Desktop\caxton-new-codex\v24_shallow_wide_package\runs\v24_results\v24_dinov2_vitb_5blk_warmup15_seed1\metrics.json,0.751977983721709,0.7545621056916084,0.7509284812766327,0.5126096997773398,0.5108201614544468,0.48468595202989406,0.577979588708122,0.5747235601383895,0.5749009168658308,0.9988457887716845,0.9987110779458652,0.9987147021557038,0.7103532652447139,0.7159451823773798,0.6928312159709619,0.7001402379399485,0.36577145733923966,0.35526315789473684,0.339788192069671,0.4930399833420677,0.5127041742286751,0.47727242851765955,0.9609269780227591,0.9627949183303085,0.9505436832062415,0.6339209002703615,0.6954560944311668,0.6806102362204725,0.6841168125337789,0.42508218786991164,0.5216535433070866,0.4199695166379139,0.5163935948958873,0.4926181102362205,0.4894973576521869,0.8633504586922337,0.9202755905511811,0.8738105248069408,0.6250705839722999,0.6788942724877054,0.6788562001649712,0.6857551141496833,0.4378618525688665,0.43662359087159747,0.4148060217684734,0.441569666219707,0.4377233984052791,0.4410943796735014,0.33418351441973854,0.3392906241407754,0.17199732495753972,0.47312732642400435,0.6635733483237826,0.6636412172984517,0.6719641636105377,0.40598414247377007,0.4164442071542979,0.3949751477219597,0.3429665010477865,0.3358248798718633,0.3393373896614715,0.3344237705194324,0.3416978109983983,0.17259749624129359,0.4367369405911929,0.695292506998359,0.6950113378684807,0.7000295226101678,0.4759264239529539,0.4580498866213152,0.43742172933459056,0.5469614376471633,0.5459183673469388,0.5484156558916965,0.33389829542864957,0.336734693877551,0.17130114374316988,0.5130196660067814,,,,,,,,,,,,,,0.25045790651923205,0.14519056261343014,0.15501968503937008,0.031894418476766564,,0.012813667912439935,0.05215419501133787
v24_shallow_wide_package,v24_dinov3_vitb_5blk_seed1,stage_a,vit_dual,dinov3_vitb_5blk,include64_train_only,1.0,26,id_val,False,3341.04,C:\Users\EM328 Super\Desktop\caxton-new-codex\v24_shallow_wide_package\runs\v24_results\v24_dinov3_vitb_5blk_seed1\metrics.json,0.8131113420875331,0.8268095787260024,0.8144383554670224,0.6878157845498937,0.6927616850959908,0.6868829576195981,0.7099404890681423,0.702869547520521,0.7025689503141214,0.9990454192373154,0.9990502679601112,0.9990744647501115,0.8024782587357211,0.7298012097252452,0.6937386569872959,0.6969478098854411,0.5118470610012941,0.536524500907441,0.49297977846248625,0.5639904764846317,0.6501814882032668,0.5697164419421717,0.9865652012155516,0.9863883847549909,0.9818296536124408,0.6980509871066807,0.7610721795108549,0.7406496062992126,0.7321683156501367,0.5963414171001554,0.5708661417322834,0.5561001243092693,0.5558319956711025,0.5265748031496063,0.5261241541779987,0.9179622096169394,0.9517716535433071,0.9246981515997227,0.707801950474763,0.7015261258686206,0.7011273027220236,0.6981389004194521,0.5142190087983719,0.5196590596645587,0.4942552797076613,0.44343020390580073,0.45284575199340116,0.42715916244476637,0.3570954886628845,0.3618366785812483,0.22772578842491806,0.5040677068089194,0.7003733628667556,0.6983449012279765,0.6984295683109377,0.512168961168587,0.5136145221569675,0.49780534600038945,0.33714292953423386,0.34383342231713826,0.3228800782978523,0.3533494690796842,0.3603844100373732,0.2163130436376849,0.47575868066231514,0.7012625357270398,0.7040816326530612,0.6965114278068132,0.5125626529535016,0.5260770975056689,0.48748640319071784,0.5590184666873991,0.56859410430839,0.5385071275819883,0.36103199624669885,0.3633786848072562,0.2399443657917957,0.5334689129036598,,,,,,,,,,,,,,0.47656197001560274,0.30058983666061706,0.2534448818897638,0.059114654935386306,,0.020822210357714897,0.09977324263038549
v24_shallow_wide_package,v24_tension_ce_coral_aux_w0p2_seqaux_seed1,stage_a,vit_dual,dinov3_truncated_5blk_tension_ce_coral_aux,include64_train_only,1.0,60,id_val,False,1668.33,C:\Users\EM328 Super\Desktop\caxton-new-codex\v24_shallow_wide_package\runs\v24_tension_ce_coral_aux_results\v24_tension_ce_coral_aux_w0p2_seqaux_seed1\metrics.json,0.8444387640126898,0.853334237840038,0.8452212872966435,0.8135995483162112,0.8071365578997355,0.8069375309602931,0.8012314047686188,0.8013703276575538,0.8025922501062442,0.9973156650083176,0.9971508038803337,0.9973057660450718,0.8641463455264593,0.7333185216668069,0.6989564428312159,0.702799493812705,0.6247835863766878,0.6758166969147006,0.6250483276003426,0.6249683279067161,0.632940108892922,0.6016660403161226,0.9749141789788588,0.97005444646098,0.9620297410765014,0.7394961537322674,0.760295290294858,0.7465551181102362,0.7377776651788411,0.6401280273829294,0.6033464566929134,0.584833593887575,0.6209058948573297,0.6156496062992126,0.6135551341210238,0.8444648166186011,0.8838582677165354,0.831182814426422,0.7164485072884296,0.7325127351046926,0.7319219136651086,0.7296768888239663,0.6351785075955005,0.6348638988177069,0.6293453268712282,0.47147147916461724,0.4786912290349189,0.4626498899520521,0.4959715477656699,0.49848776464118777,0.4259996073595032,0.58378356740762,0.7230437603653642,0.7218366257341164,0.7235749451956011,0.5994335454339651,0.592632140950347,0.5937604643708702,0.34708273767820086,0.35504538174052325,0.3434470882148639,0.5116275892761961,0.5168179391350775,0.43682583608786846,0.5452969081884316,0.7410834806862331,0.7426303854875284,0.735435716949814,0.6665258831716083,0.6797052154195011,0.6630817918917654,0.6033060109289617,0.6099773242630385,0.591829259191689,0.47905751331021534,0.4790249433106576,0.41484856767248796,0.6224932220242546,,,,,,,,,,,,,,0.6061325554575673,0.3645644283121597,0.29232283464566927,0.12207863623865824,,0.04538174052322477,0.20351473922902494
v24_shallow_wide_package,v24_tension_ce_coral_aux_w0p5_seqaux_seed1,stage_a,vit_dual,dinov3_truncated_5blk_tension_ce_coral_aux,include64_train_only,1.0,60,id_val,False,1633.87,C:\Users\EM328 Super\Desktop\caxton-new-codex\v24_shallow_wide_package\runs\v24_tension_ce_coral_aux_w0p5_results\v24_tension_ce_coral_aux_w0p5_seqaux_seed1\metrics.json,0.8433890299335373,0.8517061257716573,0.8438870586625805,0.8191707167681294,0.8136490061732583,0.8135835336509772,0.8012707427475,0.8012346516518554,0.8023318051652707,0.9974100602375394,0.9970151278746354,0.9972753493372847,0.8653101374216765,0.7337981554936331,0.7000907441016334,0.7039072169462107,0.6225416352897115,0.6719600725952813,0.6230037972295284,0.6274850235790184,0.6374773139745916,0.6056562434569239,0.9810433641335102,0.9818511796733213,0.976165125328276,0.7412170446239683,0.7682328978483146,0.7573818897637795,0.7486465903210334,0.6447035882244748,0.6072834645669292,0.5901386960996304,0.6270421603075703,0.6186023622047244,0.6173489653668683,0.8617938972605792,0.8932086614173228,0.84528140225555,0.7254431359102347,0.7302596210999103,0.729447346714325,0.7276583425014785,0.6397669981627613,0.6398130327192741,0.635003429106582,0.4734765696297294,0.4800659884520209,0.463883614360794,0.4108880490862916,0.41490239208138574,0.3120088236296808,0.5635978094946732,0.7212011377079715,0.7202349172450614,0.7221486241924557,0.6116325259237926,0.604911906033102,0.6069149966926747,0.3449426282602086,0.3523758675920982,0.34008128422042216,0.4034623343503128,0.4100373731980779,0.2981412610221658,0.5203096565605714,0.7382477306283087,0.7392290249433107,0.7324835443978627,0.6644079190990624,0.6768707482993197,0.6619864549749694,0.6094454070223763,0.6156462585034014,0.5985817541509774,0.41869451496774585,0.4200680272108844,0.3259832406345359,0.6076988929293733,,,,,,,,,,,,,,0.6099314836171223,0.3688747731397459,0.3061023622047244,0.09870772614792411,,0.03150026695141484,0.17006802721088435
v24_shallow_wide_package,v24_tension_coral_seqaux_seed1,stage_a,vit_dual,dinov3_truncated_5blk_tension_coral,include64_train_only,1.0,95,id_val,False,2199.91,C:\Users\EM328 Super\Desktop\caxton-new-codex\v24_shallow_wide_package\runs\v24_tension_coral_results\v24_tension_coral_seqaux_seed1\metrics.json,0.9037041582765065,0.9061800420595618,0.9022471739060666,0.8875752627608419,0.8856929651991046,0.8864716632317483,0.8778645193141488,0.8766705108201615,0.8766783932571528,0.9935513985219062,0.9931483617122312,0.9931560854660688,0.9156738347183508,0.7266466014945877,0.7000907441016334,0.7075148196108557,0.6231478265245026,0.6522232304900182,0.6167586170193744,0.6426200761574378,0.6640199637023594,0.6258955916094479,0.9532259858711081,0.9491833030852994,0.9419458546203511,0.7364101225119091,0.7467114593263368,0.7140748031496063,0.7115428557279206,0.6455939154148873,0.6338582677165354,0.6225655749894645,0.6146971404506639,0.6038385826771654,0.601478249094415,0.7838512321982213,0.8405511811023622,0.7693081671130452,0.6977134368475273,0.706718656806204,0.7069012922738521,0.7076954511016416,0.6154910499341616,0.6172669782788012,0.6156445292634468,0.46525518594270726,0.47291723948309045,0.44966080389865454,0.2900083405230689,0.29227385207588674,0.24356325597186904,0.5193683083015355,0.7133073797198239,0.7122263747997865,0.7146571539949499,0.6064384210589374,0.606513614522157,0.6103790654508074,0.3486070482762354,0.3561131873998932,0.33585910297306126,0.2600649595332034,0.26321409503470367,0.21623344607649464,0.48210445214705006,0.6994439175352664,0.7012471655328798,0.7006509325224455,0.6163424709858764,0.6281179138321995,0.6129428589378266,0.5893896515467887,0.5969387755102041,0.5726722950577292,0.32074608674065636,0.3231292517006803,0.2680132149584376,0.556480531702147,,,,,,,,,,,,,,0.7321755647513737,0.352994555353902,0.29281496062992124,0.07258729722298597,,0.01601708489054992,0.1326530612244898
v24_shallow_wide_package,v24_tension_headonly_printbalanced_class3margin_seed1,stage_a,vit_dual,dinov3_truncated_5blk_seqaux,include64_train_only,1.0,5,id_val,False,477.44,C:\Users\EM328 Super\Desktop\caxton-new-codex\v24_shallow_wide_package\runs\v24_tension_headonly_results\v24_tension_headonly_printbalanced_class3margin_seed1\metrics.json,0.8459710766750875,0.8547588358998711,0.8465738316220738,0.821469943193026,0.8193473984125907,0.8206606350088634,0.8016313337376769,0.8008954616376094,0.8017772826352559,0.9980407114732132,0.9980326979173733,0.9980975149342779,0.866778266269751,0.7335612043260218,0.699410163339383,0.7037488816169875,0.6202444688478858,0.6472323049001815,0.6134726952586083,0.6306967692757445,0.6451905626134301,0.6099740113967341,0.9679467167615164,0.9618874773139746,0.9517491628073134,0.7381122898027921,0.7599984947962289,0.7431102362204725,0.7347830405006986,0.6446956393674211,0.625492125984252,0.6163885701758556,0.621076700778263,0.609744094488189,0.6097222475860639,0.8378247611044265,0.8823818897637795,0.8283297639804168,0.7158988990115849,0.7321039052681351,0.7316469617816882,0.7292262494136583,0.6281657315991788,0.6288149573824581,0.6297743131123599,0.4721962463139213,0.4803409403354413,0.45980402728124853,0.5185568129978048,0.5202089634313996,0.4428042422183185,0.58775567404476,0.7215430374117983,0.7202349172450614,0.7220391701783012,0.5914223721149986,0.5920982381206621,0.595998319087235,0.3519011706629855,0.3609183128670582,0.34409547335222723,0.5383591058582241,0.5429791777896423,0.45727501367267837,0.5508064215120017,0.7419752404173212,0.7437641723356009,0.7362519646118854,0.6580080510707483,0.6678004535147393,0.657674385188619,0.599767648496157,0.6071428571428571,0.5852522920971699,0.49721052989047904,0.49603174603174605,0.4269744836025478,0.6242403674686764,,,,,,,,,,,,,,0.6225493521470727,0.3573049001814882,0.30118110236220474,0.13692603794335992,,0.055525894287239724,0.2233560090702948
v24_shallow_wide_package,v24_tension_only_v17_5blk_seqaux_seed1,stage_a,vit_dual,dinov3_truncated_5blk_seqaux,include64_train_only,1.0,25,id_val,False,958.47,C:\Users\EM328 Super\Desktop\caxton-new-codex\v24_shallow_wide_package\runs\v24_tension_only_results\v24_tension_only_v17_5blk_seqaux_seed1\metrics.json,0.3333333333333333,0.3533003188386134,0.1740438117198857,0.319355851398259,0.3303032358727359,0.2840502631332611,0.3366640657874988,0.3075775049182552,0.18286244809430596,0.9851678009102759,0.9847364493589309,0.9853128011860095,0.49363026285734174,0.3333333333333333,0.3518602540834846,0.17351904681993624,0.24253780193337782,0.23117059891107078,0.19800810127465798,0.33819147371784375,0.5428765880217786,0.2676115245956375,0.9502888564014054,0.9453266787658802,0.9327686525446176,0.4660878663464901,0.3333333333333333,0.20226377952755906,0.11215718379042161,0.2888481620365678,0.24901574803149606,0.2367127720752953,0.30645082168260973,0.2002952755905512,0.12673882658865593,0.8507701057890026,0.8823818897637795,0.8318183273596963,0.4448506057103784,0.3333333333333333,0.3423150948583998,0.1700122900450635,0.3338142273026731,0.33874072037393455,0.29757063925419336,0.3375199362041467,0.33681605718999175,0.1930637565114082,0.5176878869764902,0.5177343964806159,0.44112005934340165,0.3805888459541608,0.3333333333333333,0.32674853176721835,0.16418511066398392,0.30556330688733047,0.3075280298985585,0.26676249609291175,0.35311970638057594,0.3443673251468233,0.2159699892818864,0.5486789268742116,0.5520555258942872,0.4686761564890476,0.38517381836886283,0.3333333333333333,0.358843537414966,0.17605340008343762,0.3629283314147261,0.37188208616780044,0.329532338374154,0.3223770491803279,0.3287981859410431,0.1688493892180528,0.48427364981299487,0.4812925170068027,0.4088155668057369,0.37572809093534554,,,,,,,,,,,,,,0.04701173597449291,0.026542649727767695,0.01673228346456693,0.04124278251306021,,0.043246129204484784,0.0391156462585034
v24_shallow_wide_package,v24_tension_pcgrad_finetune_from_v17_seqaux_seed1,stage_a,vit_dual,dinov3_truncated_5blk_seqaux,include64_train_only,1.0,11,id_val,False,597.95,C:\Users\EM328 Super\Desktop\caxton-new-codex\v24_shallow_wide_package\runs\v24_tension_pcgrad_results\v24_tension_pcgrad_finetune_from_v17_seqaux_seed1\metrics.json,0.859579704497044,0.8704972525608846,0.8614671711817069,0.846217860793339,0.8470253035750628,0.8475969663247963,0.821374641389368,0.8198901024353843,0.8195703769411186,0.9982376083921816,0.9981683739230717,0.9982311553667532,0.8813524537679831,0.7335861374449694,0.6987295825771325,0.7029908744157654,0.6319999615681088,0.645644283121597,0.6171311812652737,0.6473865632846513,0.6692377495462795,0.6290413727612018,0.9664522176964284,0.9612068965517241,0.9510800757709105,0.7448562199985395,0.7595686254313078,0.7283464566929134,0.7195544728707702,0.6701080801677562,0.655511811023622,0.6434444158991651,0.6203659195593311,0.6122047244094488,0.6089603880886221,0.8297761607364541,0.8774606299212598,0.82072419524557,0.7199546964737122,0.7337807108638726,0.733571624965631,0.7290101846082591,0.6239481205191999,0.6266153423150949,0.6232001363846563,0.48161649660772793,0.49106406378883694,0.4653849592184279,0.4965708303438234,0.49848776464118777,0.42003608329368175,0.5839790395836559,0.7318411403928281,0.7298451681793914,0.7294439562464888,0.6063003968101865,0.6070475173518419,0.6083704444209205,0.35664351401591476,0.36732514682327816,0.3417631977883784,0.5102586542601193,0.5152162306460224,0.4235192195493506,0.5512609263697622,0.7344032091524468,0.7375283446712018,0.7278983503639885,0.6368853507163585,0.6479591836734694,0.6346617887758209,0.6143798776785582,0.6224489795918368,0.5985923040332045,0.48161686925240993,0.48072562358276644,0.41523670681680214,0.6168213266999434,,,,,,,,,,,,,,0.6670510820161455,0.36229582577132485,0.3075787401574803,0.1347264228759967,,0.06139882541377469,0.21258503401360543
v24_shallow_wide_package,v24_tension_rescue_printbalanced_class3margin_seed1,stage_a,vit_dual,dinov3_truncated_5blk_seqaux,include64_train_only,1.0,70,id_val,False,1800.3,C:\Users\EM328 Super\Desktop\caxton-new-codex\v24_shallow_wide_package\runs\v24_tension_rescue_results\v24_tension_rescue_printbalanced_class3margin_seed1\metrics.json,0.8479944148870597,0.8555050539312122,0.8481467517404537,0.7777165539294515,0.7810867648056441,0.7793309932853821,0.7852270650993233,0.7901092191845872,0.7878002618140112,0.998323207979764,0.9981005359202225,0.9981486921538982,0.8523153104738996,0.7194336451329203,0.6855716878402904,0.6889477060481041,0.5666398812058296,0.5433303085299456,0.5363724319556017,0.5964811122709285,0.5637477313974592,0.548925082532366,0.9662357485487525,0.9666515426497277,0.956815332103766,0.7121975967896077,0.7809193450970855,0.7696850393700787,0.7607401443097902,0.632404663947716,0.6633858267716536,0.6468749738242319,0.6302291466198752,0.6446850393700787,0.6364716159416461,0.8193115478395946,0.8720472440944882,0.8127880147788334,0.7157161758760678,0.7341195718571208,0.7330217211987902,0.7313303611074936,0.5707103238733051,0.5729997250481166,0.5740582993288644,0.47588106127012614,0.48638988177069015,0.473519787923065,0.5399444983886319,0.542480065988452,0.4591288660297887,0.580163863847296,0.730105212816834,0.7293112653497064,0.730449095604086,0.5433693931418967,0.5515216230646023,0.5488698266230848,0.3670456040493848,0.3796049119060331,0.3701172249540663,0.5105713939635098,0.5162840363053924,0.424404061040403,0.5377729009929063,0.7367702948175686,0.7369614512471655,0.7311574152197652,0.5911341384470463,0.5958049886621315,0.5897385371992038,0.5920014216535608,0.5997732426303855,0.583455683181205,0.5711947929677005,0.5702947845804989,0.4949656512008569,0.6227751619714691,,,,,,,,,,,,,,0.6017909232752188,0.2620235934664247,0.359744094488189,0.1300522408578499,,0.050720768820074744,0.21428571428571427
