version,phase,condition,split_policy,n_runs,train_mean,val_mean,test_mean,test_std,primary_mean,speed_mean,flow_mean,temp_mean,tension_mean,val_test_gap_mean,source_csv,note
v1,fusion_ablation,fusion=m5; modality=multimodal; gap=2.0s,,,,,0.6525963149078727,,0.6525963149078727,0.6532663316582915,0.6311557788944724,0.6733668341708543,1.0,,C:\Users\EM328 Super\Desktop\caxton-new-codex\新增資料夾\research_package_v1\tables\fusion_ablation_summary.csv,v1 primary_acc based early target run
v1,fusion_ablation,fusion=m5; modality=multimodal; gap=2.0s,,,,,0.6522613065326633,,0.6522613065326633,0.6804020100502512,0.6060301507537689,0.6703517587939698,1.0,,C:\Users\EM328 Super\Desktop\caxton-new-codex\新增資料夾\research_package_v1\tables\fusion_ablation_summary.csv,v1 primary_acc based early target run
v1,fusion_ablation,fusion=m2; modality=multimodal; gap=2.0s,,,,,0.6522613065326633,,0.6522613065326633,0.6482412060301508,0.629145728643216,0.6793969849246231,1.0,,C:\Users\EM328 Super\Desktop\caxton-new-codex\新增資料夾\research_package_v1\tables\fusion_ablation_summary.csv,v1 primary_acc based early target run
v1,fusion_ablation,fusion=m1; modality=multimodal; gap=2.0s,,,,,0.6489112227805695,,0.6489112227805695,0.6683417085427136,0.6040201005025125,0.6743718592964824,1.0,,C:\Users\EM328 Super\Desktop\caxton-new-codex\新增資料夾\research_package_v1\tables\fusion_ablation_summary.csv,v1 primary_acc based early target run
v1,fusion_ablation,fusion=m1; modality=multimodal; gap=2.0s,,,,,0.6482412060301508,,0.6482412060301508,0.6492462311557788,0.6190954773869347,0.6763819095477387,1.0,,C:\Users\EM328 Super\Desktop\caxton-new-codex\新增資料夾\research_package_v1\tables\fusion_ablation_summary.csv,v1 primary_acc based early target run
v1,fusion_ablation,fusion=m2; modality=multimodal; gap=2.0s,,,,,0.6398659966499163,,0.6398659966499163,0.664321608040201,0.6110552763819096,0.6442211055276382,1.0,,C:\Users\EM328 Super\Desktop\caxton-new-codex\新增資料夾\research_package_v1\tables\fusion_ablation_summary.csv,v1 primary_acc based early target run
v1,fusion_ablation,fusion=m3; modality=multimodal; gap=2.0s,,,,,0.6361809045226131,,0.6361809045226131,0.6693467336683417,0.5738693467336683,0.6653266331658292,1.0,,C:\Users\EM328 Super\Desktop\caxton-new-codex\新增資料夾\research_package_v1\tables\fusion_ablation_summary.csv,v1 primary_acc based early target run
v1,fusion_ablation,fusion=m4; modality=multimodal; gap=2.0s,,,,,0.633500837520938,,0.633500837520938,0.6944723618090453,0.6160804020100502,0.5899497487437186,1.0,,C:\Users\EM328 Super\Desktop\caxton-new-codex\新增資料夾\research_package_v1\tables\fusion_ablation_summary.csv,v1 primary_acc based early target run
v1,fusion_ablation,fusion=m0; modality=multimodal; gap=2.0s,,,,,0.6120603015075377,,0.6120603015075377,0.628140703517588,0.6160804020100502,0.5919597989949749,1.0,,C:\Users\EM328 Super\Desktop\caxton-new-codex\新增資料夾\research_package_v1\tables\fusion_ablation_summary.csv,v1 primary_acc based early target run
v1,fusion_ablation,fusion=m3; modality=multimodal; gap=2.0s,,,,,0.5993299832495813,,0.5993299832495813,0.6391959798994975,0.5748743718592965,0.5839195979899497,1.0,,C:\Users\EM328 Super\Desktop\caxton-new-codex\新增資料夾\research_package_v1\tables\fusion_ablation_summary.csv,v1 primary_acc based early target run
v1,fusion_ablation,fusion=m0; modality=multimodal; gap=2.0s,,,,,0.5949748743718594,,0.5949748743718594,0.6231155778894473,0.5899497487437186,0.5718592964824121,1.0,,C:\Users\EM328 Super\Desktop\caxton-new-codex\新增資料夾\research_package_v1\tables\fusion_ablation_summary.csv,v1 primary_acc based early target run
v1,fusion_ablation,fusion=m4; modality=multimodal; gap=2.0s,,,,,0.5524288107202681,,0.5524288107202681,0.5839195979899497,0.5125628140703518,0.5608040201005026,1.0,,C:\Users\EM328 Super\Desktop\caxton-new-codex\新增資料夾\research_package_v1\tables\fusion_ablation_summary.csv,v1 primary_acc based early target run
v1,strict_freeze,strict_freeze_image_backbone=True,,,,,0.6743718592964824,,0.6743718592964824,0.671356783919598,0.6562814070351759,0.6954773869346733,,,C:\Users\EM328 Super\Desktop\caxton-new-codex\新增資料夾\research_package_v1\tables\strict_freeze_comparison.csv,v1 primary_acc based early target run
v1,strict_freeze,strict_freeze_image_backbone=False,,,,,0.6666666666666666,,0.6666666666666666,0.6733668341708543,0.6391959798994975,0.6874371859296482,,,C:\Users\EM328 Super\Desktop\caxton-new-codex\新增資料夾\research_package_v1\tables\strict_freeze_comparison.csv,v1 primary_acc based early target run
v2,piece_cv,config_group=fusion_m4_1s,,3.0,,,0.7986658034089932,0.0764849745111245,0.774952111404049,0.8148292317605907,0.7665574405696143,0.7434696618819417,0.8698068794238258,,C:\Users\EM328 Super\Desktop\caxton-new-codex\v2\research_package_v2\piece_cv_sweeps\piece_cv_20260501_031449\tables\aggregate_by_config.csv,3-fold piece CV on corrected tension four-head labels
v2,piece_cv,config_group=trial_multimodal_1s,,3.0,,,0.7671317585849126,0.0829466937220766,0.7501754629996616,0.7981967367426357,0.7187208598920592,0.7336087923642899,0.8180006453406651,,C:\Users\EM328 Super\Desktop\caxton-new-codex\v2\research_package_v2\piece_cv_sweeps\piece_cv_20260501_031449\tables\aggregate_by_config.csv,3-fold piece CV on corrected tension four-head labels
v2,piece_cv,config_group=sample_m2_0p5s,,3.0,,,0.7635598526558732,0.0732635393159732,0.7459879276840103,0.7947020972391696,0.7172675289396677,0.7259941568731936,0.8162756275714619,,C:\Users\EM328 Super\Desktop\caxton-new-codex\v2\research_package_v2\piece_cv_sweeps\piece_cv_20260501_031449\tables\aggregate_by_config.csv,3-fold piece CV on corrected tension four-head labels
v2,piece_cv,config_group=fusion_m1_1s,,3.0,,,0.757651216846754,0.083934924740722,0.7365483881251681,0.7955948154974042,0.6983080952117927,0.7157422536663072,0.8209597030115118,,C:\Users\EM328 Super\Desktop\caxton-new-codex\v2\research_package_v2\piece_cv_sweeps\piece_cv_20260501_031449\tables\aggregate_by_config.csv,3-fold piece CV on corrected tension four-head labels
v2,piece_cv,config_group=sample_m2_1s,,3.0,,,0.7539035252004328,0.075031791557367,0.7379513232194775,0.7957304883222024,0.7013132672447385,0.7168102140914918,0.8017601311432984,,C:\Users\EM328 Super\Desktop\caxton-new-codex\v2\research_package_v2\piece_cv_sweeps\piece_cv_20260501_031449\tables\aggregate_by_config.csv,3-fold piece CV on corrected tension four-head labels
v2,piece_cv,config_group=sample_m2_2s,,3.0,,,0.7414708259731079,0.0782760507524763,0.7261512887547344,0.791213561713147,0.683399881573476,0.7038404229775801,0.7874294376282283,,C:\Users\EM328 Super\Desktop\caxton-new-codex\v2\research_package_v2\piece_cv_sweeps\piece_cv_20260501_031449\tables\aggregate_by_config.csv,3-fold piece CV on corrected tension four-head labels
v2,piece_cv,config_group=fusion_m3_1s,,3.0,,,0.7359638054587719,0.0713595212214881,0.7218923062088628,0.7757662529689767,0.6969554910469401,0.6929551746106717,0.7781783032084988,,C:\Users\EM328 Super\Desktop\caxton-new-codex\v2\research_package_v2\piece_cv_sweeps\piece_cv_20260501_031449\tables\aggregate_by_config.csv,3-fold piece CV on corrected tension four-head labels
v2,piece_cv,config_group=fusion_m5_1s,,3.0,,,0.712397777739572,0.072290810152867,0.6898347564088018,0.7524178108757832,0.6557929317810282,0.6612935265695938,0.7800868417318827,,C:\Users\EM328 Super\Desktop\caxton-new-codex\v2\research_package_v2\piece_cv_sweeps\piece_cv_20260501_031449\tables\aggregate_by_config.csv,3-fold piece CV on corrected tension four-head labels
v2,piece_cv,config_group=fusion_m0_1s,,3.0,,,0.643665803938415,0.0681735164393176,0.6054505174041592,0.6266975696630591,0.5928347487475113,0.5968192338019072,0.7583116635411825,,C:\Users\EM328 Super\Desktop\caxton-new-codex\v2\research_package_v2\piece_cv_sweeps\piece_cv_20260501_031449\tables\aggregate_by_config.csv,3-fold piece CV on corrected tension four-head labels
v2,piece_cv,config_group=trial_seq_only_1s,,3.0,,,0.5629825164451078,0.0512020979368989,0.5852896912837804,0.6951306090979698,0.4887127748541199,0.5720256898992514,0.4960609919290898,,C:\Users\EM328 Super\Desktop\caxton-new-codex\v2\research_package_v2\piece_cv_sweeps\piece_cv_20260501_031449\tables\aggregate_by_config.csv,3-fold piece CV on corrected tension four-head labels
v2,piece_cv,config_group=trial_image_only_1s,,3.0,,,0.3337043845040857,0.0038215577045742,0.3388387473991018,0.3298369694257287,0.3429727820896267,0.3437064906819501,0.3183012958190376,,C:\Users\EM328 Super\Desktop\caxton-new-codex\v2\research_package_v2\piece_cv_sweeps\piece_cv_20260501_031449\tables\aggregate_by_config.csv,3-fold piece CV on corrected tension four-head labels
v2,sampling_gap_ablation,sample_gap_s=0.5,,,,,0.7635598526558732,0.0732635393159732,0.7459879276840103,0.7947020972391696,0.7172675289396677,0.7259941568731936,0.8162756275714619,,C:\Users\EM328 Super\Desktop\caxton-new-codex\v2\research_package_v2\piece_cv_sweeps\piece_cv_20260501_031449\tables\sampling_ablation_m2.csv,m2 sampling gap ablation
v2,sampling_gap_ablation,sample_gap_s=1.0,,,,,0.7539035252004328,0.075031791557367,0.7379513232194775,0.7957304883222024,0.7013132672447385,0.7168102140914918,0.8017601311432984,,C:\Users\EM328 Super\Desktop\caxton-new-codex\v2\research_package_v2\piece_cv_sweeps\piece_cv_20260501_031449\tables\sampling_ablation_m2.csv,m2 sampling gap ablation
v2,sampling_gap_ablation,sample_gap_s=2.0,,,,,0.7414708259731079,0.0782760507524763,0.7261512887547344,0.791213561713147,0.683399881573476,0.7038404229775801,0.7874294376282283,,C:\Users\EM328 Super\Desktop\caxton-new-codex\v2\research_package_v2\piece_cv_sweeps\piece_cv_20260501_031449\tables\sampling_ablation_m2.csv,m2 sampling gap ablation
v3,image_only_comparison,config_name=image_only_unfrozen_source; split_policy=leave_one_piece_out,leave_one_piece_out,9.0,,0.3971845190455373,0.4877413523846649,0.0910087292712343,,0.4385932832590418,0.4644707077277584,0.4357555279763654,0.6121458905754937,-0.0905568333391275,C:\Users\EM328 Super\Desktop\caxton-new-codex\v3\research_package_v3\tables\image_only_comparison.csv,image-only comparison
v3,image_only_comparison,config_name=image_only_imagenet; split_policy=leave_one_piece_out,leave_one_piece_out,9.0,,0.3800795005348332,0.4023315214512365,0.0495118775157805,,0.3605346406997872,0.3540647804237229,0.3537712875548777,0.5409553771265582,-0.0222520209164033,C:\Users\EM328 Super\Desktop\caxton-new-codex\v3\research_package_v3\tables\image_only_comparison.csv,image-only comparison
v3,image_only_comparison,config_name=image_only_frozen_source; split_policy=leave_one_piece_out,leave_one_piece_out,9.0,,0.3447189767273604,0.3465858704210634,0.0195881235641698,,0.3751184721467323,0.3471894603314544,0.3198160266124707,0.344219522593596,-0.0018668936937029,C:\Users\EM328 Super\Desktop\caxton-new-codex\v3\research_package_v3\tables\image_only_comparison.csv,image-only comparison
v3,main_run_summary,run_group=main_sweep; config_name=fusion_m4_1s; split_policy=leave_one_piece_out,leave_one_piece_out,9.0,,0.4434752817671237,0.6855001736024501,0.0424246270799063,,0.7199210726375225,0.6469435316124638,0.6314748852159788,0.7436612049438355,-0.2420248918353263,C:\Users\EM328 Super\Desktop\caxton-new-codex\v3\research_package_v3\tables\run_summary.csv,aggregated from v3 per-run summary
v3,main_run_summary,run_group=window_ablation; config_name=fusion_m4_1s; split_policy=leave_one_piece_out,leave_one_piece_out,27.0,,0.4332342493571567,0.6711560868454903,0.0487272146566073,,0.7100607109022393,0.6276164874339472,0.6104858289032157,0.7364613201425592,-0.2379218374883335,C:\Users\EM328 Super\Desktop\caxton-new-codex\v3\research_package_v3\tables\run_summary.csv,aggregated from v3 per-run summary
v3,main_run_summary,run_group=main_sweep; config_name=trial_multimodal_1s; split_policy=leave_one_piece_out,leave_one_piece_out,9.0,,0.4100506688799161,0.5877610778676614,0.0634887257102833,,0.6748086976216645,0.555346313598018,0.527609675485276,0.5932796247656872,-0.1777104089877452,C:\Users\EM328 Super\Desktop\caxton-new-codex\v3\research_package_v3\tables\run_summary.csv,aggregated from v3 per-run summary
v3,main_run_summary,run_group=main_sweep; config_name=fusion_m2_1s; split_policy=leave_one_piece_out,leave_one_piece_out,9.0,,0.3953763035058587,0.5434743309268393,0.0495134274009411,,0.638828506959985,0.5083063581992204,0.4903583585364544,0.5364041000116974,-0.1480980274209806,C:\Users\EM328 Super\Desktop\caxton-new-codex\v3\research_package_v3\tables\run_summary.csv,aggregated from v3 per-run summary
v3,main_run_summary,run_group=main_sweep; config_name=fusion_m4_1s; split_policy=stratified_random_by_piece_within_combo,stratified_random_by_piece_within_combo,15.0,,0.5476432755091005,0.5362369059559734,0.0683296758129022,,0.6092911046826168,0.4445956887286029,0.4255172451071225,0.6655435853055511,0.0114063695531271,C:\Users\EM328 Super\Desktop\caxton-new-codex\v3\research_package_v3\tables\run_summary.csv,aggregated from v3 per-run summary
v3,main_run_summary,run_group=image_only_comparison; config_name=image_only_unfrozen_source; split_policy=leave_one_piece_out,leave_one_piece_out,9.0,,0.3971845190455373,0.4877413523846649,0.0910087292712343,,0.4385932832590418,0.4644707077277584,0.4357555279763654,0.6121458905754937,-0.0905568333391275,C:\Users\EM328 Super\Desktop\caxton-new-codex\v3\research_package_v3\tables\run_summary.csv,aggregated from v3 per-run summary
v3,main_run_summary,run_group=main_sweep; config_name=trial_multimodal_1s; split_policy=stratified_random_by_piece_within_combo,stratified_random_by_piece_within_combo,15.0,,0.4824221360684604,0.4678259664064156,0.0695285082593329,,0.5464101652689322,0.3967993971453014,0.325179217183532,0.6029150860278968,0.0145961696620449,C:\Users\EM328 Super\Desktop\caxton-new-codex\v3\research_package_v3\tables\run_summary.csv,aggregated from v3 per-run summary
v3,main_run_summary,run_group=main_sweep; config_name=fusion_m2_1s; split_policy=stratified_random_by_piece_within_combo,stratified_random_by_piece_within_combo,15.0,,0.4673091868353237,0.4616686363353215,0.057153247233213,,0.5315308823263808,0.3945610028058472,0.3535745714963555,0.5670080887127025,0.0056405505000022,C:\Users\EM328 Super\Desktop\caxton-new-codex\v3\research_package_v3\tables\run_summary.csv,aggregated from v3 per-run summary
v3,main_run_summary,run_group=main_sweep; config_name=image_only_imagenet; split_policy=leave_one_piece_out,leave_one_piece_out,9.0,,0.3800795005348331,0.4023315214512364,0.0495118775157805,,0.3605346406997872,0.3540647804237229,0.3537712875548776,0.5409553771265582,-0.0222520209164033,C:\Users\EM328 Super\Desktop\caxton-new-codex\v3\research_package_v3\tables\run_summary.csv,aggregated from v3 per-run summary
v3,main_run_summary,run_group=main_sweep; config_name=image_only_imagenet; split_policy=stratified_random_by_piece_within_combo,stratified_random_by_piece_within_combo,15.0,,0.3822962988409359,0.347888790131206,0.0588513106664264,,0.3507311624854388,0.2959403646207924,0.3163933990606418,0.4284902343579511,0.0344075087097298,C:\Users\EM328 Super\Desktop\caxton-new-codex\v3\research_package_v3\tables\run_summary.csv,aggregated from v3 per-run summary
v3,main_run_summary,run_group=image_only_comparison; config_name=image_only_frozen_source; split_policy=leave_one_piece_out,leave_one_piece_out,9.0,,0.3447189767273604,0.3465858704210633,0.0195881235641698,,0.3751184721467323,0.3471894603314544,0.3198160266124706,0.344219522593596,-0.001866893693703,C:\Users\EM328 Super\Desktop\caxton-new-codex\v3\research_package_v3\tables\run_summary.csv,aggregated from v3 per-run summary
v3,main_run_summary,run_group=main_sweep; config_name=image_only_imagenet; split_policy=leave_one_combo_out,leave_one_combo_out,9.0,,0.4608902857037709,0.239282932800873,0.030737879390884,,0.0812592752791091,0.1269892236818438,0.302683255352403,0.4461999768901363,0.2216073529028978,C:\Users\EM328 Super\Desktop\caxton-new-codex\v3\research_package_v3\tables\run_summary.csv,aggregated from v3 per-run summary
v3,main_run_summary,run_group=main_sweep; config_name=fusion_m4_1s; split_policy=leave_one_combo_out,leave_one_combo_out,9.0,,0.6693022486394552,0.2319280292209486,0.0191045454355608,,0.3819672752630052,0.1256504920398936,0.1293145599166117,0.2907797896642838,0.4373742194185065,C:\Users\EM328 Super\Desktop\caxton-new-codex\v3\research_package_v3\tables\run_summary.csv,aggregated from v3 per-run summary
v3,main_run_summary,run_group=main_sweep; config_name=trial_multimodal_1s; split_policy=leave_one_combo_out,leave_one_combo_out,9.0,,0.5638356940185761,0.224591454189836,0.0437022744327015,,0.4311320762056387,0.0747068649500339,0.0886371458294656,0.3038897297742059,0.3392442398287401,C:\Users\EM328 Super\Desktop\caxton-new-codex\v3\research_package_v3\tables\run_summary.csv,aggregated from v3 per-run summary
v3,main_run_summary,run_group=main_sweep; config_name=fusion_m2_1s; split_policy=leave_one_combo_out,leave_one_combo_out,9.0,,0.5286262364206739,0.2140566735941414,0.0651840021070795,,0.4465052325210057,0.0756900368876801,0.0880379602061005,0.2459934647617793,0.3145695628265323,C:\Users\EM328 Super\Desktop\caxton-new-codex\v3\research_package_v3\tables\run_summary.csv,aggregated from v3 per-run summary
v3,split_policy_ablation,split_policy=leave_one_piece_out,leave_one_piece_out,9.0,,0.4434752817671237,0.6855001736024501,0.0424246270799063,,0.7199210726375225,0.6469435316124638,0.6314748852159788,0.7436612049438355,-0.2420248918353263,C:\Users\EM328 Super\Desktop\caxton-new-codex\v3\research_package_v3\tables\aggregate_by_split_policy.csv,split policy comparison
v3,split_policy_ablation,split_policy=leave_one_piece_out,leave_one_piece_out,9.0,,0.4100506688799161,0.5877610778676614,0.0634887257102833,,0.6748086976216645,0.555346313598018,0.527609675485276,0.5932796247656872,-0.1777104089877452,C:\Users\EM328 Super\Desktop\caxton-new-codex\v3\research_package_v3\tables\aggregate_by_split_policy.csv,split policy comparison
v3,split_policy_ablation,split_policy=leave_one_piece_out,leave_one_piece_out,9.0,,0.3953763035058587,0.5434743309268393,0.0495134274009411,,0.638828506959985,0.5083063581992204,0.4903583585364544,0.5364041000116974,-0.1480980274209806,C:\Users\EM328 Super\Desktop\caxton-new-codex\v3\research_package_v3\tables\aggregate_by_split_policy.csv,split policy comparison
v3,split_policy_ablation,split_policy=stratified_random_by_piece_within_combo,stratified_random_by_piece_within_combo,15.0,,0.5476432755091005,0.5362369059559734,0.0683296758129022,,0.6092911046826168,0.4445956887286029,0.4255172451071226,0.6655435853055511,0.0114063695531271,C:\Users\EM328 Super\Desktop\caxton-new-codex\v3\research_package_v3\tables\aggregate_by_split_policy.csv,split policy comparison
v3,split_policy_ablation,split_policy=stratified_random_by_piece_within_combo,stratified_random_by_piece_within_combo,15.0,,0.4824221360684605,0.4678259664064156,0.0695285082593329,,0.5464101652689322,0.3967993971453015,0.325179217183532,0.6029150860278968,0.0145961696620449,C:\Users\EM328 Super\Desktop\caxton-new-codex\v3\research_package_v3\tables\aggregate_by_split_policy.csv,split policy comparison
v3,split_policy_ablation,split_policy=stratified_random_by_piece_within_combo,stratified_random_by_piece_within_combo,15.0,,0.4673091868353238,0.4616686363353215,0.057153247233213,,0.5315308823263808,0.3945610028058472,0.3535745714963555,0.5670080887127025,0.0056405505000022,C:\Users\EM328 Super\Desktop\caxton-new-codex\v3\research_package_v3\tables\aggregate_by_split_policy.csv,split policy comparison
v3,split_policy_ablation,split_policy=leave_one_piece_out,leave_one_piece_out,9.0,,0.3800795005348332,0.4023315214512365,0.0495118775157805,,0.3605346406997872,0.3540647804237229,0.3537712875548777,0.5409553771265582,-0.0222520209164033,C:\Users\EM328 Super\Desktop\caxton-new-codex\v3\research_package_v3\tables\aggregate_by_split_policy.csv,split policy comparison
v3,split_policy_ablation,split_policy=stratified_random_by_piece_within_combo,stratified_random_by_piece_within_combo,15.0,,0.3822962988409359,0.347888790131206,0.0588513106664264,,0.3507311624854388,0.2959403646207924,0.3163933990606418,0.4284902343579511,0.0344075087097298,C:\Users\EM328 Super\Desktop\caxton-new-codex\v3\research_package_v3\tables\aggregate_by_split_policy.csv,split policy comparison
v3,split_policy_ablation,split_policy=leave_one_combo_out,leave_one_combo_out,9.0,,0.4608902857037709,0.239282932800873,0.030737879390884,,0.0812592752791091,0.1269892236818438,0.302683255352403,0.4461999768901363,0.2216073529028978,C:\Users\EM328 Super\Desktop\caxton-new-codex\v3\research_package_v3\tables\aggregate_by_split_policy.csv,split policy comparison
v3,split_policy_ablation,split_policy=leave_one_combo_out,leave_one_combo_out,9.0,,0.6693022486394552,0.2319280292209486,0.0191045454355608,,0.3819672752630052,0.1256504920398937,0.1293145599166118,0.2907797896642838,0.4373742194185065,C:\Users\EM328 Super\Desktop\caxton-new-codex\v3\research_package_v3\tables\aggregate_by_split_policy.csv,split policy comparison
v3,split_policy_ablation,split_policy=leave_one_combo_out,leave_one_combo_out,9.0,,0.5638356940185761,0.224591454189836,0.0437022744327015,,0.4311320762056387,0.074706864950034,0.0886371458294656,0.303889729774206,0.3392442398287401,C:\Users\EM328 Super\Desktop\caxton-new-codex\v3\research_package_v3\tables\aggregate_by_split_policy.csv,split policy comparison
v3,split_policy_ablation,split_policy=leave_one_combo_out,leave_one_combo_out,9.0,,0.5286262364206739,0.2140566735941415,0.0651840021070795,,0.4465052325210057,0.0756900368876802,0.0880379602061005,0.2459934647617794,0.3145695628265323,C:\Users\EM328 Super\Desktop\caxton-new-codex\v3\research_package_v3\tables\aggregate_by_split_policy.csv,split policy comparison
v3,window_length_ablation,window_length=200.0; window_s=4.0,,9.0,,0.4414830761851568,0.6954430487752609,0.0587334887948898,,0.7407391439457359,0.649326166592818,0.6266462318470483,0.7650606527154413,-0.253959972590104,C:\Users\EM328 Super\Desktop\caxton-new-codex\v3\research_package_v3\tables\window_length_ablation_aggregate.csv,TCN input history length ablation
v3,window_length_ablation,window_length=100.0; window_s=2.0,,9.0,,0.4434752817671237,0.6855001736024501,0.0424246270799063,,0.7199210726375225,0.6469435316124638,0.6314748852159788,0.7436612049438355,-0.2420248918353263,C:\Users\EM328 Super\Desktop\caxton-new-codex\v3\research_package_v3\tables\window_length_ablation_aggregate.csv,TCN input history length ablation
v3,window_length_ablation,window_length=50.0; window_s=1.0,,9.0,,0.4350398199629777,0.6734779859128815,0.0255972279047157,,0.7098443932597804,0.6279562707186124,0.6133154949855733,0.7427957846875599,-0.2384381659499038,C:\Users\EM328 Super\Desktop\caxton-new-codex\v3\research_package_v3\tables\window_length_ablation_aggregate.csv,TCN input history length ablation
v3,window_length_ablation,window_length=25.0; window_s=0.5,,9.0,,0.4231798519233359,0.6445472258483287,0.0463204037465579,,0.6795985955012016,0.6055670249904113,0.5914957598770253,0.7015275230246764,-0.2213673739249927,C:\Users\EM328 Super\Desktop\caxton-new-codex\v3\research_package_v3\tables\window_length_ablation_aggregate.csv,TCN input history length ablation
v4,combined_aggregate,phase=phase1_backbone_ablation; config_name=trial_multimodal_1s; backbone_mode=unfrozen_source; split_policy=leave_one_piece_out,leave_one_piece_out,9.0,,0.4599183815598325,0.6828810359348237,0.0460141659695865,,0.7522424999187936,0.6334640422973227,0.582007500015936,0.7638101015072427,-0.2229626543749912,C:\Users\EM328 Super\Desktop\caxton-new-codex\v4\research_package_v4\tables\v4_combined_aggregate.csv,v4 full combined aggregate
v4,combined_aggregate,phase=phase2_ablation; config_name=fusion_m4_1s; backbone_mode=frozen_source; variant_name=image_size_288; split_policy=leave_one_piece_out,leave_one_piece_out,9.0,,0.4868161176753824,0.6599353462254265,0.0428310929226247,,0.7011559352910333,0.6155617897641994,0.6150110620192712,0.7080125978272019,-0.1731192285500439,C:\Users\EM328 Super\Desktop\caxton-new-codex\v4\research_package_v4\tables\v4_combined_aggregate.csv,v4 full combined aggregate
v4,combined_aggregate,phase=phase2_ablation; config_name=fusion_m4_1s; backbone_mode=frozen_source; variant_name=lr_schedule_warmup_cosine; split_policy=leave_one_piece_out,leave_one_piece_out,9.0,,0.4802621588820179,0.6486157041026918,0.0271590825841403,,0.6867374944076015,0.5881264192589698,0.6065278673337786,0.713071035410417,-0.1683535452206738,C:\Users\EM328 Super\Desktop\caxton-new-codex\v4\research_package_v4\tables\v4_combined_aggregate.csv,v4 full combined aggregate
v4,combined_aggregate,phase=phase2_ablation; config_name=fusion_m4_1s; backbone_mode=frozen_source; variant_name=dropout_0p4_wd_0.01; split_policy=leave_one_piece_out,leave_one_piece_out,9.0,,0.4814329335792531,0.6483866277779184,0.0439554662131507,,0.6969103471611774,0.5880172301095243,0.5962512772206242,0.712367656620348,-0.1669536941986654,C:\Users\EM328 Super\Desktop\caxton-new-codex\v4\research_package_v4\tables\v4_combined_aggregate.csv,v4 full combined aggregate
v4,combined_aggregate,phase=phase2_ablation; config_name=fusion_m4_1s; backbone_mode=frozen_source; variant_name=dropout_0p3_wd_0.001; split_policy=leave_one_piece_out,leave_one_piece_out,9.0,,0.4814711568497395,0.6467436693814391,0.0389860304060013,,0.6943521803052813,0.5847990045556217,0.5948577349200007,0.7129657577448527,-0.1652725125316996,C:\Users\EM328 Super\Desktop\caxton-new-codex\v4\research_package_v4\tables\v4_combined_aggregate.csv,v4 full combined aggregate
v4,combined_aggregate,phase=phase2_ablation; config_name=fusion_m4_1s; backbone_mode=frozen_source; variant_name=tcn_wide; split_policy=leave_one_piece_out,leave_one_piece_out,9.0,,0.4900670355313534,0.64547208146652,0.0484348355917814,,0.6937050079368543,0.5838720031833505,0.5911715259957315,0.7131397887501433,-0.1554050459351664,C:\Users\EM328 Super\Desktop\caxton-new-codex\v4\research_package_v4\tables\v4_combined_aggregate.csv,v4 full combined aggregate
v4,combined_aggregate,phase=phase2_ablation; config_name=fusion_m4_1s; backbone_mode=frozen_source; variant_name=dropout_0p2_wd_0.0001; split_policy=leave_one_piece_out,leave_one_piece_out,9.0,,0.4798376701403405,0.6447447166066469,0.0377948773803025,,0.6904407926244152,0.58437929681547,0.5960520713651547,0.7081067056215482,-0.1649070464663064,C:\Users\EM328 Super\Desktop\caxton-new-codex\v4\research_package_v4\tables\v4_combined_aggregate.csv,v4 full combined aggregate
v4,combined_aggregate,phase=phase2_ablation; config_name=fusion_m4_1s; backbone_mode=frozen_source; variant_name=image_size_224; split_policy=leave_one_piece_out,leave_one_piece_out,9.0,,0.4797065147575274,0.6446959283780099,0.0376702298414491,,0.6902480084089297,0.5843617086010593,0.5961018218729338,0.7080721746291165,-0.1649894136204824,C:\Users\EM328 Super\Desktop\caxton-new-codex\v4\research_package_v4\tables\v4_combined_aggregate.csv,v4 full combined aggregate
v4,combined_aggregate,phase=phase2_ablation; config_name=fusion_m4_1s; backbone_mode=frozen_source; variant_name=tcn_small; split_policy=leave_one_piece_out,leave_one_piece_out,9.0,,0.4797297632078559,0.6446766286518116,0.0377050477080557,,0.6902683742105256,0.5842414093940119,0.5962624437950507,0.7079342872076586,-0.1649468654439558,C:\Users\EM328 Super\Desktop\caxton-new-codex\v4\research_package_v4\tables\v4_combined_aggregate.csv,v4 full combined aggregate
v4,combined_aggregate,phase=phase1_backbone_ablation; config_name=fusion_m4_1s; backbone_mode=frozen_source; split_policy=leave_one_piece_out,leave_one_piece_out,9.0,,0.4797705701340768,0.6446214091395894,0.0377632772423678,,0.6902480084089299,0.5841794300045667,0.5959795863567167,0.7080786117881446,-0.1648508390055125,C:\Users\EM328 Super\Desktop\caxton-new-codex\v4\research_package_v4\tables\v4_combined_aggregate.csv,v4 full combined aggregate
v4,combined_aggregate,phase=phase2_ablation; config_name=fusion_m4_1s; backbone_mode=frozen_source; variant_name=attn_heads_2; split_policy=leave_one_piece_out,leave_one_piece_out,9.0,,0.479765070064954,0.6446127763914816,0.0377260754170991,,0.6903140562583397,0.5841414759885604,0.5960344831507439,0.7079610901682822,-0.1648477063265274,C:\Users\EM328 Super\Desktop\caxton-new-codex\v4\research_package_v4\tables\v4_combined_aggregate.csv,v4 full combined aggregate
v4,combined_aggregate,phase=phase2_ablation; config_name=fusion_m4_1s; backbone_mode=frozen_source; variant_name=lr_schedule_none; split_policy=leave_one_piece_out,leave_one_piece_out,9.0,,0.4798339267074583,0.6445903661832427,0.0377927097486854,,0.6902186237027463,0.5841794300045667,0.5959128930709168,0.7080505179547409,-0.1647564394757843,C:\Users\EM328 Super\Desktop\caxton-new-codex\v4\research_package_v4\tables\v4_combined_aggregate.csv,v4 full combined aggregate
v4,combined_aggregate,phase=phase2_ablation; config_name=fusion_m4_1s; backbone_mode=frozen_source; variant_name=attn_heads_4; split_policy=leave_one_piece_out,leave_one_piece_out,9.0,,0.470738070906217,0.6419632666361923,0.0370058578376273,,0.686587124351338,0.5824806765402291,0.5876902129869405,0.7110950526662619,-0.1712251957299753,C:\Users\EM328 Super\Desktop\caxton-new-codex\v4\research_package_v4\tables\v4_combined_aggregate.csv,v4 full combined aggregate
v4,combined_aggregate,phase=phase2_ablation; config_name=fusion_m4_1s; backbone_mode=frozen_source; variant_name=attn_heads_8; split_policy=leave_one_piece_out,leave_one_piece_out,9.0,,0.4611122162293969,0.6419192311992585,0.0430700504620065,,0.6922732850316499,0.5835672953224369,0.5891881789260398,0.7026481655169072,-0.1808070149698615,C:\Users\EM328 Super\Desktop\caxton-new-codex\v4\research_package_v4\tables\v4_combined_aggregate.csv,v4 full combined aggregate
v4,combined_aggregate,phase=phase2_ablation; config_name=fusion_m4_1s; backbone_mode=frozen_source; variant_name=lr_schedule_cosine; split_policy=leave_one_piece_out,leave_one_piece_out,9.0,,0.4779128178781875,0.6407771401297739,0.0409266016208121,,0.6927791526696676,0.5788848721871669,0.5910111807268406,0.7004333549354207,-0.1628643222515864,C:\Users\EM328 Super\Desktop\caxton-new-codex\v4\research_package_v4\tables\v4_combined_aggregate.csv,v4 full combined aggregate
v4,combined_aggregate,phase=phase1_backbone_ablation; config_name=fusion_m2_1s; backbone_mode=unfrozen_source; split_policy=leave_one_piece_out,leave_one_piece_out,9.0,,0.4252356010502612,0.634400961243822,0.0882582922245759,,0.6933150962892495,0.6046794392726274,0.5442101860962292,0.6953991233171819,-0.2091653601935607,C:\Users\EM328 Super\Desktop\caxton-new-codex\v4\research_package_v4\tables\v4_combined_aggregate.csv,v4 full combined aggregate
v4,combined_aggregate,phase=phase2_ablation; config_name=fusion_m4_1s; backbone_mode=frozen_source; variant_name=tcn_deep; split_policy=leave_one_piece_out,leave_one_piece_out,9.0,,0.4737668354708044,0.6330445033860386,0.0378883284401821,,0.6783096649821911,0.573708661884465,0.5921643591098076,0.6879953275676907,-0.1592776679152342,C:\Users\EM328 Super\Desktop\caxton-new-codex\v4\research_package_v4\tables\v4_combined_aggregate.csv,v4 full combined aggregate
v4,combined_aggregate,phase=phase2_ablation; config_name=fusion_m4_1s; backbone_mode=frozen_source; variant_name=image_size_256; split_policy=leave_one_piece_out,leave_one_piece_out,9.0,,0.4615265614388447,0.6206006340611887,0.0440742323529266,,0.6856887455940082,0.5611700475368921,0.5846229157977818,0.650920827316073,-0.159074072622344,C:\Users\EM328 Super\Desktop\caxton-new-codex\v4\research_package_v4\tables\v4_combined_aggregate.csv,v4 full combined aggregate
v4,combined_aggregate,phase=phase1_backbone_ablation; config_name=fusion_m4_1s; backbone_mode=unfrozen_source; split_policy=leave_one_piece_out,leave_one_piece_out,9.0,,0.4357675443181976,0.605679276943957,0.0524010023979375,,0.6715347447844634,0.5484910744967089,0.5488079043888564,0.6538833841057994,-0.1699117326257594,C:\Users\EM328 Super\Desktop\caxton-new-codex\v4\research_package_v4\tables\v4_combined_aggregate.csv,v4 full combined aggregate
v4,combined_aggregate,phase=phase1_backbone_ablation; config_name=trial_multimodal_1s; backbone_mode=frozen_source; split_policy=leave_one_piece_out,leave_one_piece_out,9.0,,0.4336445220154958,0.600999297627602,0.0322722133335043,,0.6725321531105976,0.5604505374675554,0.521895626481741,0.6491188734505143,-0.1673547756121062,C:\Users\EM328 Super\Desktop\caxton-new-codex\v4\research_package_v4\tables\v4_combined_aggregate.csv,v4 full combined aggregate
v4,combined_aggregate,phase=phase1_backbone_ablation; config_name=trial_multimodal_1s; backbone_mode=imagenet_unfrozen; split_policy=leave_one_piece_out,leave_one_piece_out,9.0,,0.4183921206726355,0.589964963002175,0.0380026917034529,,0.6312609391221424,0.5800993053585979,0.4895442802643081,0.6589553272636517,-0.1715728423295396,C:\Users\EM328 Super\Desktop\caxton-new-codex\v4\research_package_v4\tables\v4_combined_aggregate.csv,v4 full combined aggregate
v4,combined_aggregate,phase=phase1_backbone_ablation; config_name=fusion_m4_1s; backbone_mode=imagenet_unfrozen; split_policy=leave_one_piece_out,leave_one_piece_out,9.0,,0.4311463137046284,0.5768592727395012,0.0345294325151828,,0.6206219473742962,0.5536023656783036,0.5122732456625783,0.6209395322428267,-0.1457129590348727,C:\Users\EM328 Super\Desktop\caxton-new-codex\v4\research_package_v4\tables\v4_combined_aggregate.csv,v4 full combined aggregate
v4,combined_aggregate,phase=phase1_backbone_ablation; config_name=fusion_m4_1s; backbone_mode=frozen_source; split_policy=stratified_random_by_piece_within_combo,stratified_random_by_piece_within_combo,15.0,,0.5677781258886918,0.5531894076214154,0.0553981831037284,,0.6276219634415318,0.4566644069394832,0.4346408469391576,0.6938304131654895,0.0145887182672762,C:\Users\EM328 Super\Desktop\caxton-new-codex\v4\research_package_v4\tables\v4_combined_aggregate.csv,v4 full combined aggregate
v4,combined_aggregate,phase=phase1_backbone_ablation; config_name=fusion_m2_1s; backbone_mode=frozen_source; split_policy=leave_one_piece_out,leave_one_piece_out,9.0,,0.4277044995928544,0.5477621393380869,0.0561252190373803,,0.6315574723039094,0.503772601410926,0.4839141909869081,0.5718042926506045,-0.1200576397452325,C:\Users\EM328 Super\Desktop\caxton-new-codex\v4\research_package_v4\tables\v4_combined_aggregate.csv,v4 full combined aggregate
v4,combined_aggregate,phase=phase1_backbone_ablation; config_name=fusion_m2_1s; backbone_mode=imagenet_unfrozen; split_policy=leave_one_piece_out,leave_one_piece_out,9.0,,0.3977560178444828,0.525754852286713,0.0698049486283176,,0.578986309803033,0.4939880278884401,0.4614186156245919,0.5686264558307871,-0.1279988344422302,C:\Users\EM328 Super\Desktop\caxton-new-codex\v4\research_package_v4\tables\v4_combined_aggregate.csv,v4 full combined aggregate
v4,combined_aggregate,phase=phase1_backbone_ablation; config_name=trial_multimodal_1s; backbone_mode=frozen_source; split_policy=stratified_random_by_piece_within_combo,stratified_random_by_piece_within_combo,15.0,,0.4942812371390394,0.495859521850344,0.0566675095662892,,0.5551888113758916,0.4179541922407027,0.3406908918933776,0.6696041918914043,-0.0015782847113045,C:\Users\EM328 Super\Desktop\caxton-new-codex\v4\research_package_v4\tables\v4_combined_aggregate.csv,v4 full combined aggregate
v4,combined_aggregate,phase=phase1_backbone_ablation; config_name=trial_multimodal_1s; backbone_mode=unfrozen_source; split_policy=stratified_random_by_piece_within_combo,stratified_random_by_piece_within_combo,15.0,,0.5175035624764915,0.4764656400041341,0.0801317218229205,,0.5307327058408841,0.3935712089516087,0.3532356193550463,0.6283230258689976,0.0410379224723573,C:\Users\EM328 Super\Desktop\caxton-new-codex\v4\research_package_v4\tables\v4_combined_aggregate.csv,v4 full combined aggregate
v4,combined_aggregate,phase=phase1_backbone_ablation; config_name=fusion_m2_1s; backbone_mode=unfrozen_source; split_policy=stratified_random_by_piece_within_combo,stratified_random_by_piece_within_combo,15.0,,0.5002870495584384,0.4752226957664766,0.0630303527231769,,0.4908096383400248,0.4086926485847797,0.411232374572947,0.5901561215681549,0.0250643537919617,C:\Users\EM328 Super\Desktop\caxton-new-codex\v4\research_package_v4\tables\v4_combined_aggregate.csv,v4 full combined aggregate
v4,combined_aggregate,phase=phase1_backbone_ablation; config_name=fusion_m4_1s; backbone_mode=unfrozen_source; split_policy=stratified_random_by_piece_within_combo,stratified_random_by_piece_within_combo,15.0,,0.5053003099281892,0.4712121187962908,0.0656089000634363,,0.5287410987369835,0.3897906453301846,0.3600730365583454,0.6062436945596499,0.0340881911318984,C:\Users\EM328 Super\Desktop\caxton-new-codex\v4\research_package_v4\tables\v4_combined_aggregate.csv,v4 full combined aggregate
v4,combined_aggregate,phase=phase1_backbone_ablation; config_name=fusion_m2_1s; backbone_mode=frozen_source; split_policy=stratified_random_by_piece_within_combo,stratified_random_by_piece_within_combo,15.0,,0.4841293066901095,0.4688087959675622,0.0609892051408114,,0.5140892013100979,0.3925879846867509,0.3694042587814468,0.5991537390919532,0.0153205107225472,C:\Users\EM328 Super\Desktop\caxton-new-codex\v4\research_package_v4\tables\v4_combined_aggregate.csv,v4 full combined aggregate
v4,combined_aggregate,phase=phase1_backbone_ablation; config_name=fusion_m4_1s; backbone_mode=imagenet_unfrozen; split_policy=stratified_random_by_piece_within_combo,stratified_random_by_piece_within_combo,15.0,,0.53101761267393,0.4597019384526006,0.1002090234664604,,0.4643118437316305,0.3907579103229217,0.3512215930511765,0.6325164067046741,0.0713156742213293,C:\Users\EM328 Super\Desktop\caxton-new-codex\v4\research_package_v4\tables\v4_combined_aggregate.csv,v4 full combined aggregate
v4,combined_aggregate,phase=phase1_backbone_ablation; config_name=fusion_m2_1s; backbone_mode=imagenet_unfrozen; split_policy=stratified_random_by_piece_within_combo,stratified_random_by_piece_within_combo,15.0,,0.4748808526114435,0.4491010395306302,0.1044331761406173,,0.4696598391989992,0.3733575687039952,0.3713774258187949,0.5820093244007316,0.0257798130808133,C:\Users\EM328 Super\Desktop\caxton-new-codex\v4\research_package_v4\tables\v4_combined_aggregate.csv,v4 full combined aggregate
v4,combined_aggregate,phase=phase1_backbone_ablation; config_name=trial_multimodal_1s; backbone_mode=imagenet_unfrozen; split_policy=stratified_random_by_piece_within_combo,stratified_random_by_piece_within_combo,15.0,,0.4825471964822643,0.4464762051559899,0.0857183960541903,,0.4789247465536604,0.3724858914170344,0.3531608060142654,0.5813333766389995,0.0360709913262744,C:\Users\EM328 Super\Desktop\caxton-new-codex\v4\research_package_v4\tables\v4_combined_aggregate.csv,v4 full combined aggregate
v4,combined_aggregate,phase=phase1_backbone_ablation; config_name=trial_multimodal_1s; backbone_mode=imagenet_unfrozen; split_policy=leave_one_combo_out,leave_one_combo_out,27.0,,0.6428228782353407,0.2611443693366161,0.0199077998127134,,0.3540541235399616,0.0492021329724283,0.1080917334245128,0.5332294874095619,0.3816785088987245,C:\Users\EM328 Super\Desktop\caxton-new-codex\v4\research_package_v4\tables\v4_combined_aggregate.csv,v4 full combined aggregate
v4,combined_aggregate,phase=phase1_backbone_ablation; config_name=trial_multimodal_1s; backbone_mode=unfrozen_source; split_policy=leave_one_combo_out,leave_one_combo_out,27.0,,0.6668723172560214,0.2580621733008431,0.0224914669771749,,0.3731243132789489,0.0312537350672157,0.1148972103383524,0.5129734345188551,0.4088101439551782,C:\Users\EM328 Super\Desktop\caxton-new-codex\v4\research_package_v4\tables\v4_combined_aggregate.csv,v4 full combined aggregate
v4,combined_aggregate,phase=phase1_backbone_ablation; config_name=fusion_m4_1s; backbone_mode=imagenet_unfrozen; split_policy=leave_one_combo_out,leave_one_combo_out,27.0,,0.6581115128469194,0.2557626995892845,0.041489241163366,,0.3005614511184633,0.0637470428001996,0.0976962267309337,0.5610460777075412,0.4023488132576349,C:\Users\EM328 Super\Desktop\caxton-new-codex\v4\research_package_v4\tables\v4_combined_aggregate.csv,v4 full combined aggregate
v4,combined_aggregate,phase=phase1_backbone_ablation; config_name=fusion_m2_1s; backbone_mode=unfrozen_source; split_policy=leave_one_combo_out,leave_one_combo_out,27.0,,0.6388821035270564,0.2538111705800281,0.0192071119619991,,0.3513939229338103,0.0773489241577457,0.0881150727947064,0.4983867624338501,0.3850709329470282,C:\Users\EM328 Super\Desktop\caxton-new-codex\v4\research_package_v4\tables\v4_combined_aggregate.csv,v4 full combined aggregate
v4,combined_aggregate,phase=phase1_backbone_ablation; config_name=fusion_m4_1s; backbone_mode=unfrozen_source; split_policy=leave_one_combo_out,leave_one_combo_out,27.0,,0.6555110392260857,0.2531326160473242,0.0211688326792414,,0.3831355961360284,0.0462272744789848,0.0616641186887992,0.5215034748854845,0.4023784231787613,C:\Users\EM328 Super\Desktop\caxton-new-codex\v4\research_package_v4\tables\v4_combined_aggregate.csv,v4 full combined aggregate
v4,combined_aggregate,phase=phase1_backbone_ablation; config_name=fusion_m4_1s; backbone_mode=frozen_source; split_policy=leave_one_combo_out,leave_one_combo_out,27.0,,0.6608708726854623,0.2449924505845333,0.0297510490238144,,0.3567197079515977,0.0714339489993732,0.1068525827322891,0.4449635626548731,0.415878422100929,C:\Users\EM328 Super\Desktop\caxton-new-codex\v4\research_package_v4\tables\v4_combined_aggregate.csv,v4 full combined aggregate
v4,combined_aggregate,phase=phase1_backbone_ablation; config_name=fusion_m2_1s; backbone_mode=imagenet_unfrozen; split_policy=leave_one_combo_out,leave_one_combo_out,27.0,,0.5950870784905282,0.2418956607539013,0.0859556308165255,,0.3473222527295611,0.1201157330299541,0.0711635482596365,0.4289811089964534,0.3531914177366269,C:\Users\EM328 Super\Desktop\caxton-new-codex\v4\research_package_v4\tables\v4_combined_aggregate.csv,v4 full combined aggregate
v4,combined_aggregate,phase=phase1_backbone_ablation; config_name=fusion_m2_1s; backbone_mode=frozen_source; split_policy=leave_one_combo_out,leave_one_combo_out,27.0,,0.5530192296608616,0.2328291921546031,0.0443989684027273,,0.4626941888050109,0.0642110451757992,0.0852174438017357,0.3191940908358665,0.3201900375062585,C:\Users\EM328 Super\Desktop\caxton-new-codex\v4\research_package_v4\tables\v4_combined_aggregate.csv,v4 full combined aggregate
v4,combined_aggregate,phase=phase1_backbone_ablation; config_name=trial_multimodal_1s; backbone_mode=frozen_source; split_policy=leave_one_combo_out,leave_one_combo_out,27.0,,0.5842774822508557,0.228600144502863,0.0415006738241306,,0.3930241118637542,0.0688402270331031,0.1013144164701081,0.3512218226444866,0.3556773377479927,C:\Users\EM328 Super\Desktop\caxton-new-codex\v4\research_package_v4\tables\v4_combined_aggregate.csv,v4 full combined aggregate
v4,final_leaderboard,phase=phase1_backbone_ablation; config_name=trial_multimodal_1s; backbone_mode=unfrozen_source; split_policy=leave_one_piece_out,leave_one_piece_out,9.0,,0.4599183815598325,0.6828810359348237,0.0460141659695865,,0.7522424999187936,0.6334640422973227,0.582007500015936,0.7638101015072427,-0.2229626543749912,C:\Users\EM328 Super\Desktop\caxton-new-codex\v4\research_package_v4\tables\final_leaderboard.csv,v4 curated leaderboard
v4,final_leaderboard,phase=phase1_backbone_ablation; config_name=fusion_m4_1s; backbone_mode=frozen_source; split_policy=stratified_random_by_piece_within_combo,stratified_random_by_piece_within_combo,15.0,,0.5677781258886918,0.5531894076214154,0.0553981831037284,,0.6276219634415318,0.4566644069394832,0.4346408469391576,0.6938304131654895,0.0145887182672762,C:\Users\EM328 Super\Desktop\caxton-new-codex\v4\research_package_v4\tables\final_leaderboard.csv,v4 curated leaderboard
v4,final_leaderboard,phase=phase1_backbone_ablation; config_name=trial_multimodal_1s; backbone_mode=imagenet_unfrozen; split_policy=leave_one_combo_out,leave_one_combo_out,27.0,,0.6428228782353407,0.2611443693366161,0.0199077998127134,,0.3540541235399616,0.0492021329724283,0.1080917334245128,0.5332294874095619,0.3816785088987245,C:\Users\EM328 Super\Desktop\caxton-new-codex\v4\research_package_v4\tables\final_leaderboard.csv,v4 curated leaderboard
v5,best_train_val_test,split_policy=leave_one_combo_out; variant=baseline; run=phase3_baseline_loco_combo1_seed0,leave_one_combo_out,,0.9988742360887746,0.6671525753158406,,,,0.6552872606161532,0.0033305578684429,0.0732722731057452,0.3297252289758534,,C:\Users\EM328 Super\Desktop\caxton-new-codex\v5\research_package_v5\tables\phase3_best_train_val_test.csv,v5 per-run train/val/test at best checkpoint
v5,best_train_val_test,split_policy=leave_one_combo_out; variant=baseline; run=phase3_baseline_loco_combo1_seed1,leave_one_combo_out,,0.9951752975233196,0.6612406867508909,,,,0.9725228975853456,0.0,0.0183180682764363,0.0208159866777685,,C:\Users\EM328 Super\Desktop\caxton-new-codex\v5\research_package_v5\tables\phase3_best_train_val_test.csv,v5 per-run train/val/test at best checkpoint
v5,best_train_val_test,split_policy=leave_one_combo_out; variant=baseline; run=phase3_baseline_loco_combo1_seed2,leave_one_combo_out,,0.9969845609520744,0.6511175898931001,,,,0.8834304746044963,0.0116569525395503,0.0241465445462114,0.2264779350541215,,C:\Users\EM328 Super\Desktop\caxton-new-codex\v5\research_package_v5\tables\phase3_best_train_val_test.csv,v5 per-run train/val/test at best checkpoint
v5,best_train_val_test,split_policy=leave_one_combo_out; variant=baseline; run=phase3_baseline_loco_combo2_seed0,leave_one_combo_out,,0.9934624296590532,0.684244167465644,,,,0.2082397003745318,0.1295880149812734,0.0007490636704119,0.6689138576779026,,C:\Users\EM328 Super\Desktop\caxton-new-codex\v5\research_package_v5\tables\phase3_best_train_val_test.csv,v5 per-run train/val/test at best checkpoint
v5,best_train_val_test,split_policy=leave_one_combo_out; variant=baseline; run=phase3_baseline_loco_combo2_seed1,leave_one_combo_out,,0.9976828864614368,0.6975071907957814,,,,0.4074906367041198,0.0823970037453183,0.0,0.6943820224719102,,C:\Users\EM328 Super\Desktop\caxton-new-codex\v5\research_package_v5\tables\phase3_best_train_val_test.csv,v5 per-run train/val/test at best checkpoint
v5,best_train_val_test,split_policy=leave_one_combo_out; variant=baseline; run=phase3_baseline_loco_combo2_seed2,leave_one_combo_out,,0.9944554783184376,0.721636305528923,,,,0.1430711610486891,0.248689138576779,0.0007490636704119,0.4584269662921348,,C:\Users\EM328 Super\Desktop\caxton-new-codex\v5\research_package_v5\tables\phase3_best_train_val_test.csv,v5 per-run train/val/test at best checkpoint
v5,best_train_val_test,split_policy=leave_one_combo_out; variant=baseline; run=phase3_baseline_loco_combo3_seed0,leave_one_combo_out,,0.9908002571107184,0.6638977635782748,,,,0.1960104076322636,0.0008673026886383,0.0008673026886383,0.8941890719861232,,C:\Users\EM328 Super\Desktop\caxton-new-codex\v5\research_package_v5\tables\phase3_best_train_val_test.csv,v5 per-run train/val/test at best checkpoint
v5,best_train_val_test,split_policy=leave_one_combo_out; variant=baseline; run=phase3_baseline_loco_combo3_seed1,leave_one_combo_out,,0.9834083239595052,0.6970447284345048,,,,0.0797918473547268,0.0,0.0017346053772766,0.9150043365134432,,C:\Users\EM328 Super\Desktop\caxton-new-codex\v5\research_package_v5\tables\phase3_best_train_val_test.csv,v5 per-run train/val/test at best checkpoint
v5,best_train_val_test,split_policy=leave_one_combo_out; variant=baseline; run=phase3_baseline_loco_combo3_seed2,leave_one_combo_out,,0.9852964807970432,0.6705271565495208,,,,0.225498699045967,0.0008673026886383,0.0008673026886383,0.805724197745013,,C:\Users\EM328 Super\Desktop\caxton-new-codex\v5\research_package_v5\tables\phase3_best_train_val_test.csv,v5 per-run train/val/test at best checkpoint
v5,best_train_val_test,split_policy=leave_one_combo_out; variant=baseline; run=phase3_baseline_loco_combo4_seed0,leave_one_combo_out,,0.9986925515055468,0.7314424635332253,,,,0.0,0.0837083708370837,0.0,0.9612961296129612,,C:\Users\EM328 Super\Desktop\caxton-new-codex\v5\research_package_v5\tables\phase3_best_train_val_test.csv,v5 per-run train/val/test at best checkpoint
v5,best_train_val_test,split_policy=leave_one_combo_out; variant=baseline; run=phase3_baseline_loco_combo4_seed1,leave_one_combo_out,,0.9973058637083994,0.7101296596434359,,,,0.0,0.0153015301530153,0.0009000900090009,0.9846984698469848,,C:\Users\EM328 Super\Desktop\caxton-new-codex\v5\research_package_v5\tables\phase3_best_train_val_test.csv,v5 per-run train/val/test at best checkpoint
v5,best_train_val_test,split_policy=leave_one_combo_out; variant=baseline; run=phase3_baseline_loco_combo4_seed2,leave_one_combo_out,,0.993660855784469,0.7154781199351702,,,,0.0,0.0432043204320432,0.0,0.9774977497749776,,C:\Users\EM328 Super\Desktop\caxton-new-codex\v5\research_package_v5\tables\phase3_best_train_val_test.csv,v5 per-run train/val/test at best checkpoint
v5,best_train_val_test,split_policy=leave_one_combo_out; variant=baseline; run=phase3_baseline_loco_combo5_seed0,leave_one_combo_out,,0.9984429894602364,0.6356739590684545,,,,0.15177304964539,0.0453900709219858,0.725531914893617,0.0,,C:\Users\EM328 Super\Desktop\caxton-new-codex\v5\research_package_v5\tables\phase3_best_train_val_test.csv,v5 per-run train/val/test at best checkpoint
v5,best_train_val_test,split_policy=leave_one_combo_out; variant=baseline; run=phase3_baseline_loco_combo5_seed1,leave_one_combo_out,,0.9991216863621846,0.6427311220889202,,,,0.2290780141843971,0.0787234042553191,0.6375886524822695,0.0,,C:\Users\EM328 Super\Desktop\caxton-new-codex\v5\research_package_v5\tables\phase3_best_train_val_test.csv,v5 per-run train/val/test at best checkpoint
v5,best_train_val_test,split_policy=leave_one_combo_out; variant=baseline; run=phase3_baseline_loco_combo5_seed2,leave_one_combo_out,,0.9813158735228362,0.657198306280875,,,,0.2241134751773049,0.0212765957446808,0.7276595744680852,0.0,,C:\Users\EM328 Super\Desktop\caxton-new-codex\v5\research_package_v5\tables\phase3_best_train_val_test.csv,v5 per-run train/val/test at best checkpoint
v5,best_train_val_test,split_policy=leave_one_combo_out; variant=baseline; run=phase3_baseline_loco_combo6_seed0,leave_one_combo_out,,0.9952771272443404,0.5913495419309374,,,,0.0,0.0,0.0,0.9992082343626286,,C:\Users\EM328 Super\Desktop\caxton-new-codex\v5\research_package_v5\tables\phase3_best_train_val_test.csv,v5 per-run train/val/test at best checkpoint
v5,best_train_val_test,split_policy=leave_one_combo_out; variant=baseline; run=phase3_baseline_loco_combo6_seed1,leave_one_combo_out,,0.9994145199063232,0.6120507399577167,,,,0.014251781472684,0.0213776722090261,0.0,0.9691211401425178,,C:\Users\EM328 Super\Desktop\caxton-new-codex\v5\research_package_v5\tables\phase3_best_train_val_test.csv,v5 per-run train/val/test at best checkpoint
v5,best_train_val_test,split_policy=leave_one_combo_out; variant=baseline; run=phase3_baseline_loco_combo6_seed2,leave_one_combo_out,,0.993247462919594,0.5768146582100071,,,,0.004750593824228,0.0039588281868566,0.0,1.0,,C:\Users\EM328 Super\Desktop\caxton-new-codex\v5\research_package_v5\tables\phase3_best_train_val_test.csv,v5 per-run train/val/test at best checkpoint
v5,best_train_val_test,split_policy=leave_one_combo_out; variant=baseline; run=phase3_baseline_loco_combo7_seed0,leave_one_combo_out,,0.9996178538673188,0.6725280326197758,,,,0.019588638589618,0.0,0.4329089128305582,0.8364348677766895,,C:\Users\EM328 Super\Desktop\caxton-new-codex\v5\research_package_v5\tables\phase3_best_train_val_test.csv,v5 per-run train/val/test at best checkpoint
v5,best_train_val_test,split_policy=leave_one_combo_out; variant=baseline; run=phase3_baseline_loco_combo7_seed1,leave_one_combo_out,,0.6375343931519413,0.658936459395175,,,,0.0,0.0,0.0313418217433888,0.9853085210577864,,C:\Users\EM328 Super\Desktop\caxton-new-codex\v5\research_package_v5\tables\phase3_best_train_val_test.csv,v5 per-run train/val/test at best checkpoint
v5,best_train_val_test,split_policy=leave_one_combo_out; variant=baseline; run=phase3_baseline_loco_combo7_seed2,leave_one_combo_out,,0.997668908590645,0.6698097179748556,,,,0.0117531831537708,0.0,0.4897159647404505,0.9000979431929481,,C:\Users\EM328 Super\Desktop\caxton-new-codex\v5\research_package_v5\tables\phase3_best_train_val_test.csv,v5 per-run train/val/test at best checkpoint
v5,best_train_val_test,split_policy=leave_one_combo_out; variant=baseline; run=phase3_baseline_loco_combo8_seed0,leave_one_combo_out,,1.0,0.6792072556264697,,,,0.9146341463414634,0.0,0.0060975609756097,0.1097560975609756,,C:\Users\EM328 Super\Desktop\caxton-new-codex\v5\research_package_v5\tables\phase3_best_train_val_test.csv,v5 per-run train/val/test at best checkpoint
v5,best_train_val_test,split_policy=leave_one_combo_out; variant=baseline; run=phase3_baseline_loco_combo8_seed1,leave_one_combo_out,,1.0,0.670809539805173,,,,0.9369918699186992,0.0,0.0020325203252032,0.0863821138211382,,C:\Users\EM328 Super\Desktop\caxton-new-codex\v5\research_package_v5\tables\phase3_best_train_val_test.csv,v5 per-run train/val/test at best checkpoint
v5,best_train_val_test,split_policy=leave_one_combo_out; variant=baseline; run=phase3_baseline_loco_combo8_seed2,leave_one_combo_out,,1.0,0.6724051058112194,,,,0.9278455284552846,0.0,0.0,0.0680894308943089,,C:\Users\EM328 Super\Desktop\caxton-new-codex\v5\research_package_v5\tables\phase3_best_train_val_test.csv,v5 per-run train/val/test at best checkpoint
v5,best_train_val_test,split_policy=leave_one_combo_out; variant=baseline; run=phase3_baseline_loco_combo9_seed0,leave_one_combo_out,,0.9999615384615383,0.6725990597716589,,,,0.9892996108949416,0.0009727626459143,0.0009727626459143,0.0019455252918287,,C:\Users\EM328 Super\Desktop\caxton-new-codex\v5\research_package_v5\tables\phase3_best_train_val_test.csv,v5 per-run train/val/test at best checkpoint
v5,best_train_val_test,split_policy=leave_one_combo_out; variant=baseline; run=phase3_baseline_loco_combo9_seed1,leave_one_combo_out,,0.9994615384615384,0.6581598388179987,,,,0.9844357976653696,0.0116731517509727,0.0029182879377431,0.0009727626459143,,C:\Users\EM328 Super\Desktop\caxton-new-codex\v5\research_package_v5\tables\phase3_best_train_val_test.csv,v5 per-run train/val/test at best checkpoint
v5,best_train_val_test,split_policy=leave_one_combo_out; variant=baseline; run=phase3_baseline_loco_combo9_seed2,leave_one_combo_out,,0.9827692307692308,0.6836803223640027,,,,0.9523346303501944,0.0525291828793774,0.0097276264591439,0.0038910505836575,,C:\Users\EM328 Super\Desktop\caxton-new-codex\v5\research_package_v5\tables\phase3_best_train_val_test.csv,v5 per-run train/val/test at best checkpoint
v5,best_train_val_test,split_policy=leave_one_piece_out; variant=mixup_only; run=phase3_mixup_only_lopo_pieceA_seed0,leave_one_piece_out,,0.5424453595185302,0.479475916388973,,,,0.7210968379446641,0.6277173913043478,0.6005434782608695,0.7319664031620553,,C:\Users\EM328 Super\Desktop\caxton-new-codex\v5\research_package_v5\tables\phase3_best_train_val_test.csv,v5 per-run train/val/test at best checkpoint
v5,best_train_val_test,split_policy=leave_one_piece_out; variant=mixup_only; run=phase3_mixup_only_lopo_pieceB_seed0,leave_one_piece_out,,0.6132012762563148,0.4582154644035832,,,,0.6296444266879744,0.6296444266879744,0.5789053136236516,0.8090291650019976,,C:\Users\EM328 Super\Desktop\caxton-new-codex\v5\research_package_v5\tables\phase3_best_train_val_test.csv,v5 per-run train/val/test at best checkpoint
v5,best_train_val_test,split_policy=leave_one_piece_out; variant=mixup_only; run=phase3_mixup_only_lopo_pieceA_seed1,leave_one_piece_out,,0.786664554957238,0.4559224477431082,,,,0.7524703557312253,0.6385869565217391,0.6613142292490118,0.7828557312252964,,C:\Users\EM328 Super\Desktop\caxton-new-codex\v5\research_package_v5\tables\phase3_best_train_val_test.csv,v5 per-run train/val/test at best checkpoint
v5,best_train_val_test,split_policy=leave_one_piece_out; variant=mixup_only; run=phase3_mixup_only_lopo_pieceB_seed1,leave_one_piece_out,,0.6366657803775592,0.4513201320132013,,,,0.6528166200559329,0.5161805833000399,0.6020775069916101,0.724730323611666,,C:\Users\EM328 Super\Desktop\caxton-new-codex\v5\research_package_v5\tables\phase3_best_train_val_test.csv,v5 per-run train/val/test at best checkpoint
v5,best_train_val_test,split_policy=leave_one_piece_out; variant=mixup_only; run=phase3_mixup_only_lopo_pieceA_seed2,leave_one_piece_out,,0.6664554957237885,0.4866707058467132,,,,0.7485177865612648,0.6694664031620553,0.6415513833992095,0.8132411067193676,,C:\Users\EM328 Super\Desktop\caxton-new-codex\v5\research_package_v5\tables\phase3_best_train_val_test.csv,v5 per-run train/val/test at best checkpoint
v5,best_train_val_test,split_policy=leave_one_piece_out; variant=mixup_only; run=phase3_mixup_only_lopo_pieceB_seed2,leave_one_piece_out,,0.6508907205530444,0.4616925978312116,,,,0.7802636835797043,0.6040751098681582,0.5896923691570116,0.7471034758290052,,C:\Users\EM328 Super\Desktop\caxton-new-codex\v5\research_package_v5\tables\phase3_best_train_val_test.csv,v5 per-run train/val/test at best checkpoint
v5,best_train_val_test,split_policy=leave_one_piece_out; variant=mixup_only; run=phase3_mixup_only_lopo_pieceC_seed0,leave_one_piece_out,,0.4901834567106534,0.5026132404181185,,,,0.7560050568900126,0.643236409608091,0.5792667509481669,0.77724399494311,,C:\Users\EM328 Super\Desktop\caxton-new-codex\v5\research_package_v5\tables\phase3_best_train_val_test.csv,v5 per-run train/val/test at best checkpoint
v5,best_train_val_test,split_policy=leave_one_piece_out; variant=mixup_only; run=phase3_mixup_only_lopo_pieceC_seed1,leave_one_piece_out,,0.5883488896041197,0.4920150987224158,,,,0.8280657395701644,0.6970922882427307,0.6207332490518331,0.8184576485461441,,C:\Users\EM328 Super\Desktop\caxton-new-codex\v5\research_package_v5\tables\phase3_best_train_val_test.csv,v5 per-run train/val/test at best checkpoint
v5,best_train_val_test,split_policy=leave_one_piece_out; variant=mixup_only; run=phase3_mixup_only_lopo_pieceC_seed2,leave_one_piece_out,,0.7577244930801417,0.5161149825783972,,,,0.804551201011378,0.6912768647281922,0.6265486725663717,0.8141592920353983,,C:\Users\EM328 Super\Desktop\caxton-new-codex\v5\research_package_v5\tables\phase3_best_train_val_test.csv,v5 per-run train/val/test at best checkpoint
v5,best_train_val_test,split_policy=stratified_random_by_piece_within_combo; variant=doe_mixup; run=phase3_doe_mixup_srpwc_split0_seed0,stratified_random_by_piece_within_combo,,0.7011234504132231,0.6067304984511406,,,,0.7278624716185533,0.6039571845604931,0.4784301005514109,0.8206292572169964,,C:\Users\EM328 Super\Desktop\caxton-new-codex\v5\research_package_v5\tables\phase3_best_train_val_test.csv,v5 per-run train/val/test at best checkpoint
v5,best_train_val_test,split_policy=stratified_random_by_piece_within_combo; variant=doe_mixup; run=phase3_doe_mixup_srpwc_split0_seed1,stratified_random_by_piece_within_combo,,0.68775826446281,0.5722331737538722,,,,0.6928316574764839,0.5961725591955888,0.5183263055465456,0.7982484592928966,,C:\Users\EM328 Super\Desktop\caxton-new-codex\v5\research_package_v5\tables\phase3_best_train_val_test.csv,v5 per-run train/val/test at best checkpoint
v5,best_train_val_test,split_policy=stratified_random_by_piece_within_combo; variant=doe_mixup; run=phase3_doe_mixup_srpwc_split1_seed0,stratified_random_by_piece_within_combo,,0.7555490654205607,0.4803833483078766,,,,0.4910499599251937,0.5046753940689287,0.4571199572535399,0.690622495324606,,C:\Users\EM328 Super\Desktop\caxton-new-codex\v5\research_package_v5\tables\phase3_best_train_val_test.csv,v5 per-run train/val/test at best checkpoint
v5,best_train_val_test,split_policy=stratified_random_by_piece_within_combo; variant=doe_mixup; run=phase3_doe_mixup_srpwc_split0_seed2,stratified_random_by_piece_within_combo,,0.7777634297520661,0.5554773303294847,,,,0.6999675640609796,0.5676289328576062,0.4566980214077197,0.8374959455076224,,C:\Users\EM328 Super\Desktop\caxton-new-codex\v5\research_package_v5\tables\phase3_best_train_val_test.csv,v5 per-run train/val/test at best checkpoint
v5,best_train_val_test,split_policy=stratified_random_by_piece_within_combo; variant=doe_mixup; run=phase3_doe_mixup_srpwc_split1_seed1,stratified_random_by_piece_within_combo,,0.7280957943925234,0.5484426474992512,,,,0.4897141330483569,0.4792946834090302,0.4349452310980496,0.7221480096179536,,C:\Users\EM328 Super\Desktop\caxton-new-codex\v5\research_package_v5\tables\phase3_best_train_val_test.csv,v5 per-run train/val/test at best checkpoint
v5,best_train_val_test,split_policy=stratified_random_by_piece_within_combo; variant=doe_mixup; run=phase3_doe_mixup_srpwc_split1_seed2,stratified_random_by_piece_within_combo,,0.6456629672897196,0.503968253968254,,,,0.5239113010953781,0.491317125300561,0.4231899545818862,0.6676462730430136,,C:\Users\EM328 Super\Desktop\caxton-new-codex\v5\research_package_v5\tables\phase3_best_train_val_test.csv,v5 per-run train/val/test at best checkpoint
v5,best_train_val_test,split_policy=stratified_random_by_piece_within_combo; variant=doe_mixup; run=phase3_doe_mixup_srpwc_split2_seed1,stratified_random_by_piece_within_combo,,0.4853116790064485,0.5112137203166227,,,,0.6368638239339752,0.3968363136176066,0.4704264099037138,0.5900962861072903,,C:\Users\EM328 Super\Desktop\caxton-new-codex\v5\research_package_v5\tables\phase3_best_train_val_test.csv,v5 per-run train/val/test at best checkpoint
v5,best_train_val_test,split_policy=stratified_random_by_piece_within_combo; variant=doe_mixup; run=phase3_doe_mixup_srpwc_split2_seed2,stratified_random_by_piece_within_combo,,0.5718891807977071,0.561492231017297,,,,0.6850068775790922,0.3775790921595598,0.3129298486932599,0.6568088033012379,,C:\Users\EM328 Super\Desktop\caxton-new-codex\v5\research_package_v5\tables\phase3_best_train_val_test.csv,v5 per-run train/val/test at best checkpoint
v5,best_train_val_test,split_policy=stratified_random_by_piece_within_combo; variant=doe_mixup; run=phase3_doe_mixup_srpwc_split2_seed0,stratified_random_by_piece_within_combo,,0.5669333651779317,0.5679419525065963,,,,0.7771664374140302,0.4040577716643741,0.3992434662998624,0.6052269601100413,,C:\Users\EM328 Super\Desktop\caxton-new-codex\v5\research_package_v5\tables\phase3_best_train_val_test.csv,v5 per-run train/val/test at best checkpoint
v5,best_train_val_test,split_policy=stratified_random_by_piece_within_combo; variant=doe_mixup; run=phase3_doe_mixup_srpwc_split3_seed0,stratified_random_by_piece_within_combo,,0.5888118214716526,0.6203909065705573,,,,0.5018141222439296,0.1942506279653921,0.3784538096567122,0.553167736533631,,C:\Users\EM328 Super\Desktop\caxton-new-codex\v5\research_package_v5\tables\phase3_best_train_val_test.csv,v5 per-run train/val/test at best checkpoint
v5,best_train_val_test,split_policy=stratified_random_by_piece_within_combo; variant=doe_mixup; run=phase3_doe_mixup_srpwc_split4_seed0,stratified_random_by_piece_within_combo,,0.4557154171066526,0.4416358750419886,,,,0.3787757284148623,0.3205025394279604,0.3255813953488372,0.3539160652232023,,C:\Users\EM328 Super\Desktop\caxton-new-codex\v5\research_package_v5\tables\phase3_best_train_val_test.csv,v5 per-run train/val/test at best checkpoint
v5,best_train_val_test,split_policy=stratified_random_by_piece_within_combo; variant=doe_mixup; run=phase3_doe_mixup_srpwc_split3_seed1,stratified_random_by_piece_within_combo,,0.6835796139927625,0.638411422234544,,,,0.487022048562657,0.2411387105777281,0.3745464694390176,0.573262629081775,,C:\Users\EM328 Super\Desktop\caxton-new-codex\v5\research_package_v5\tables\phase3_best_train_val_test.csv,v5 per-run train/val/test at best checkpoint
v5,best_train_val_test,split_policy=stratified_random_by_piece_within_combo; variant=doe_mixup; run=phase3_doe_mixup_srpwc_split3_seed2,stratified_random_by_piece_within_combo,,0.6374396863691194,0.6681452730801221,,,,0.532235556795981,0.2098799888361708,0.4032933296120569,0.5313982696064751,,C:\Users\EM328 Super\Desktop\caxton-new-codex\v5\research_package_v5\tables\phase3_best_train_val_test.csv,v5 per-run train/val/test at best checkpoint
v5,best_train_val_test,split_policy=stratified_random_by_piece_within_combo; variant=doe_mixup; run=phase3_doe_mixup_srpwc_split4_seed1,stratified_random_by_piece_within_combo,,0.5592661034846885,0.5879240846489755,,,,0.6027800053461642,0.479016305800588,0.4525527933707565,0.7455225875434376,,C:\Users\EM328 Super\Desktop\caxton-new-codex\v5\research_package_v5\tables\phase3_best_train_val_test.csv,v5 per-run train/val/test at best checkpoint
v5,best_train_val_test,split_policy=stratified_random_by_piece_within_combo; variant=doe_mixup; run=phase3_doe_mixup_srpwc_split4_seed2,stratified_random_by_piece_within_combo,,0.6152323125659979,0.5852368155861605,,,,0.5747126436781609,0.4533547179898423,0.4496124031007752,0.6500935578722267,,C:\Users\EM328 Super\Desktop\caxton-new-codex\v5\research_package_v5\tables\phase3_best_train_val_test.csv,v5 per-run train/val/test at best checkpoint
v5,doe_strength_sweep,variant=doe_03; split_policy=leave_one_piece_out,leave_one_piece_out,9.0,,0.4570029205286967,0.6722381694350121,0.0433020033018601,,0.7538072177123477,0.6140778923137438,0.5769906782276739,0.7440768894862825,,C:\Users\EM328 Super\Desktop\caxton-new-codex\v5\research_package_v5\tables\phase3_doe_strength_sweep.csv,v5 DOE strength sweep
v5,doe_strength_sweep,variant=doe_05; split_policy=leave_one_piece_out,leave_one_piece_out,9.0,,0.4465742483263509,0.6602694247229313,0.0485616512345646,,0.7457570086051537,0.6010607733579492,0.5712119359291022,0.7230479809995204,,C:\Users\EM328 Super\Desktop\caxton-new-codex\v5\research_package_v5\tables\phase3_doe_strength_sweep.csv,v5 DOE strength sweep
v5,doe_strength_sweep,variant=doe_07; split_policy=leave_one_piece_out,leave_one_piece_out,9.0,,0.4398166454778398,0.6554115595645482,0.0487060451311296,,0.743771899271383,0.5983457209539931,0.5648411211484792,0.7146874968843379,,C:\Users\EM328 Super\Desktop\caxton-new-codex\v5\research_package_v5\tables\phase3_doe_strength_sweep.csv,v5 DOE strength sweep
v5,doe_strength_sweep,variant=doe_03; split_policy=stratified_random_by_piece_within_combo,stratified_random_by_piece_within_combo,15.0,,0.5154629062645587,0.4790283058812253,0.0823159738185148,,0.5430331206889156,0.3826543302684932,0.3597373666501398,0.6306884059173528,,C:\Users\EM328 Super\Desktop\caxton-new-codex\v5\research_package_v5\tables\phase3_doe_strength_sweep.csv,v5 DOE strength sweep
v5,doe_strength_sweep,variant=doe_05; split_policy=stratified_random_by_piece_within_combo,stratified_random_by_piece_within_combo,15.0,,0.511577652003934,0.4750202984792228,0.0813307457370274,,0.5382473766251196,0.383617084518806,0.354953391961436,0.6232633408115296,,C:\Users\EM328 Super\Desktop\caxton-new-codex\v5\research_package_v5\tables\phase3_doe_strength_sweep.csv,v5 DOE strength sweep
v5,doe_strength_sweep,variant=doe_07; split_policy=stratified_random_by_piece_within_combo,stratified_random_by_piece_within_combo,15.0,,0.5105808297945161,0.470157327507518,0.0849332215640309,,0.5323568243729232,0.381037124221181,0.3557948999439527,0.611440461492015,,C:\Users\EM328 Super\Desktop\caxton-new-codex\v5\research_package_v5\tables\phase3_doe_strength_sweep.csv,v5 DOE strength sweep
v5,doe_strength_sweep,variant=doe_03; split_policy=leave_one_combo_out,leave_one_combo_out,27.0,,0.6708903687916774,0.2595354825138689,0.0266299860777892,,0.3820941230423295,0.0377524976222278,0.1137584878809346,0.5045368215099836,,C:\Users\EM328 Super\Desktop\caxton-new-codex\v5\research_package_v5\tables\phase3_doe_strength_sweep.csv,v5 DOE strength sweep
v5,doe_strength_sweep,variant=doe_05; split_policy=leave_one_combo_out,leave_one_combo_out,27.0,,0.6692502378536823,0.2590619308370344,0.0267307392180338,,0.3776171274096909,0.0391135683945958,0.1179689067473185,0.5015481207965321,,C:\Users\EM328 Super\Desktop\caxton-new-codex\v5\research_package_v5\tables\phase3_doe_strength_sweep.csv,v5 DOE strength sweep
v5,doe_strength_sweep,variant=doe_07; split_policy=leave_one_combo_out,leave_one_combo_out,27.0,,0.6645242285429511,0.2575902386446259,0.0278960750747712,,0.3779846449635912,0.0357409562351997,0.1249991247233699,0.4916362286563426,,C:\Users\EM328 Super\Desktop\caxton-new-codex\v5\research_package_v5\tables\phase3_doe_strength_sweep.csv,v5 DOE strength sweep
v5,ensemble,split_policy=leave_one_piece_out,leave_one_piece_out,,,,0.6981189032164116,0.0293685314297422,,0.7664749765922857,0.6545733226775615,0.6313449260682972,0.7400823875275022,,C:\Users\EM328 Super\Desktop\caxton-new-codex\v5\research_package_v5\tables\phase4_ensemble_summary.csv,v5 ensemble summary
v5,ensemble,split_policy=leave_one_piece_out,leave_one_piece_out,,,,0.6655426998006456,0.0430071659094811,,0.7308243417768664,0.6193828527464236,0.5933120544808951,0.7186515501983977,,C:\Users\EM328 Super\Desktop\caxton-new-codex\v5\research_package_v5\tables\phase4_ensemble_summary.csv,v5 ensemble summary
v5,ensemble,split_policy=leave_one_piece_out,leave_one_piece_out,,,,0.6558780192083739,0.0409475554915523,,0.6967606962796364,0.6052626356692408,0.6027793080214784,0.7187094368631401,,C:\Users\EM328 Super\Desktop\caxton-new-codex\v5\research_package_v5\tables\phase4_ensemble_summary.csv,v5 ensemble summary
v5,ensemble,split_policy=leave_one_piece_out,leave_one_piece_out,,,,0.6504350878638767,0.0494206336606685,,0.708345409344424,0.6030606479328363,0.5749028233307045,0.7154314708475418,,C:\Users\EM328 Super\Desktop\caxton-new-codex\v5\research_package_v5\tables\phase4_ensemble_summary.csv,v5 ensemble summary
v5,ensemble,split_policy=stratified_random_by_piece_within_combo,stratified_random_by_piece_within_combo,,,,0.4959805392758687,0.0924703034826999,,0.5379490259321059,0.4125755519212329,0.3819106168137096,0.6514869624364266,,C:\Users\EM328 Super\Desktop\caxton-new-codex\v5\research_package_v5\tables\phase4_ensemble_summary.csv,v5 ensemble summary
v5,ensemble,split_policy=stratified_random_by_piece_within_combo,stratified_random_by_piece_within_combo,,,,0.495363836932585,0.1130829492458985,,0.5447409925895785,0.4163106998853708,0.3742494525861625,0.6461542026692285,,C:\Users\EM328 Super\Desktop\caxton-new-codex\v5\research_package_v5\tables\phase4_ensemble_summary.csv,v5 ensemble summary
v5,ensemble,split_policy=stratified_random_by_piece_within_combo,stratified_random_by_piece_within_combo,,,,0.4882184721069903,0.0949861215483853,,0.5355736093002458,0.4073617979036255,0.3740300582355715,0.6359084229885186,,C:\Users\EM328 Super\Desktop\caxton-new-codex\v5\research_package_v5\tables\phase4_ensemble_summary.csv,v5 ensemble summary
v5,ensemble,split_policy=stratified_random_by_piece_within_combo,stratified_random_by_piece_within_combo,,,,0.4879775277963765,0.0884161537461687,,0.5316268701564925,0.4070031549560485,0.3706251567511911,0.6426549293217737,,C:\Users\EM328 Super\Desktop\caxton-new-codex\v5\research_package_v5\tables\phase4_ensemble_summary.csv,v5 ensemble summary
v5,ensemble,split_policy=leave_one_combo_out,leave_one_combo_out,,,,0.2544087984798332,0.0225257218253812,,0.3608347108585609,0.0364331909180212,0.0999995452751457,0.5203677468676049,,C:\Users\EM328 Super\Desktop\caxton-new-codex\v5\research_package_v5\tables\phase4_ensemble_summary.csv,v5 ensemble summary
v5,ensemble,split_policy=leave_one_combo_out,leave_one_combo_out,,,,0.2531311412900499,0.0257824383825013,,0.358299776493768,0.0251828289235467,0.1015130684791547,0.5275288912637303,,C:\Users\EM328 Super\Desktop\caxton-new-codex\v5\research_package_v5\tables\phase4_ensemble_summary.csv,v5 ensemble summary
v5,ensemble,split_policy=leave_one_combo_out,leave_one_combo_out,,,,0.2502035795904782,0.021888709817762,,0.3665534910242288,0.0437358804364143,0.0988278852217708,0.4916970616794987,,C:\Users\EM328 Super\Desktop\caxton-new-codex\v5\research_package_v5\tables\phase4_ensemble_summary.csv,v5 ensemble summary
v5,ensemble,split_policy=leave_one_combo_out,leave_one_combo_out,,,,0.2489578705954755,0.0289852642796843,,0.3617993800837592,0.0445405100910099,0.1004459273531964,0.4890456648539364,,C:\Users\EM328 Super\Desktop\caxton-new-codex\v5\research_package_v5\tables\phase4_ensemble_summary.csv,v5 ensemble summary
v5.1,feature_sync_ablation,suite=targeted_confirm; feature_config=raw2; sync_offset_samples=-6; train_sync_jitter_samples=3; split_policy=leave_one_piece_out,leave_one_piece_out,6.0,,0.4599394103920248,0.6914880424202486,0.0536416477774708,0.6693486150011617,0.7655303276730582,0.630883316330639,0.6116322009997878,0.7579063246775094,,C:\Users\EM328 Super\Desktop\caxton-new-codex\v5.1\research_package_v5_1\tables\v5_1_summary_by_condition.csv,v5.1 feature/sync/jitter ablation
v5.1,feature_sync_ablation,suite=combined; feature_config=raw2; sync_offset_samples=-4; train_sync_jitter_samples=3; split_policy=leave_one_piece_out,leave_one_piece_out,6.0,,0.4661557049229691,0.6893614243525272,0.0555628662663761,0.6627384439926262,0.7525585659271207,0.6329628106221664,0.6026939554285914,0.7692303654322307,,C:\Users\EM328 Super\Desktop\caxton-new-codex\v5.1\research_package_v5_1\tables\v5_1_summary_by_condition.csv,v5.1 feature/sync/jitter ablation
v5.1,feature_sync_ablation,suite=combined; feature_config=raw2; sync_offset_samples=-6; train_sync_jitter_samples=3; split_policy=leave_one_piece_out,leave_one_piece_out,6.0,,0.4699613797795098,0.688944058590859,0.0578833974441431,0.6610398103426814,0.7500326021488727,0.6309160150416803,0.602170813837491,0.7726568033353921,,C:\Users\EM328 Super\Desktop\caxton-new-codex\v5.1\research_package_v5_1\tables\v5_1_summary_by_condition.csv,v5.1 feature/sync/jitter ablation
v5.1,feature_sync_ablation,suite=combined; feature_config=raw2; sync_offset_samples=-6; train_sync_jitter_samples=0; split_policy=leave_one_piece_out,leave_one_piece_out,6.0,,0.4665484825497381,0.6884810032301569,0.0578796029508701,0.6621646446535572,0.7505437641459438,0.6318563203311346,0.604093849483593,0.7674300789599561,,C:\Users\EM328 Super\Desktop\caxton-new-codex\v5.1\research_package_v5_1\tables\v5_1_summary_by_condition.csv,v5.1 feature/sync/jitter ablation
v5.1,feature_sync_ablation,suite=combined; feature_config=raw2; sync_offset_samples=0; train_sync_jitter_samples=0; split_policy=leave_one_piece_out,leave_one_piece_out,6.0,,0.4655441838817173,0.6882876410148623,0.0559506066501913,0.660561761443123,0.7565231287572366,0.6237265388260118,0.6014356167461207,0.7714652797300802,,C:\Users\EM328 Super\Desktop\caxton-new-codex\v5.1\research_package_v5_1\tables\v5_1_summary_by_condition.csv,v5.1 feature/sync/jitter ablation
v5.1,feature_sync_ablation,suite=combined; feature_config=raw2; sync_offset_samples=0; train_sync_jitter_samples=3; split_policy=leave_one_piece_out,leave_one_piece_out,6.0,,0.4650742207403906,0.6880564267685222,0.0566724977440922,0.6637413450065892,0.7562912357516787,0.6311100343783979,0.6038227648896913,0.7610016720543208,,C:\Users\EM328 Super\Desktop\caxton-new-codex\v5.1\research_package_v5_1\tables\v5_1_summary_by_condition.csv,v5.1 feature/sync/jitter ablation
v5.1,feature_sync_ablation,suite=combined; feature_config=raw2; sync_offset_samples=-4; train_sync_jitter_samples=0; split_policy=leave_one_piece_out,leave_one_piece_out,6.0,,0.4664702754292678,0.6879835136450678,0.0585475869619312,0.6611998017277438,0.7496272399221383,0.6310067540542404,0.6029654112068528,0.7683346493970399,,C:\Users\EM328 Super\Desktop\caxton-new-codex\v5.1\research_package_v5_1\tables\v5_1_summary_by_condition.csv,v5.1 feature/sync/jitter ablation
v5.1,feature_sync_ablation,suite=combined; feature_config=smooth4_05s_mask_phase; sync_offset_samples=-6; train_sync_jitter_samples=0; split_policy=leave_one_piece_out,leave_one_piece_out,6.0,,0.4837969166213962,0.6868304844897534,0.0499331203514746,0.6610327281687203,0.7521060126328342,0.6379923343456532,0.5929998375276738,0.764223753452853,,C:\Users\EM328 Super\Desktop\caxton-new-codex\v5.1\research_package_v5_1\tables\v5_1_summary_by_condition.csv,v5.1 feature/sync/jitter ablation
v5.1,feature_sync_ablation,suite=combined; feature_config=smooth4_05s_mask_phase; sync_offset_samples=-4; train_sync_jitter_samples=0; split_policy=leave_one_piece_out,leave_one_piece_out,6.0,,0.4831936322211144,0.6867514262305058,0.0495857455220362,0.6609840351339029,0.7514076599957548,0.638056984799035,0.5934874606069193,0.7640535995203143,,C:\Users\EM328 Super\Desktop\caxton-new-codex\v5.1\research_package_v5_1\tables\v5_1_summary_by_condition.csv,v5.1 feature/sync/jitter ablation
v5.1,feature_sync_ablation,suite=feature_ablation; feature_config=smooth4_05s_mask_phase; sync_offset_samples=0; train_sync_jitter_samples=0; split_policy=leave_one_piece_out,leave_one_piece_out,12.0,,0.4794746273613018,0.6857605982130259,0.0343351586875349,0.660171126910172,0.7359302316131114,0.6390573403778969,0.6055258087395076,0.7625290121215884,,C:\Users\EM328 Super\Desktop\caxton-new-codex\v5.1\research_package_v5_1\tables\v5_1_summary_by_condition.csv,v5.1 feature/sync/jitter ablation
v5.1,feature_sync_ablation,suite=targeted_confirm; feature_config=raw2; sync_offset_samples=0; train_sync_jitter_samples=0; split_policy=leave_one_piece_out,leave_one_piece_out,6.0,,0.4588337105241851,0.6835791984629247,0.0532184593467057,0.6640864697435452,0.7613134256206905,0.6189698864438283,0.6119760971661171,0.742057384621063,,C:\Users\EM328 Super\Desktop\caxton-new-codex\v5.1\research_package_v5_1\tables\v5_1_summary_by_condition.csv,v5.1 feature/sync/jitter ablation
v5.1,feature_sync_ablation,suite=targeted_confirm; feature_config=raw2; sync_offset_samples=-4; train_sync_jitter_samples=0; split_policy=leave_one_piece_out,leave_one_piece_out,6.0,,0.4597494132108719,0.6823431236311759,0.0529351411804715,0.6626624407889756,0.7587904347194766,0.6187776743797437,0.6104192132677065,0.7413851721577766,,C:\Users\EM328 Super\Desktop\caxton-new-codex\v5.1\research_package_v5_1\tables\v5_1_summary_by_condition.csv,v5.1 feature/sync/jitter ablation
v5.1,feature_sync_ablation,suite=targeted_confirm; feature_config=raw2; sync_offset_samples=0; train_sync_jitter_samples=3; split_policy=leave_one_piece_out,leave_one_piece_out,6.0,,0.4579007632980702,0.6812047295108058,0.0536153567796459,0.6609588857957341,0.7536939630434314,0.6186873323588508,0.6104953619849203,0.741942260656021,,C:\Users\EM328 Super\Desktop\caxton-new-codex\v5.1\research_package_v5_1\tables\v5_1_summary_by_condition.csv,v5.1 feature/sync/jitter ablation
v5.1,feature_sync_ablation,suite=targeted_confirm; feature_config=raw2; sync_offset_samples=-4; train_sync_jitter_samples=3; split_policy=leave_one_piece_out,leave_one_piece_out,6.0,,0.459581534978887,0.6810954462093989,0.0529923282045002,0.6612889205987232,0.7569242879281193,0.6185219254153568,0.6084205484526937,0.7405150230414262,,C:\Users\EM328 Super\Desktop\caxton-new-codex\v5.1\research_package_v5_1\tables\v5_1_summary_by_condition.csv,v5.1 feature/sync/jitter ablation
v5.1,feature_sync_ablation,suite=targeted_confirm; feature_config=raw2; sync_offset_samples=-6; train_sync_jitter_samples=0; split_policy=leave_one_piece_out,leave_one_piece_out,6.0,,0.4598381158415782,0.6809597183202682,0.0529265016307232,0.6607547225790339,0.7558505575203891,0.617625361253475,0.6087882489632374,0.7415747055439716,,C:\Users\EM328 Super\Desktop\caxton-new-codex\v5.1\research_package_v5_1\tables\v5_1_summary_by_condition.csv,v5.1 feature/sync/jitter ablation
v5.1,feature_sync_ablation,suite=sync_retrain; feature_config=raw4; sync_offset_samples=-6; train_sync_jitter_samples=3; split_policy=leave_one_piece_out,leave_one_piece_out,12.0,,0.4671331858642568,0.6795411100807393,0.0393041163861477,0.6535560914896895,0.7500084533987593,0.6294342538255773,0.5812255672447322,0.7574961658538881,,C:\Users\EM328 Super\Desktop\caxton-new-codex\v5.1\research_package_v5_1\tables\v5_1_summary_by_condition.csv,v5.1 feature/sync/jitter ablation
v5.1,feature_sync_ablation,suite=feature_ablation; feature_config=raw2; sync_offset_samples=0; train_sync_jitter_samples=0; split_policy=leave_one_piece_out,leave_one_piece_out,12.0,,0.4616574056249101,0.6769593801248841,0.0620492741831077,0.6532024219948587,0.7495868753760785,0.6112230734370002,0.598797317171497,0.7482302545149607,,C:\Users\EM328 Super\Desktop\caxton-new-codex\v5.1\research_package_v5_1\tables\v5_1_summary_by_condition.csv,v5.1 feature/sync/jitter ablation
v5.1,feature_sync_ablation,suite=targeted_confirm; feature_config=smooth4_05s_mask_phase; sync_offset_samples=-6; train_sync_jitter_samples=0; split_policy=leave_one_piece_out,leave_one_piece_out,6.0,,0.4755584093055125,0.6756271281287923,0.0232538395728933,0.650553592684615,0.7146855612226034,0.6334550576971139,0.6035201591341276,0.7508477344613246,,C:\Users\EM328 Super\Desktop\caxton-new-codex\v5.1\research_package_v5_1\tables\v5_1_summary_by_condition.csv,v5.1 feature/sync/jitter ablation
v5.1,feature_sync_ablation,suite=targeted_confirm; feature_config=smooth4_05s_mask_phase; sync_offset_samples=-4; train_sync_jitter_samples=0; split_policy=leave_one_piece_out,leave_one_piece_out,6.0,,0.475994848256315,0.674008221444386,0.0274759894216994,0.6493473189602658,0.7053816789435384,0.6347812683377243,0.6078790095995344,0.7479909288967469,,C:\Users\EM328 Super\Desktop\caxton-new-codex\v5.1\research_package_v5_1\tables\v5_1_summary_by_condition.csv,v5.1 feature/sync/jitter ablation
v5.1,feature_sync_ablation,suite=combined; feature_config=smooth4_05s_mask_phase; sync_offset_samples=0; train_sync_jitter_samples=0; split_policy=leave_one_piece_out,leave_one_piece_out,6.0,,0.4821795268911166,0.6726451877231755,0.0571371333708503,0.6495284731026388,0.7379521312231571,0.6274817046329265,0.5831515834518329,0.7419953315847856,,C:\Users\EM328 Super\Desktop\caxton-new-codex\v5.1\research_package_v5_1\tables\v5_1_summary_by_condition.csv,v5.1 feature/sync/jitter ablation
v5.1,feature_sync_ablation,suite=combined; feature_config=smooth4_05s_mask_phase; sync_offset_samples=0; train_sync_jitter_samples=3; split_policy=leave_one_piece_out,leave_one_piece_out,6.0,,0.4823210086595743,0.6725736197583072,0.0571728463179135,0.6494297154442831,0.7385224964851105,0.62648127009327,0.5832853797544687,0.7420053327003799,,C:\Users\EM328 Super\Desktop\caxton-new-codex\v5.1\research_package_v5_1\tables\v5_1_summary_by_condition.csv,v5.1 feature/sync/jitter ablation
v5.1,feature_sync_ablation,suite=combined; feature_config=smooth4_05s_mask_phase; sync_offset_samples=-4; train_sync_jitter_samples=3; split_policy=leave_one_piece_out,leave_one_piece_out,6.0,,0.4833344996398366,0.6723774965021727,0.0577935316124634,0.6492115311181883,0.7385389198603972,0.627767363160217,0.5813283103339508,0.7418753926541264,,C:\Users\EM328 Super\Desktop\caxton-new-codex\v5.1\research_package_v5_1\tables\v5_1_summary_by_condition.csv,v5.1 feature/sync/jitter ablation
v5.1,feature_sync_ablation,suite=combined; feature_config=smooth4_05s_mask_phase; sync_offset_samples=-6; train_sync_jitter_samples=3; split_policy=leave_one_piece_out,leave_one_piece_out,6.0,,0.4792816019584958,0.6712653354608626,0.0566042697166787,0.6475498027592931,0.7367123547324428,0.6224019595399555,0.5835350940054806,0.7424119335655716,,C:\Users\EM328 Super\Desktop\caxton-new-codex\v5.1\research_package_v5_1\tables\v5_1_summary_by_condition.csv,v5.1 feature/sync/jitter ablation
v5.1,feature_sync_ablation,suite=sync_retrain; feature_config=raw4; sync_offset_samples=-6; train_sync_jitter_samples=0; split_policy=leave_one_piece_out,leave_one_piece_out,12.0,,0.4649190633399851,0.6679615058862253,0.0303007046428202,0.6413510439478863,0.7393991841416848,0.6097803206750981,0.5748736270268762,0.7477928917012414,,C:\Users\EM328 Super\Desktop\caxton-new-codex\v5.1\research_package_v5_1\tables\v5_1_summary_by_condition.csv,v5.1 feature/sync/jitter ablation
v5.1,feature_sync_ablation,suite=sync_retrain; feature_config=raw4; sync_offset_samples=-2; train_sync_jitter_samples=0; split_policy=leave_one_piece_out,leave_one_piece_out,12.0,,0.4632905087921042,0.6665720012090229,0.0294802764077778,0.6395341108383491,0.7328273371689634,0.6133493222990608,0.572425673047023,0.7476856723210444,,C:\Users\EM328 Super\Desktop\caxton-new-codex\v5.1\research_package_v5_1\tables\v5_1_summary_by_condition.csv,v5.1 feature/sync/jitter ablation
v5.1,feature_sync_ablation,suite=sync_retrain; feature_config=raw4; sync_offset_samples=-4; train_sync_jitter_samples=0; split_policy=leave_one_piece_out,leave_one_piece_out,12.0,,0.4630545832166453,0.6657413149202875,0.0299522903927771,0.6400784897631544,0.7364262212841513,0.6093610527017228,0.5744481953035893,0.7427297903916871,,C:\Users\EM328 Super\Desktop\caxton-new-codex\v5.1\research_package_v5_1\tables\v5_1_summary_by_condition.csv,v5.1 feature/sync/jitter ablation
v5.1,feature_sync_ablation,suite=combined; feature_config=raw4; sync_offset_samples=0; train_sync_jitter_samples=3; split_policy=leave_one_piece_out,leave_one_piece_out,6.0,,0.4539129922043943,0.6643296355528672,0.0462907052175358,0.6350984690149566,0.7321382336296125,0.6043564542537995,0.5688007191614579,0.7520231351665988,,C:\Users\EM328 Super\Desktop\caxton-new-codex\v5.1\research_package_v5_1\tables\v5_1_summary_by_condition.csv,v5.1 feature/sync/jitter ablation
v5.1,feature_sync_ablation,suite=sync_retrain; feature_config=raw4; sync_offset_samples=-8; train_sync_jitter_samples=3; split_policy=leave_one_piece_out,leave_one_piece_out,12.0,,0.4660814540986739,0.6641404213080284,0.0322467101829493,0.6381026719202761,0.7340064558525299,0.6094279285040373,0.5708736314042614,0.7422536694712848,,C:\Users\EM328 Super\Desktop\caxton-new-codex\v5.1\research_package_v5_1\tables\v5_1_summary_by_condition.csv,v5.1 feature/sync/jitter ablation
v5.1,feature_sync_ablation,suite=sync_retrain; feature_config=raw4; sync_offset_samples=0; train_sync_jitter_samples=3; split_policy=leave_one_piece_out,leave_one_piece_out,12.0,,0.4625607832511568,0.6606866778538644,0.035776077131945,0.6338251657521597,0.7276743791801795,0.6059215848596001,0.5678795332166995,0.7412712141589788,,C:\Users\EM328 Super\Desktop\caxton-new-codex\v5.1\research_package_v5_1\tables\v5_1_summary_by_condition.csv,v5.1 feature/sync/jitter ablation
v5.1,feature_sync_ablation,suite=feature_ablation; feature_config=raw4; sync_offset_samples=0; train_sync_jitter_samples=0; split_policy=leave_one_piece_out,leave_one_piece_out,12.0,,0.4626626380101806,0.6605883169306971,0.0361233624327077,0.6336476962458417,0.7275944156646398,0.6058608070245582,0.5674878660483272,0.7414101789852628,,C:\Users\EM328 Super\Desktop\caxton-new-codex\v5.1\research_package_v5_1\tables\v5_1_summary_by_condition.csv,v5.1 feature/sync/jitter ablation
v5.1,feature_sync_ablation,suite=feature_ablation; feature_config=smooth4_05s_mask; sync_offset_samples=0; train_sync_jitter_samples=0; split_policy=leave_one_piece_out,leave_one_piece_out,12.0,,0.4584168802162312,0.6604177224605591,0.0524138221880135,0.6314727048215316,0.7164649969044508,0.601800047720369,0.5761530698397753,0.7472527753776412,,C:\Users\EM328 Super\Desktop\caxton-new-codex\v5.1\research_package_v5_1\tables\v5_1_summary_by_condition.csv,v5.1 feature/sync/jitter ablation
v5.1,feature_sync_ablation,suite=sync_retrain; feature_config=raw4; sync_offset_samples=0; train_sync_jitter_samples=0; split_policy=leave_one_piece_out,leave_one_piece_out,12.0,,0.4628548566480435,0.660122142920146,0.0356541754106647,0.6330974315573467,0.7274538470025846,0.605046496245417,0.5667919514240385,0.7411962770085436,,C:\Users\EM328 Super\Desktop\caxton-new-codex\v5.1\research_package_v5_1\tables\v5_1_summary_by_condition.csv,v5.1 feature/sync/jitter ablation
v5.1,feature_sync_ablation,suite=sync_retrain; feature_config=raw4; sync_offset_samples=-4; train_sync_jitter_samples=3; split_policy=leave_one_piece_out,leave_one_piece_out,12.0,,0.4633757881920585,0.6599116865340119,0.0353910447787933,0.6340608465571496,0.7313808452422382,0.6011103168991642,0.5696913775300464,0.737464206464599,,C:\Users\EM328 Super\Desktop\caxton-new-codex\v5.1\research_package_v5_1\tables\v5_1_summary_by_condition.csv,v5.1 feature/sync/jitter ablation
v5.1,feature_sync_ablation,suite=sync_retrain; feature_config=raw4; sync_offset_samples=-2; train_sync_jitter_samples=3; split_policy=leave_one_piece_out,leave_one_piece_out,12.0,,0.4623529473749116,0.6578876154459679,0.0328366735236657,0.6307582220191341,0.7251015539067956,0.6001216212884383,0.5670514908621682,0.7392757957264693,,C:\Users\EM328 Super\Desktop\caxton-new-codex\v5.1\research_package_v5_1\tables\v5_1_summary_by_condition.csv,v5.1 feature/sync/jitter ablation
v5.1,feature_sync_ablation,suite=combined; feature_config=raw4; sync_offset_samples=-6; train_sync_jitter_samples=3; split_policy=leave_one_piece_out,leave_one_piece_out,6.0,,0.452229081134741,0.65473713003382,0.039746280284493,0.6220010549082852,0.7233621796235282,0.5844302900556616,0.5582106950456658,0.7529453554104245,,C:\Users\EM328 Super\Desktop\caxton-new-codex\v5.1\research_package_v5_1\tables\v5_1_summary_by_condition.csv,v5.1 feature/sync/jitter ablation
v5.1,feature_sync_ablation,suite=feature_ablation; feature_config=smooth4_02s; sync_offset_samples=0; train_sync_jitter_samples=0; split_policy=leave_one_piece_out,leave_one_piece_out,12.0,,0.459474776036115,0.6539413446944171,0.0387620268420014,0.6289696373293493,0.707967212248716,0.5993238152015169,0.579617884537815,0.728856466789621,,C:\Users\EM328 Super\Desktop\caxton-new-codex\v5.1\research_package_v5_1\tables\v5_1_summary_by_condition.csv,v5.1 feature/sync/jitter ablation
v5.1,feature_sync_ablation,suite=combined; feature_config=raw4; sync_offset_samples=-6; train_sync_jitter_samples=0; split_policy=leave_one_piece_out,leave_one_piece_out,6.0,,0.4556444948397309,0.6509488756664369,0.0356852566561943,0.6178503426268017,0.719172550625439,0.5809039695963863,0.5534745076585798,0.7502444747853424,,C:\Users\EM328 Super\Desktop\caxton-new-codex\v5.1\research_package_v5_1\tables\v5_1_summary_by_condition.csv,v5.1 feature/sync/jitter ablation
v5.1,feature_sync_ablation,suite=combined; feature_config=raw4; sync_offset_samples=-4; train_sync_jitter_samples=3; split_policy=leave_one_piece_out,leave_one_piece_out,6.0,,0.4540093912982703,0.6504998950060165,0.0353752504712132,0.6175133231492073,0.7194633178807845,0.5814202566834701,0.5516563948833672,0.7494596105764445,,C:\Users\EM328 Super\Desktop\caxton-new-codex\v5.1\research_package_v5_1\tables\v5_1_summary_by_condition.csv,v5.1 feature/sync/jitter ablation
v5.1,feature_sync_ablation,suite=combined; feature_config=raw4; sync_offset_samples=-4; train_sync_jitter_samples=0; split_policy=leave_one_piece_out,leave_one_piece_out,6.0,,0.4525249008016994,0.6461421737444379,0.030434468742711,0.6147347765285579,0.7121325727017078,0.5793883029915029,0.5526834538924629,0.7403643653920784,,C:\Users\EM328 Super\Desktop\caxton-new-codex\v5.1\research_package_v5_1\tables\v5_1_summary_by_condition.csv,v5.1 feature/sync/jitter ablation
v5.1,feature_sync_ablation,suite=combined; feature_config=raw4; sync_offset_samples=0; train_sync_jitter_samples=0; split_policy=leave_one_piece_out,leave_one_piece_out,6.0,,0.4519847587809593,0.6448270041946409,0.0303979873074598,0.6134055118887652,0.7108261836411344,0.5798814670431274,0.5495088849820338,0.7390914811122681,,C:\Users\EM328 Super\Desktop\caxton-new-codex\v5.1\research_package_v5_1\tables\v5_1_summary_by_condition.csv,v5.1 feature/sync/jitter ablation
v5.1,feature_sync_ablation,suite=feature_ablation; feature_config=smooth4_05s; sync_offset_samples=0; train_sync_jitter_samples=0; split_policy=leave_one_piece_out,leave_one_piece_out,12.0,,0.4520871744924572,0.6252902568882881,0.0626021738271756,0.603839221476203,0.6960113877040798,0.5735792857510988,0.5419269909734306,0.6896433631245437,,C:\Users\EM328 Super\Desktop\caxton-new-codex\v5.1\research_package_v5_1\tables\v5_1_summary_by_condition.csv,v5.1 feature/sync/jitter ablation
v5.1,feature_sync_ablation,suite=sync_retrain; feature_config=raw4; sync_offset_samples=-8; train_sync_jitter_samples=0; split_policy=leave_one_piece_out,leave_one_piece_out,12.0,,0.4668180899492269,0.6216043710173693,0.0535156920168222,0.5993410001065651,0.7093880481038953,0.5637099186526421,0.5249250335631581,0.6883944837497818,,C:\Users\EM328 Super\Desktop\caxton-new-codex\v5.1\research_package_v5_1\tables\v5_1_summary_by_condition.csv,v5.1 feature/sync/jitter ablation
v5.1,targeted_confirmation,split_policy=leave_one_piece_out,leave_one_piece_out,12.0,,0.4649503950857673,0.6902160505055538,0.053222505442176,0.6651942126719216,0.7577814649109654,0.6308996656861596,0.6069015074186394,0.7652815640064508,,C:\Users\EM328 Super\Desktop\caxton-new-codex\v5.1\research_package_v5_1\tables\v5_1_targeted_confirmation_summary.csv,v5.1 targeted confirmation
v5.1,targeted_confirmation,split_policy=leave_one_piece_out,leave_one_piece_out,12.0,,0.4621889472029513,0.6859334197388933,0.0521186428803654,0.662324115593334,0.7589182771889634,0.62134821263492,0.6067058569561189,0.7567613321755715,,C:\Users\EM328 Super\Desktop\caxton-new-codex\v5.1\research_package_v5_1\tables\v5_1_targeted_confirmation_summary.csv,v5.1 targeted confirmation
v5.1,targeted_confirmation,split_policy=leave_one_piece_out,leave_one_piece_out,12.0,,0.4628686199509281,0.6852284352809631,0.051945840646626,0.6620136822956748,0.75474142692762,0.6257423680187617,0.6055572519406426,0.7548726942368283,,C:\Users\EM328 Super\Desktop\caxton-new-codex\v5.1\research_package_v5_1\tables\v5_1_targeted_confirmation_summary.csv,v5.1 targeted confirmation
v5.1,targeted_confirmation,split_policy=leave_one_piece_out,leave_one_piece_out,12.0,,0.4631098443200698,0.6851633186381219,0.0532960748621519,0.6619311212583597,0.7542088373208076,0.624892214216992,0.6066923122372796,0.7548599107774082,,C:\Users\EM328 Super\Desktop\caxton-new-codex\v5.1\research_package_v5_1\tables\v5_1_targeted_confirmation_summary.csv,v5.1 targeted confirmation
v5.1,targeted_confirmation,split_policy=leave_one_piece_out,leave_one_piece_out,12.0,,0.4631932991956582,0.6847203607752125,0.053023171815532,0.6614596836162955,0.7531971608331665,0.6247408407923049,0.6064410492234151,0.7545023922519639,,C:\Users\EM328 Super\Desktop\caxton-new-codex\v5.1\research_package_v5_1\tables\v5_1_targeted_confirmation_summary.csv,v5.1 targeted confirmation
v5.1,targeted_confirmation,split_policy=leave_one_piece_out,leave_one_piece_out,12.0,,0.4614874920192304,0.684630578139664,0.0527194372312256,0.6623501154011617,0.7549925993975551,0.6248986833686242,0.6071590634373057,0.7514719663551709,,C:\Users\EM328 Super\Desktop\caxton-new-codex\v5.1\research_package_v5_1\tables\v5_1_targeted_confirmation_summary.csv,v5.1 targeted confirmation
v5.1,targeted_confirmation,split_policy=leave_one_piece_out,leave_one_piece_out,12.0,,0.4796776629634544,0.681228806309273,0.0375945274013454,0.6557931604266677,0.7333957869277189,0.6357236960213836,0.5982599983309006,0.7575357439570888,,C:\Users\EM328 Super\Desktop\caxton-new-codex\v5.1\research_package_v5_1\tables\v5_1_targeted_confirmation_summary.csv,v5.1 targeted confirmation
v5.1,targeted_confirmation,split_policy=leave_one_piece_out,leave_one_piece_out,12.0,,0.4795942402387146,0.6803798238374458,0.0387949722293662,0.6551656770470843,0.7283946694696466,0.6364191265683796,0.6006832351032267,0.7560222642085305,,C:\Users\EM328 Super\Desktop\caxton-new-codex\v5.1\research_package_v5_1\tables\v5_1_targeted_confirmation_summary.csv,v5.1 targeted confirmation
v5.1,top20_conditions,split_policy=leave_one_piece_out,leave_one_piece_out,6.0,,0.4599394103920248,0.6914880424202486,0.0536416477774708,0.6693486150011617,0.7655303276730582,0.630883316330639,0.6116322009997878,0.7579063246775094,,C:\Users\EM328 Super\Desktop\caxton-new-codex\v5.1\research_package_v5_1\tables\v5_1_top20_conditions.csv,v5.1 top conditions
v5.1,top20_conditions,split_policy=leave_one_piece_out,leave_one_piece_out,6.0,,0.4661557049229691,0.6893614243525272,0.0555628662663761,0.6627384439926262,0.7525585659271207,0.6329628106221664,0.6026939554285914,0.7692303654322307,,C:\Users\EM328 Super\Desktop\caxton-new-codex\v5.1\research_package_v5_1\tables\v5_1_top20_conditions.csv,v5.1 top conditions
v5.1,top20_conditions,split_policy=leave_one_piece_out,leave_one_piece_out,6.0,,0.4699613797795098,0.688944058590859,0.0578833974441431,0.6610398103426814,0.7500326021488727,0.6309160150416803,0.602170813837491,0.7726568033353921,,C:\Users\EM328 Super\Desktop\caxton-new-codex\v5.1\research_package_v5_1\tables\v5_1_top20_conditions.csv,v5.1 top conditions
v5.1,top20_conditions,split_policy=leave_one_piece_out,leave_one_piece_out,6.0,,0.4665484825497381,0.6884810032301569,0.0578796029508701,0.6621646446535572,0.7505437641459438,0.6318563203311346,0.604093849483593,0.7674300789599561,,C:\Users\EM328 Super\Desktop\caxton-new-codex\v5.1\research_package_v5_1\tables\v5_1_top20_conditions.csv,v5.1 top conditions
v5.1,top20_conditions,split_policy=leave_one_piece_out,leave_one_piece_out,6.0,,0.4655441838817173,0.6882876410148623,0.0559506066501913,0.660561761443123,0.7565231287572366,0.6237265388260118,0.6014356167461207,0.7714652797300802,,C:\Users\EM328 Super\Desktop\caxton-new-codex\v5.1\research_package_v5_1\tables\v5_1_top20_conditions.csv,v5.1 top conditions
v5.1,top20_conditions,split_policy=leave_one_piece_out,leave_one_piece_out,6.0,,0.4650742207403906,0.6880564267685222,0.0566724977440922,0.6637413450065892,0.7562912357516787,0.6311100343783979,0.6038227648896913,0.7610016720543208,,C:\Users\EM328 Super\Desktop\caxton-new-codex\v5.1\research_package_v5_1\tables\v5_1_top20_conditions.csv,v5.1 top conditions
v5.1,top20_conditions,split_policy=leave_one_piece_out,leave_one_piece_out,6.0,,0.4664702754292678,0.6879835136450678,0.0585475869619312,0.6611998017277438,0.7496272399221383,0.6310067540542404,0.6029654112068528,0.7683346493970399,,C:\Users\EM328 Super\Desktop\caxton-new-codex\v5.1\research_package_v5_1\tables\v5_1_top20_conditions.csv,v5.1 top conditions
v5.1,top20_conditions,split_policy=leave_one_piece_out,leave_one_piece_out,6.0,,0.4837969166213962,0.6868304844897534,0.0499331203514746,0.6610327281687203,0.7521060126328342,0.6379923343456532,0.5929998375276738,0.764223753452853,,C:\Users\EM328 Super\Desktop\caxton-new-codex\v5.1\research_package_v5_1\tables\v5_1_top20_conditions.csv,v5.1 top conditions
v5.1,top20_conditions,split_policy=leave_one_piece_out,leave_one_piece_out,6.0,,0.4831936322211144,0.6867514262305058,0.0495857455220362,0.6609840351339029,0.7514076599957548,0.638056984799035,0.5934874606069193,0.7640535995203143,,C:\Users\EM328 Super\Desktop\caxton-new-codex\v5.1\research_package_v5_1\tables\v5_1_top20_conditions.csv,v5.1 top conditions
v5.1,top20_conditions,split_policy=leave_one_piece_out,leave_one_piece_out,12.0,,0.4794746273613018,0.6857605982130259,0.0343351586875349,0.660171126910172,0.7359302316131114,0.6390573403778969,0.6055258087395076,0.7625290121215884,,C:\Users\EM328 Super\Desktop\caxton-new-codex\v5.1\research_package_v5_1\tables\v5_1_top20_conditions.csv,v5.1 top conditions
v5.1,top20_conditions,split_policy=leave_one_piece_out,leave_one_piece_out,6.0,,0.4588337105241851,0.6835791984629247,0.0532184593467057,0.6640864697435452,0.7613134256206905,0.6189698864438283,0.6119760971661171,0.742057384621063,,C:\Users\EM328 Super\Desktop\caxton-new-codex\v5.1\research_package_v5_1\tables\v5_1_top20_conditions.csv,v5.1 top conditions
v5.1,top20_conditions,split_policy=leave_one_piece_out,leave_one_piece_out,6.0,,0.4597494132108719,0.6823431236311759,0.0529351411804715,0.6626624407889756,0.7587904347194766,0.6187776743797437,0.6104192132677065,0.7413851721577766,,C:\Users\EM328 Super\Desktop\caxton-new-codex\v5.1\research_package_v5_1\tables\v5_1_top20_conditions.csv,v5.1 top conditions
v5.1,top20_conditions,split_policy=leave_one_piece_out,leave_one_piece_out,6.0,,0.4579007632980702,0.6812047295108058,0.0536153567796459,0.6609588857957341,0.7536939630434314,0.6186873323588508,0.6104953619849203,0.741942260656021,,C:\Users\EM328 Super\Desktop\caxton-new-codex\v5.1\research_package_v5_1\tables\v5_1_top20_conditions.csv,v5.1 top conditions
v5.1,top20_conditions,split_policy=leave_one_piece_out,leave_one_piece_out,6.0,,0.459581534978887,0.6810954462093989,0.0529923282045002,0.6612889205987232,0.7569242879281193,0.6185219254153568,0.6084205484526937,0.7405150230414262,,C:\Users\EM328 Super\Desktop\caxton-new-codex\v5.1\research_package_v5_1\tables\v5_1_top20_conditions.csv,v5.1 top conditions
v5.1,top20_conditions,split_policy=leave_one_piece_out,leave_one_piece_out,6.0,,0.4598381158415782,0.6809597183202682,0.0529265016307232,0.6607547225790339,0.7558505575203891,0.617625361253475,0.6087882489632374,0.7415747055439716,,C:\Users\EM328 Super\Desktop\caxton-new-codex\v5.1\research_package_v5_1\tables\v5_1_top20_conditions.csv,v5.1 top conditions
v5.1,top20_conditions,split_policy=leave_one_piece_out,leave_one_piece_out,12.0,,0.4671331858642568,0.6795411100807393,0.0393041163861477,0.6535560914896895,0.7500084533987593,0.6294342538255773,0.5812255672447322,0.7574961658538881,,C:\Users\EM328 Super\Desktop\caxton-new-codex\v5.1\research_package_v5_1\tables\v5_1_top20_conditions.csv,v5.1 top conditions
v5.1,top20_conditions,split_policy=leave_one_piece_out,leave_one_piece_out,12.0,,0.4616574056249101,0.6769593801248841,0.0620492741831077,0.6532024219948587,0.7495868753760785,0.6112230734370002,0.598797317171497,0.7482302545149607,,C:\Users\EM328 Super\Desktop\caxton-new-codex\v5.1\research_package_v5_1\tables\v5_1_top20_conditions.csv,v5.1 top conditions
v5.1,top20_conditions,split_policy=leave_one_piece_out,leave_one_piece_out,6.0,,0.4755584093055125,0.6756271281287923,0.0232538395728933,0.650553592684615,0.7146855612226034,0.6334550576971139,0.6035201591341276,0.7508477344613246,,C:\Users\EM328 Super\Desktop\caxton-new-codex\v5.1\research_package_v5_1\tables\v5_1_top20_conditions.csv,v5.1 top conditions
v5.1,top20_conditions,split_policy=leave_one_piece_out,leave_one_piece_out,6.0,,0.475994848256315,0.674008221444386,0.0274759894216994,0.6493473189602658,0.7053816789435384,0.6347812683377243,0.6078790095995344,0.7479909288967469,,C:\Users\EM328 Super\Desktop\caxton-new-codex\v5.1\research_package_v5_1\tables\v5_1_top20_conditions.csv,v5.1 top conditions
v5.1,top20_conditions,split_policy=leave_one_piece_out,leave_one_piece_out,6.0,,0.4821795268911166,0.6726451877231755,0.0571371333708503,0.6495284731026388,0.7379521312231571,0.6274817046329265,0.5831515834518329,0.7419953315847856,,C:\Users\EM328 Super\Desktop\caxton-new-codex\v5.1\research_package_v5_1\tables\v5_1_top20_conditions.csv,v5.1 top conditions
v5.2,loco,condition_name=A_raw4_baseline; split_policy=leave_one_combo_out,leave_one_combo_out,27.0,,0.6659275722760186,0.2620578671105468,0.025707600372285,,0.3720346901471312,0.0354787390935693,0.1162230994386761,0.5244949397628106,0.4038697051654717,C:\Users\EM328 Super\Desktop\caxton-new-codex\v5.2\research_package_v5_2\tables\v5_2_loco_summary_by_condition.csv,leave-one-combo-out
v5.2,loco,condition_name=C_raw2_offset_jitter; split_policy=leave_one_combo_out,leave_one_combo_out,27.0,,0.666147775254895,0.2615943526150051,0.0286683172901887,,0.3853204286884394,0.0465898683311584,0.1212870776600024,0.4931800357804201,0.4045534226398899,C:\Users\EM328 Super\Desktop\caxton-new-codex\v5.2\research_package_v5_2\tables\v5_2_loco_summary_by_condition.csv,leave-one-combo-out
v5.2,loco,condition_name=B_raw2_simple; split_policy=leave_one_combo_out,leave_one_combo_out,27.0,,0.6641475175564708,0.2545368534473101,0.0327641341278466,,0.3413554153798426,0.0477295817354789,0.128268177443444,0.500794239230475,0.4096106641091606,C:\Users\EM328 Super\Desktop\caxton-new-codex\v5.2\research_package_v5_2\tables\v5_2_loco_summary_by_condition.csv,leave-one-combo-out
v5.2,loco,condition_name=D_smooth4_05s_mask_phase; split_policy=leave_one_combo_out,leave_one_combo_out,27.0,,0.6746348416645175,0.2487761662622861,0.0346187282121929,,0.4083660598893096,0.0459035353182102,0.0849470168130331,0.4558880530285915,0.4258586754022313,C:\Users\EM328 Super\Desktop\caxton-new-codex\v5.2\research_package_v5_2\tables\v5_2_loco_summary_by_condition.csv,leave-one-combo-out
v5.2,srpwc,condition_name=D_smooth4_05s_mask_phase; split_policy=stratified_random_by_piece_within_combo,stratified_random_by_piece_within_combo,15.0,,0.5339644291290195,0.5087475804041869,0.0727510855448228,,0.5881270876224647,0.421685195624042,0.3901410335169599,0.635037004853281,0.0252168487248325,C:\Users\EM328 Super\Desktop\caxton-new-codex\v5.2\research_package_v5_2\tables\v5_2_srpwc_summary_by_condition.csv,stratified random by piece within combo
v5.2,srpwc,condition_name=C_raw2_offset_jitter; split_policy=stratified_random_by_piece_within_combo,stratified_random_by_piece_within_combo,15.0,,0.5227324063571671,0.4939937078761677,0.077056573515822,,0.5812566696885425,0.3832713667657082,0.3571609643154396,0.6542858307349806,0.0287386984809993,C:\Users\EM328 Super\Desktop\caxton-new-codex\v5.2\research_package_v5_2\tables\v5_2_srpwc_summary_by_condition.csv,stratified random by piece within combo
v5.2,srpwc,condition_name=B_raw2_simple; split_policy=stratified_random_by_piece_within_combo,stratified_random_by_piece_within_combo,15.0,,0.5243749151008402,0.4935019591311649,0.07513956922358,,0.5882321432150052,0.3788806547710541,0.3570156342802486,0.6498794042583517,0.0308729559696753,C:\Users\EM328 Super\Desktop\caxton-new-codex\v5.2\research_package_v5_2\tables\v5_2_srpwc_summary_by_condition.csv,stratified random by piece within combo
v5.2,srpwc,condition_name=A_raw4_baseline; split_policy=stratified_random_by_piece_within_combo,stratified_random_by_piece_within_combo,15.0,,0.5176467038247086,0.476466573726662,0.079639813512202,,0.5300762945983434,0.3939211035408681,0.353360194310286,0.6285087024571507,0.0411801300980464,C:\Users\EM328 Super\Desktop\caxton-new-codex\v5.2\research_package_v5_2\tables\v5_2_srpwc_summary_by_condition.csv,stratified random by piece within combo
v5.2,vs_v5_v51,source=v5_phase3; condition_name=v5_phase3_baseline_raw4; split_policy=leave_one_piece_out,leave_one_piece_out,9.0,,,0.6833306884517177,0.0458977078075366,,0.7529795897928111,0.6338541287830229,0.5827700847729257,0.7637189504581109,,C:\Users\EM328 Super\Desktop\caxton-new-codex\v5.2\research_package_v5_2\tables\v5_2_vs_v5_v51_summary.csv,v5.2 comparison against v5/v5.1
v5.2,vs_v5_v51,source=v5.2; condition_name=D_smooth4_05s_mask_phase; split_policy=stratified_random_by_piece_within_combo,stratified_random_by_piece_within_combo,15.0,,,0.5087475804041869,0.0727510855448228,,0.5881270876224647,0.421685195624042,0.3901410335169599,0.635037004853281,0.0252168487248325,C:\Users\EM328 Super\Desktop\caxton-new-codex\v5.2\research_package_v5_2\tables\v5_2_vs_v5_v51_summary.csv,v5.2 comparison against v5/v5.1
v5.2,vs_v5_v51,source=v5.2; condition_name=C_raw2_offset_jitter; split_policy=stratified_random_by_piece_within_combo,stratified_random_by_piece_within_combo,15.0,,,0.4939937078761677,0.077056573515822,,0.5812566696885425,0.3832713667657082,0.3571609643154396,0.6542858307349806,0.0287386984809993,C:\Users\EM328 Super\Desktop\caxton-new-codex\v5.2\research_package_v5_2\tables\v5_2_vs_v5_v51_summary.csv,v5.2 comparison against v5/v5.1
v5.2,vs_v5_v51,source=v5.2; condition_name=B_raw2_simple; split_policy=stratified_random_by_piece_within_combo,stratified_random_by_piece_within_combo,15.0,,,0.4935019591311649,0.07513956922358,,0.5882321432150052,0.3788806547710541,0.3570156342802486,0.6498794042583517,0.0308729559696753,C:\Users\EM328 Super\Desktop\caxton-new-codex\v5.2\research_package_v5_2\tables\v5_2_vs_v5_v51_summary.csv,v5.2 comparison against v5/v5.1
v5.2,vs_v5_v51,source=v5.2; condition_name=A_raw4_baseline; split_policy=stratified_random_by_piece_within_combo,stratified_random_by_piece_within_combo,15.0,,,0.476466573726662,0.079639813512202,,0.5300762945983434,0.3939211035408681,0.353360194310286,0.6285087024571507,0.0411801300980464,C:\Users\EM328 Super\Desktop\caxton-new-codex\v5.2\research_package_v5_2\tables\v5_2_vs_v5_v51_summary.csv,v5.2 comparison against v5/v5.1
v5.2,vs_v5_v51,source=v5_phase3; condition_name=v5_phase3_baseline_raw4; split_policy=stratified_random_by_piece_within_combo,stratified_random_by_piece_within_combo,15.0,,,0.475096112927191,0.0790544488541716,,0.5291197969645529,0.3923770547356833,0.353420178946987,0.6254674210615406,,C:\Users\EM328 Super\Desktop\caxton-new-codex\v5.2\research_package_v5_2\tables\v5_2_vs_v5_v51_summary.csv,v5.2 comparison against v5/v5.1
v5.2,vs_v5_v51,source=v5.2; condition_name=A_raw4_baseline; split_policy=leave_one_combo_out,leave_one_combo_out,27.0,,,0.2620578671105468,0.025707600372285,,0.3720346901471312,0.0354787390935693,0.1162230994386761,0.5244949397628106,0.4038697051654717,C:\Users\EM328 Super\Desktop\caxton-new-codex\v5.2\research_package_v5_2\tables\v5_2_vs_v5_v51_summary.csv,v5.2 comparison against v5/v5.1
v5.2,vs_v5_v51,source=v5.2; condition_name=C_raw2_offset_jitter; split_policy=leave_one_combo_out,leave_one_combo_out,27.0,,,0.2615943526150051,0.0286683172901887,,0.3853204286884394,0.0465898683311584,0.1212870776600024,0.4931800357804201,0.4045534226398899,C:\Users\EM328 Super\Desktop\caxton-new-codex\v5.2\research_package_v5_2\tables\v5_2_vs_v5_v51_summary.csv,v5.2 comparison against v5/v5.1
v5.2,vs_v5_v51,source=v5_phase3; condition_name=v5_phase3_baseline_raw4; split_policy=leave_one_combo_out,leave_one_combo_out,27.0,,,0.2599459733448045,0.027185464583765,,0.3752664223940606,0.0316856356705524,0.1180777745753612,0.5147540607392439,,C:\Users\EM328 Super\Desktop\caxton-new-codex\v5.2\research_package_v5_2\tables\v5_2_vs_v5_v51_summary.csv,v5.2 comparison against v5/v5.1
v5.2,vs_v5_v51,source=v5.2; condition_name=B_raw2_simple; split_policy=leave_one_combo_out,leave_one_combo_out,27.0,,,0.2545368534473101,0.0327641341278466,,0.3413554153798426,0.0477295817354789,0.128268177443444,0.500794239230475,0.4096106641091606,C:\Users\EM328 Super\Desktop\caxton-new-codex\v5.2\research_package_v5_2\tables\v5_2_vs_v5_v51_summary.csv,v5.2 comparison against v5/v5.1
v5.2,vs_v5_v51,source=v5.2; condition_name=D_smooth4_05s_mask_phase; split_policy=leave_one_combo_out,leave_one_combo_out,27.0,,,0.2487761662622861,0.0346187282121929,,0.4083660598893096,0.0459035353182102,0.0849470168130331,0.4558880530285915,0.4258586754022313,C:\Users\EM328 Super\Desktop\caxton-new-codex\v5.2\research_package_v5_2\tables\v5_2_vs_v5_v51_summary.csv,v5.2 comparison against v5/v5.1
v5.2,vs_v5_v51,source=v5.1; condition_name=v5.1_no_loco_srpwc; split_policy=leave_one_piece_out only,leave_one_piece_out only,348.0,,,,,,,,,,,C:\Users\EM328 Super\Desktop\caxton-new-codex\v5.2\research_package_v5_2\tables\v5_2_vs_v5_v51_summary.csv,v5.2 comparison against v5/v5.1
v5.3,modality_ablation,condition_name=E_image_only_raw4; modality=image_only; split_policy=nature_temporal_split,nature_temporal_split,,,0.7381131131131131,0.7253118503118503,,,,,,,0.0128012628012628,C:\Users\EM328 Super\Desktop\caxton-new-codex\v5.3_nature_split\research_package_v5_3_nature_split\tables\v5_3_modality_ablation_inventory.csv,v5.3 per-run modality ablation
v5.3,modality_ablation,condition_name=E_image_only_raw4; modality=image_only; split_policy=nature_temporal_split,nature_temporal_split,,,0.7341091091091092,0.7188149688149689,,,,,,,0.0152941402941403,C:\Users\EM328 Super\Desktop\caxton-new-codex\v5.3_nature_split\research_package_v5_3_nature_split\tables\v5_3_modality_ablation_inventory.csv,v5.3 per-run modality ablation
v5.3,modality_ablation,condition_name=E_image_only_raw4; modality=image_only; split_policy=nature_temporal_split,nature_temporal_split,,,0.7209709709709711,0.7066008316008316,,,,,,,0.0143701393701394,C:\Users\EM328 Super\Desktop\caxton-new-codex\v5.3_nature_split\research_package_v5_3_nature_split\tables\v5_3_modality_ablation_inventory.csv,v5.3 per-run modality ablation
v5.3,modality_ablation,condition_name=E_seq_only_raw4; modality=seq_only; split_policy=nature_temporal_split,nature_temporal_split,,,0.5984734734734735,0.5693866943866944,,,,,,,0.029086779086779,C:\Users\EM328 Super\Desktop\caxton-new-codex\v5.3_nature_split\research_package_v5_3_nature_split\tables\v5_3_modality_ablation_inventory.csv,v5.3 per-run modality ablation
v5.3,modality_ablation,condition_name=E_seq_only_raw4; modality=seq_only; split_policy=nature_temporal_split,nature_temporal_split,,,0.5814564564564565,0.5543139293139293,,,,,,,0.0271425271425271,C:\Users\EM328 Super\Desktop\caxton-new-codex\v5.3_nature_split\research_package_v5_3_nature_split\tables\v5_3_modality_ablation_inventory.csv,v5.3 per-run modality ablation
v5.3,modality_ablation,condition_name=E_seq_only_raw4; modality=seq_only; split_policy=nature_temporal_split,nature_temporal_split,,,0.5701951951951952,0.5265072765072765,,,,,,,0.0436879186879187,C:\Users\EM328 Super\Desktop\caxton-new-codex\v5.3_nature_split\research_package_v5_3_nature_split\tables\v5_3_modality_ablation_inventory.csv,v5.3 per-run modality ablation
v5.3,nature_temporal_split,condition_name=D_smooth4_05s_mask_phase; feature_config=smooth4_05s_mask_phase; split_policy=nature_temporal_split,nature_temporal_split,3.0,,0.984984984984985,0.9545218295218296,0.0040593813284337,0.9444444444444444,0.9539154539154538,0.9397089397089397,0.9397089397089397,0.9847539847539848,0.0304631554631554,C:\Users\EM328 Super\Desktop\caxton-new-codex\v5.3_nature_split\research_package_v5_3_nature_split\tables\v5_3_nature_summary_by_condition.csv,per-print temporal 70/20/10 split
v5.3,nature_temporal_split,condition_name=C_raw2_offset_jitter; feature_config=raw2; split_policy=nature_temporal_split,nature_temporal_split,3.0,,0.9906156156156156,0.9538288288288288,0.0040287650569069,0.941787941787942,0.9466389466389468,0.93970893970894,0.939015939015939,0.98995148995149,0.0367867867867867,C:\Users\EM328 Super\Desktop\caxton-new-codex\v5.3_nature_split\research_package_v5_3_nature_split\tables\v5_3_nature_summary_by_condition.csv,per-print temporal 70/20/10 split
v5.3,nature_temporal_split,condition_name=A_raw4_baseline; feature_config=raw4; split_policy=nature_temporal_split,nature_temporal_split,3.0,,0.9850684017350684,0.952875952875953,0.0034606695002491,0.9422499422499424,0.946985446985447,0.941787941787942,0.937976437976438,0.9847539847539848,0.0321924488591155,C:\Users\EM328 Super\Desktop\caxton-new-codex\v5.3_nature_split\research_package_v5_3_nature_split\tables\v5_3_nature_summary_by_condition.csv,per-print temporal 70/20/10 split
v5.3,nature_temporal_split,condition_name=B_raw2_simple; feature_config=raw2; split_policy=nature_temporal_split,nature_temporal_split,3.0,,0.9879462796129462,0.9504504504504506,0.0018799839236149,0.9376299376299376,0.9414414414414416,0.936936936936937,0.9345114345114346,0.988911988911989,0.0374958291624958,C:\Users\EM328 Super\Desktop\caxton-new-codex\v5.3_nature_split\research_package_v5_3_nature_split\tables\v5_3_nature_summary_by_condition.csv,per-print temporal 70/20/10 split
v5.3,nature_vs_strict_splits,source=v5.3; condition_name=D_smooth4_05s_mask_phase; split_policy=nature_temporal_split,nature_temporal_split,3.0,,,0.9545218295218296,0.0040593813284337,,,,,,,C:\Users\EM328 Super\Desktop\caxton-new-codex\v5.3_nature_split\research_package_v5_3_nature_split\tables\v5_3_nature_vs_lopo_loco_summary.csv,nature split vs strict LOPO/LOCO comparison
v5.3,nature_vs_strict_splits,source=v5.3; condition_name=C_raw2_offset_jitter; split_policy=nature_temporal_split,nature_temporal_split,3.0,,,0.9538288288288288,0.0040287650569069,,,,,,,C:\Users\EM328 Super\Desktop\caxton-new-codex\v5.3_nature_split\research_package_v5_3_nature_split\tables\v5_3_nature_vs_lopo_loco_summary.csv,nature split vs strict LOPO/LOCO comparison
v5.3,nature_vs_strict_splits,source=v5.3; condition_name=A_raw4_baseline; split_policy=nature_temporal_split,nature_temporal_split,3.0,,,0.952875952875953,0.0034606695002491,,,,,,,C:\Users\EM328 Super\Desktop\caxton-new-codex\v5.3_nature_split\research_package_v5_3_nature_split\tables\v5_3_nature_vs_lopo_loco_summary.csv,nature split vs strict LOPO/LOCO comparison
v5.3,nature_vs_strict_splits,source=v5.3; condition_name=B_raw2_simple; split_policy=nature_temporal_split,nature_temporal_split,3.0,,,0.9504504504504506,0.0018799839236149,,,,,,,C:\Users\EM328 Super\Desktop\caxton-new-codex\v5.3_nature_split\research_package_v5_3_nature_split\tables\v5_3_nature_vs_lopo_loco_summary.csv,nature split vs strict LOPO/LOCO comparison
v5.3,nature_vs_strict_splits,source=v5.1; condition_name=targeted_best_raw2_offset_jitter; split_policy=leave_one_piece_out,leave_one_piece_out,12.0,,,0.6902160505055538,0.053222505442176,,,,,,,C:\Users\EM328 Super\Desktop\caxton-new-codex\v5.3_nature_split\research_package_v5_3_nature_split\tables\v5_3_nature_vs_lopo_loco_summary.csv,nature split vs strict LOPO/LOCO comparison
v5.3,nature_vs_strict_splits,source=v5.2; condition_name=D_smooth4_05s_mask_phase; split_policy=stratified_random_by_piece_within_combo,stratified_random_by_piece_within_combo,15.0,,,0.5087475804041869,0.0727510855448228,,,,,,,C:\Users\EM328 Super\Desktop\caxton-new-codex\v5.3_nature_split\research_package_v5_3_nature_split\tables\v5_3_nature_vs_lopo_loco_summary.csv,nature split vs strict LOPO/LOCO comparison
v5.3,nature_vs_strict_splits,source=v5.2; condition_name=C_raw2_offset_jitter; split_policy=stratified_random_by_piece_within_combo,stratified_random_by_piece_within_combo,15.0,,,0.4939937078761677,0.077056573515822,,,,,,,C:\Users\EM328 Super\Desktop\caxton-new-codex\v5.3_nature_split\research_package_v5_3_nature_split\tables\v5_3_nature_vs_lopo_loco_summary.csv,nature split vs strict LOPO/LOCO comparison
v5.3,nature_vs_strict_splits,source=v5.2; condition_name=B_raw2_simple; split_policy=stratified_random_by_piece_within_combo,stratified_random_by_piece_within_combo,15.0,,,0.4935019591311649,0.07513956922358,,,,,,,C:\Users\EM328 Super\Desktop\caxton-new-codex\v5.3_nature_split\research_package_v5_3_nature_split\tables\v5_3_nature_vs_lopo_loco_summary.csv,nature split vs strict LOPO/LOCO comparison
v5.3,nature_vs_strict_splits,source=v5.2; condition_name=A_raw4_baseline; split_policy=stratified_random_by_piece_within_combo,stratified_random_by_piece_within_combo,15.0,,,0.476466573726662,0.079639813512202,,,,,,,C:\Users\EM328 Super\Desktop\caxton-new-codex\v5.3_nature_split\research_package_v5_3_nature_split\tables\v5_3_nature_vs_lopo_loco_summary.csv,nature split vs strict LOPO/LOCO comparison
v5.3,nature_vs_strict_splits,source=v5.2; condition_name=A_raw4_baseline; split_policy=leave_one_combo_out,leave_one_combo_out,27.0,,,0.2620578671105468,0.025707600372285,,,,,,,C:\Users\EM328 Super\Desktop\caxton-new-codex\v5.3_nature_split\research_package_v5_3_nature_split\tables\v5_3_nature_vs_lopo_loco_summary.csv,nature split vs strict LOPO/LOCO comparison
v5.3,nature_vs_strict_splits,source=v5.2; condition_name=C_raw2_offset_jitter; split_policy=leave_one_combo_out,leave_one_combo_out,27.0,,,0.2615943526150051,0.0286683172901887,,,,,,,C:\Users\EM328 Super\Desktop\caxton-new-codex\v5.3_nature_split\research_package_v5_3_nature_split\tables\v5_3_nature_vs_lopo_loco_summary.csv,nature split vs strict LOPO/LOCO comparison
v5.3,nature_vs_strict_splits,source=v5.2; condition_name=B_raw2_simple; split_policy=leave_one_combo_out,leave_one_combo_out,27.0,,,0.2545368534473101,0.0327641341278466,,,,,,,C:\Users\EM328 Super\Desktop\caxton-new-codex\v5.3_nature_split\research_package_v5_3_nature_split\tables\v5_3_nature_vs_lopo_loco_summary.csv,nature split vs strict LOPO/LOCO comparison
v5.3,nature_vs_strict_splits,source=v5.2; condition_name=D_smooth4_05s_mask_phase; split_policy=leave_one_combo_out,leave_one_combo_out,27.0,,,0.2487761662622861,0.0346187282121929,,,,,,,C:\Users\EM328 Super\Desktop\caxton-new-codex\v5.3_nature_split\research_package_v5_3_nature_split\tables\v5_3_nature_vs_lopo_loco_summary.csv,nature split vs strict LOPO/LOCO comparison
v6,phase1_channel_ablation,feature_config=ch1_dpos_f; channel_count=1,,12.0,,,0.6487851847212341,0.1060178461532592,,0.7392476981127863,0.6170236608632816,0.5510364021432251,0.6878329777656433,,C:\Users\EM328 Super\Desktop\caxton-new-codex\v6\research_package_v6\tables\phase1_combined_rank.csv,causal TCN channel ablation combined rank
v6,phase1_channel_ablation,feature_config=ch1_dpos_m; channel_count=1,,12.0,,,0.648400723057991,0.1019925444819244,,0.7103516931232038,0.6193882801495553,0.5641220639720406,0.6997408549871648,,C:\Users\EM328 Super\Desktop\caxton-new-codex\v6\research_package_v6\tables\phase1_combined_rank.csv,causal TCN channel ablation combined rank
v6,phase1_channel_ablation,feature_config=ch1_slip_rate; channel_count=1,,12.0,,,0.6461690494186524,0.1139959973119171,,0.6863429264129676,0.6142689404708893,0.5812524653586465,0.7028118654321064,,C:\Users\EM328 Super\Desktop\caxton-new-codex\v6\research_package_v6\tables\phase1_combined_rank.csv,causal TCN channel ablation combined rank
v6,phase1_channel_ablation,feature_config=ch4_all; channel_count=4,,12.0,,,0.6419232110619911,0.1273199932393392,,0.6939566963984368,0.6036280632910117,0.571359573007901,0.6987485115506149,,C:\Users\EM328 Super\Desktop\caxton-new-codex\v6\research_package_v6\tables\phase1_combined_rank.csv,causal TCN channel ablation combined rank
v6,phase1_channel_ablation,feature_config=ch2_dposm_slip; channel_count=2,,12.0,,,0.6416904726156086,0.1169840966037099,,0.6847379890610483,0.5940243003021767,0.5820177466866455,0.7059818544125641,,C:\Users\EM328 Super\Desktop\caxton-new-codex\v6\research_package_v6\tables\phase1_combined_rank.csv,causal TCN channel ablation combined rank
v6,phase1_channel_ablation,feature_config=ch3_no_dposm; channel_count=3,,12.0,,,0.6414269443826254,0.120793613265012,,0.7079362647026386,0.6018391331735807,0.5623452181331778,0.6935871615211044,,C:\Users\EM328 Super\Desktop\caxton-new-codex\v6\research_package_v6\tables\phase1_combined_rank.csv,causal TCN channel ablation combined rank
v6,phase1_channel_ablation,feature_config=ch2_dposf_K; channel_count=2,,12.0,,,0.6410565515984133,0.1227171564280091,,0.7143686316617731,0.5973844806887985,0.5616114335712937,0.6908616604717883,,C:\Users\EM328 Super\Desktop\caxton-new-codex\v6\research_package_v6\tables\phase1_combined_rank.csv,causal TCN channel ablation combined rank
v6,phase1_channel_ablation,feature_config=ch2_dposf_slip; channel_count=2,,12.0,,,0.6407565261172933,0.1257824200710871,,0.7030134071459515,0.5973915954920482,0.5708601020336062,0.691760999797567,,C:\Users\EM328 Super\Desktop\caxton-new-codex\v6\research_package_v6\tables\phase1_combined_rank.csv,causal TCN channel ablation combined rank
v6,phase1_channel_ablation,feature_config=ch2_raw2; channel_count=2,,12.0,,,0.63859718784692,0.1177577633018334,,0.7258609098029482,0.5920861546081962,0.5457559475546846,0.6906857394218511,,C:\Users\EM328 Super\Desktop\caxton-new-codex\v6\research_package_v6\tables\phase1_combined_rank.csv,causal TCN channel ablation combined rank
v6,phase1_channel_ablation,feature_config=ch3_no_slip; channel_count=3,,12.0,,,0.6382834401367988,0.127926606115721,,0.7012665730959453,0.5910715482506618,0.5711737461539411,0.6896218930466472,,C:\Users\EM328 Super\Desktop\caxton-new-codex\v6\research_package_v6\tables\phase1_combined_rank.csv,causal TCN channel ablation combined rank
v6,phase1_channel_ablation,feature_config=ch2_derived2; channel_count=2,,12.0,,,0.636742795935198,0.1147763186728123,,0.67780212784439,0.5999715509964989,0.5718033376227306,0.6973941672771723,,C:\Users\EM328 Super\Desktop\caxton-new-codex\v6\research_package_v6\tables\phase1_combined_rank.csv,causal TCN channel ablation combined rank
v6,phase1_channel_ablation,feature_config=ch3_no_K; channel_count=3,,12.0,,,0.6366981757718775,0.1284839870381451,,0.6910963602057553,0.5938263498453478,0.5705245208909852,0.6913454721454215,,C:\Users\EM328 Super\Desktop\caxton-new-codex\v6\research_package_v6\tables\phase1_combined_rank.csv,causal TCN channel ablation combined rank
v6,phase1_channel_ablation,feature_config=ch3_no_dposf; channel_count=3,,12.0,,,0.6361053878924546,0.1197066427853952,,0.7004066840668132,0.5979400841597626,0.5579135874302048,0.6881611959130378,,C:\Users\EM328 Super\Desktop\caxton-new-codex\v6\research_package_v6\tables\phase1_combined_rank.csv,causal TCN channel ablation combined rank
v6,phase1_channel_ablation,feature_config=ch2_dposm_K; channel_count=2,,12.0,,,0.6338418943196984,0.1220737511963913,,0.6977217300852683,0.5939759548538585,0.5556768780221025,0.6879930143175642,,C:\Users\EM328 Super\Desktop\caxton-new-codex\v6\research_package_v6\tables\phase1_combined_rank.csv,causal TCN channel ablation combined rank
v6,phase1_channel_ablation,feature_config=ch1_K_ratio; channel_count=1,,12.0,,,0.6320097578393474,0.1236735703114468,,0.6856092760358218,0.5984428706934742,0.550457260963259,0.6935296236648346,,C:\Users\EM328 Super\Desktop\caxton-new-codex\v6\research_package_v6\tables\phase1_combined_rank.csv,causal TCN channel ablation combined rank
v6,phase2_fusion_comparison,fusion_method=gmu,,12.0,,,0.656065125840468,0.1035752303925486,,0.7233762488506007,0.619251146963894,0.5713671882047674,0.7102659193426101,-0.1394301412408139,C:\Users\EM328 Super\Desktop\caxton-new-codex\v6\research_package_v6\tables\phase2_combined_rank.csv,causal TCN fusion comparison
v6,phase2_fusion_comparison,fusion_method=cross_attn,,12.0,,,0.6534061156067448,0.0965369441282216,,0.7321928917457478,0.6082894556482734,0.57238905912167,0.7007530559112879,-0.1473896478290655,C:\Users\EM328 Super\Desktop\caxton-new-codex\v6\research_package_v6\tables\phase2_combined_rank.csv,causal TCN fusion comparison
v6,phase2_fusion_comparison,fusion_method=concat,,12.0,,,0.6491661215199338,0.1067951396455358,,0.7396524348339547,0.6174772448013787,0.5515553681043684,0.687979438340033,-0.1290149738533302,C:\Users\EM328 Super\Desktop\caxton-new-codex\v6\research_package_v6\tables\phase2_combined_rank.csv,causal TCN fusion comparison
v6,phase2_fusion_comparison,fusion_method=lmf,,12.0,,,0.5941177216214776,0.1573393259034594,,0.6646857438241247,0.5574591591329696,0.5174312814322467,0.6368947020965695,-0.0903142822167397,C:\Users\EM328 Super\Desktop\caxton-new-codex\v6\research_package_v6\tables\phase2_combined_rank.csv,causal TCN fusion comparison
v6,phase2_fusion_comparison,fusion_method=hadamard,,12.0,,,0.5677037786979859,0.1555201072640213,,0.6891513308860905,0.5248165485344601,0.4779698316081954,0.5788774037631977,-0.0440163413023579,C:\Users\EM328 Super\Desktop\caxton-new-codex\v6\research_package_v6\tables\phase2_combined_rank.csv,causal TCN fusion comparison
v6,phase3_aux_loss,aux_loss_lambda=0.0,,12.0,,,0.6560440255405194,0.103287368590128,,,,,,-0.1392650709538331,C:\Users\EM328 Super\Desktop\caxton-new-codex\v6\research_package_v6\tables\phase3_combined_rank.csv,auxiliary loss ablation
v6,phase3_aux_loss,aux_loss_lambda=0.3,,12.0,,,0.654837204736213,0.1060651617433865,,,,,,-0.1343086973175134,C:\Users\EM328 Super\Desktop\caxton-new-codex\v6\research_package_v6\tables\phase3_combined_rank.csv,auxiliary loss ablation
v6,phase3_aux_loss,aux_loss_lambda=0.5,,12.0,,,0.6492208351601478,0.1084653532177168,,,,,,-0.1282540044474593,C:\Users\EM328 Super\Desktop\caxton-new-codex\v6\research_package_v6\tables\phase3_combined_rank.csv,auxiliary loss ablation
v6,phase3_aux_loss,aux_loss_lambda=0.1,,12.0,,,0.6472673350244577,0.1078060180753725,,,,,,-0.1289588796341624,C:\Users\EM328 Super\Desktop\caxton-new-codex\v6\research_package_v6\tables\phase3_combined_rank.csv,auxiliary loss ablation
v6,phase4_5_modality,family=tcn ch1_dpos_f gmu source_frozen; modality=fusion,,12.0,0.7913214492406544,0.516634984599654,0.656065125840468,0.1035752303925486,,,,,,,C:\Users\EM328 Super\Desktop\caxton-new-codex\v6\research_package_v6\tables\phase4_5_modality_compare.csv,image-only / encoder-only / fusion
v6,phase4_5_modality,family=scalar ch4_all residual_img source_frozen; modality=fusion,,12.0,0.7147721653883031,0.4680547845427822,0.5771908310645367,0.0875121371433933,,,,,,,C:\Users\EM328 Super\Desktop\caxton-new-codex\v6\research_package_v6\tables\phase4_5_modality_compare.csv,image-only / encoder-only / fusion
v6,phase4_5_modality,family=scalar ch4_all residual_img source_frozen; modality=image_only,,12.0,0.7007677699042789,0.4658647399298568,0.5719696769794725,0.0894323407343027,,,,,,,C:\Users\EM328 Super\Desktop\caxton-new-codex\v6\research_package_v6\tables\phase4_5_modality_compare.csv,image-only / encoder-only / fusion
v6,phase4_5_modality,family=tcn ch1_dpos_f gmu source_frozen; modality=image_only,,12.0,0.6592493671669543,0.4547308452032106,0.5450763849493411,0.089150138155545,,,,,,,C:\Users\EM328 Super\Desktop\caxton-new-codex\v6\research_package_v6\tables\phase4_5_modality_compare.csv,image-only / encoder-only / fusion
v6,phase4_5_modality,family=tcn ch1_dpos_f gmu source_frozen; modality=encoder_only,,12.0,0.5613048827974231,0.4989834391173113,0.5080831953701985,0.0422645893163687,,,,,,,C:\Users\EM328 Super\Desktop\caxton-new-codex\v6\research_package_v6\tables\phase4_5_modality_compare.csv,image-only / encoder-only / fusion
v6,phase4_5_modality,family=scalar ch4_all residual_img source_frozen; modality=encoder_only,,12.0,0.395675494814482,0.3616307099864762,0.3725204778064122,0.0168095249501958,,,,,,,C:\Users\EM328 Super\Desktop\caxton-new-codex\v6\research_package_v6\tables\phase4_5_modality_compare.csv,image-only / encoder-only / fusion
v6,phase4_5_scalar_vs_tcn,comparison=tcn ch1_dpos_f gmu fusion source_frozen,,12.0,0.7913214492406544,0.516634984599654,0.656065125840468,0.1035752303925486,,0.7233762488506007,0.6192511469638939,0.5713671882047674,0.7102659193426101,,C:\Users\EM328 Super\Desktop\caxton-new-codex\v6\research_package_v6\tables\phase4_5_scalar_vs_tcn.csv,scalar-current vs TCN window
v6,phase4_5_scalar_vs_tcn,comparison=tcn ch4_all residual_img fusion source_frozen,,12.0,0.7595116317521492,0.5269119863865463,0.6420956089072597,0.1258312173453714,,0.6896016867760784,0.6036416173261817,0.5662741825317866,0.7088649489949922,,C:\Users\EM328 Super\Desktop\caxton-new-codex\v6\research_package_v6\tables\phase4_5_scalar_vs_tcn.csv,scalar-current vs TCN window
v6,phase4_5_scalar_vs_tcn,comparison=scalar ch4_all residual_img fusion source_frozen,,12.0,0.7147721653883031,0.4680547845427822,0.5771908310645367,0.0875121371433933,,0.5731689245823702,0.5441298130772795,0.5138359088316652,0.677628677766832,,C:\Users\EM328 Super\Desktop\caxton-new-codex\v6\research_package_v6\tables\phase4_5_scalar_vs_tcn.csv,scalar-current vs TCN window
v6,phase4_5_scalar_vs_tcn,comparison=scalar ch1_dpos_f gmu fusion source_frozen,,12.0,0.6609214999099614,0.464419434468295,0.5591388845789625,0.1071958475294884,,0.5587624632839508,0.5205437845636273,0.4978874022309779,0.6593618882372945,,C:\Users\EM328 Super\Desktop\caxton-new-codex\v6\research_package_v6\tables\phase4_5_scalar_vs_tcn.csv,scalar-current vs TCN window
v6,phase4_5_transfer,family=tcn ch1_dpos_f gmu fusion; transfer_mode=source_frozen,,12.0,0.7913214492406544,0.516634984599654,0.656065125840468,0.1035752303925486,,,,,,,C:\Users\EM328 Super\Desktop\caxton-new-codex\v6\research_package_v6\tables\phase4_5_transfer_compare.csv,source-frozen vs no-source trainable
v6,phase4_5_transfer,family=scalar ch4_all residual_img fusion; transfer_mode=source_frozen,,12.0,0.7147721653883031,0.4680547845427822,0.5771908310645367,0.0875121371433933,,,,,,,C:\Users\EM328 Super\Desktop\caxton-new-codex\v6\research_package_v6\tables\phase4_5_transfer_compare.csv,source-frozen vs no-source trainable
v6,phase4_5_transfer,family=scalar ch4_all residual_img image_only; transfer_mode=source_frozen,,12.0,0.7007677699042789,0.4658647399298568,0.5719696769794725,0.0894323407343027,,,,,,,C:\Users\EM328 Super\Desktop\caxton-new-codex\v6\research_package_v6\tables\phase4_5_transfer_compare.csv,source-frozen vs no-source trainable
v6,phase4_5_transfer,family=tcn ch1_dpos_f gmu fusion; transfer_mode=no_source_trainable,,12.0,0.868920109188397,0.4492307474646929,0.4535408016810976,0.0217922977266369,,,,,,,C:\Users\EM328 Super\Desktop\caxton-new-codex\v6\research_package_v6\tables\phase4_5_transfer_compare.csv,source-frozen vs no-source trainable
v6,phase4_5_transfer,family=scalar ch4_all residual_img fusion; transfer_mode=no_source_trainable,,12.0,0.6745303410891776,0.3417831037314904,0.351893678413918,0.0069632672443047,,,,,,,C:\Users\EM328 Super\Desktop\caxton-new-codex\v6\research_package_v6\tables\phase4_5_transfer_compare.csv,source-frozen vs no-source trainable
v6,phase4_5_transfer,family=scalar ch4_all residual_img image_only; transfer_mode=no_source_trainable,,12.0,0.4827799930308133,0.3271223647169189,0.3433853492725472,0.0098380479256751,,,,,,,C:\Users\EM328 Super\Desktop\caxton-new-codex\v6\research_package_v6\tables\phase4_5_transfer_compare.csv,source-frozen vs no-source trainable
v6,phase4_scalar_current,feature_config=ch4_all; fusion_method=residual_img,,12.0,0.7147721653883033,0.4680547845427822,0.5771908310645367,0.0875121371433934,,0.5731689245823702,0.5441298130772796,0.5138359088316652,0.677628677766832,-0.1091360465217545,C:\Users\EM328 Super\Desktop\caxton-new-codex\v6\research_package_v6\tables\phase4_scalar_current_summary.csv,scalar-current no-TCN fusion/feature sweep
v6,phase4_scalar_current,feature_config=ch4_all; fusion_method=film_img,,12.0,0.7122203698274396,0.4722320654113152,0.5750830989653275,0.0891044183130851,,0.5697458756222161,0.5424009890208196,0.5132809520724606,0.6749045791458137,-0.1028510335540122,C:\Users\EM328 Super\Desktop\caxton-new-codex\v6\research_package_v6\tables\phase4_scalar_current_summary.csv,scalar-current no-TCN fusion/feature sweep
v6,phase4_scalar_current,feature_config=ch2_derived2; fusion_method=concat,,12.0,0.6982289199775379,0.4670451297870224,0.570400681207011,0.0957726975577826,,0.5652301775369336,0.5408985921678054,0.5092121908273817,0.6662617642959235,-0.1033555514199885,C:\Users\EM328 Super\Desktop\caxton-new-codex\v6\research_package_v6\tables\phase4_scalar_current_summary.csv,scalar-current no-TCN fusion/feature sweep
v6,phase4_scalar_current,feature_config=ch2_derived2; fusion_method=gated_hadamard,,12.0,0.6879403129530927,0.4687049839743808,0.5701314736125401,0.1001919953621693,,0.5663420486125526,0.5422225649281481,0.5063357792804479,0.665625501629012,-0.1014264896381593,C:\Users\EM328 Super\Desktop\caxton-new-codex\v6\research_package_v6\tables\phase4_scalar_current_summary.csv,scalar-current no-TCN fusion/feature sweep
v6,phase4_scalar_current,feature_config=ch4_all; fusion_method=gmu,,12.0,0.6779882309301789,0.4688061046750248,0.5697281982695338,0.0969324939292984,,0.5651368395138049,0.5348850459188902,0.5049200328088483,0.6739708748365915,-0.1009220935945088,C:\Users\EM328 Super\Desktop\caxton-new-codex\v6\research_package_v6\tables\phase4_scalar_current_summary.csv,scalar-current no-TCN fusion/feature sweep
v6,phase4_scalar_current,feature_config=ch4_all; fusion_method=film_seq,,12.0,0.6780002327153891,0.4576296929867753,0.567711404596738,0.0910449828798535,,0.56685038627304,0.520771444988482,0.5141730925557297,0.6690506945697,-0.1100817116099625,C:\Users\EM328 Super\Desktop\caxton-new-codex\v6\research_package_v6\tables\phase4_scalar_current_summary.csv,scalar-current no-TCN fusion/feature sweep
v6,phase4_scalar_current,feature_config=ch1_dpos_f; fusion_method=hadamard,,12.0,0.6783812067835661,0.4553205074502773,0.567015096188974,0.0946005390829713,,0.5753655179395637,0.535502116341352,0.4985270930056421,0.6586656574693381,-0.1116945887386966,C:\Users\EM328 Super\Desktop\caxton-new-codex\v6\research_package_v6\tables\phase4_scalar_current_summary.csv,scalar-current no-TCN fusion/feature sweep
v6,phase4_scalar_current,feature_config=ch1_dpos_f; fusion_method=film_seq,,12.0,0.6711935672120964,0.4558661655996993,0.5659167630452734,0.0929057987477546,,0.5666163178674344,0.5371307096118647,0.4950757624873997,0.6648442622143947,-0.110050597445574,C:\Users\EM328 Super\Desktop\caxton-new-codex\v6\research_package_v6\tables\phase4_scalar_current_summary.csv,scalar-current no-TCN fusion/feature sweep
v6,phase4_scalar_current,feature_config=ch1_dpos_f; fusion_method=residual_img,,12.0,0.6740403206445084,0.4672695058614637,0.564422160143133,0.103861603377862,,0.5666555028952026,0.5303697720503172,0.5016349296825778,0.6590284359444342,-0.0971526542816692,C:\Users\EM328 Super\Desktop\caxton-new-codex\v6\research_package_v6\tables\phase4_scalar_current_summary.csv,scalar-current no-TCN fusion/feature sweep
v6,phase4_scalar_current,feature_config=ch1_dpos_f; fusion_method=film_img,,12.0,0.6736802419285084,0.4715182483137674,0.5637608903052417,0.1030112506002768,,0.5624985780746194,0.5287017524114448,0.500529741853349,0.6633134888815534,-0.0922426419914742,C:\Users\EM328 Super\Desktop\caxton-new-codex\v6\research_package_v6\tables\phase4_scalar_current_summary.csv,scalar-current no-TCN fusion/feature sweep
v6,phase4_scalar_current,feature_config=ch1_dpos_f; fusion_method=concat,,12.0,0.6428329938264467,0.4697577498491805,0.5636023097987778,0.1049871251344289,,0.5770691828319563,0.5419817827835027,0.4864158357639189,0.6489424378157336,-0.0938445599495973,C:\Users\EM328 Super\Desktop\caxton-new-codex\v6\research_package_v6\tables\phase4_scalar_current_summary.csv,scalar-current no-TCN fusion/feature sweep
v6,phase4_scalar_current,feature_config=ch1_dpos_f; fusion_method=gated_hadamard,,12.0,0.645162666863801,0.4691412155696258,0.5628321533415338,0.1026494695269901,,0.575324149584302,0.5389751705753353,0.4887740186002922,0.6482552746062059,-0.093690937771908,C:\Users\EM328 Super\Desktop\caxton-new-codex\v6\research_package_v6\tables\phase4_scalar_current_summary.csv,scalar-current no-TCN fusion/feature sweep
v6,phase4_scalar_current,feature_config=ch1_dpos_f; fusion_method=lmf,,12.0,0.6717286392601366,0.4577780527532976,0.5618946397514052,0.0960064313026746,,0.5602622047973342,0.5338110070587374,0.5000581164146083,0.6534472307349405,-0.1041165869981074,C:\Users\EM328 Super\Desktop\caxton-new-codex\v6\research_package_v6\tables\phase4_scalar_current_summary.csv,scalar-current no-TCN fusion/feature sweep
v6,phase4_scalar_current,feature_config=ch2_derived2; fusion_method=film_seq,,12.0,0.6717514430830872,0.4563442298748552,0.561612642158351,0.0970856919107263,,0.5567765205571605,0.5234968230016491,0.5032829498575556,0.6628942752170389,-0.1052684122834958,C:\Users\EM328 Super\Desktop\caxton-new-codex\v6\research_package_v6\tables\phase4_scalar_current_summary.csv,scalar-current no-TCN fusion/feature sweep
v6,phase4_scalar_current,feature_config=ch1_dpos_f; fusion_method=residual_seq,,12.0,0.6681841162853326,0.4627921040304133,0.5613727835349932,0.1029169323909759,,0.5623959863675644,0.5174582684326484,0.499399268719038,0.6662376106207221,-0.0985806795045798,C:\Users\EM328 Super\Desktop\caxton-new-codex\v6\research_package_v6\tables\phase4_scalar_current_summary.csv,scalar-current no-TCN fusion/feature sweep
v6,phase4_scalar_current,feature_config=ch4_all; fusion_method=gated_hadamard,,12.0,0.642297498238305,0.4758446380960561,0.5607965507502521,0.1032270712528176,,0.5664767954206603,0.5332564867071267,0.4932961115437175,0.6501568093295039,-0.084951912654196,C:\Users\EM328 Super\Desktop\caxton-new-codex\v6\research_package_v6\tables\phase4_scalar_current_summary.csv,scalar-current no-TCN fusion/feature sweep
v6,phase4_scalar_current,feature_config=ch4_all; fusion_method=concat,,12.0,0.6402220781350301,0.4758703532802049,0.5603277182225143,0.1027820831715944,,0.5638909656468492,0.5328118126821086,0.4938621869962269,0.6507459075648723,-0.0844573649423093,C:\Users\EM328 Super\Desktop\caxton-new-codex\v6\research_package_v6\tables\phase4_scalar_current_summary.csv,scalar-current no-TCN fusion/feature sweep
v6,phase4_scalar_current,feature_config=ch4_all; fusion_method=lmf,,12.0,0.6592701178565968,0.460741057720111,0.5602558657006966,0.1012423627677037,,0.5728661992527746,0.5104914705162703,0.499422218603959,0.6582435744297824,-0.0995148079805855,C:\Users\EM328 Super\Desktop\caxton-new-codex\v6\research_package_v6\tables\phase4_scalar_current_summary.csv,scalar-current no-TCN fusion/feature sweep
v6,phase4_scalar_current,feature_config=ch1_dpos_f; fusion_method=gmu,,12.0,0.6609214999099615,0.464419434468295,0.5591388845789625,0.1071958475294884,,0.5587624632839507,0.5205437845636273,0.497887402230978,0.6593618882372945,-0.0947194501106676,C:\Users\EM328 Super\Desktop\caxton-new-codex\v6\research_package_v6\tables\phase4_scalar_current_summary.csv,scalar-current no-TCN fusion/feature sweep
v6,phase4_scalar_current,feature_config=ch4_all; fusion_method=hadamard,,12.0,0.6595262984154412,0.4583934930420488,0.5587392560410818,0.1015825504818844,,0.5645527677285523,0.5317456811558806,0.4957123459980597,0.6429462292818344,-0.1003457629990328,C:\Users\EM328 Super\Desktop\caxton-new-codex\v6\research_package_v6\tables\phase4_scalar_current_summary.csv,scalar-current no-TCN fusion/feature sweep
v6,phase4_scalar_current,feature_config=ch1_slip_rate; fusion_method=gmu,,12.0,0.6602835202606986,0.4638552871225312,0.5582631991547883,0.1083097610146339,,0.55374127432056,0.5187017436659996,0.5010162643069128,0.6595935143256806,-0.094407912032257,C:\Users\EM328 Super\Desktop\caxton-new-codex\v6\research_package_v6\tables\phase4_scalar_current_summary.csv,scalar-current no-TCN fusion/feature sweep
v6,phase4_scalar_current,feature_config=ch1_slip_rate; fusion_method=concat,,12.0,0.6370290256956227,0.4639994330674761,0.5579267216434348,0.1004652810546823,,0.5653988931010531,0.5300198675114195,0.4868335817827987,0.6494545441784678,-0.0939272885759587,C:\Users\EM328 Super\Desktop\caxton-new-codex\v6\research_package_v6\tables\phase4_scalar_current_summary.csv,scalar-current no-TCN fusion/feature sweep
v6,phase4_scalar_current,feature_config=ch1_slip_rate; fusion_method=gated_hadamard,,12.0,0.6340863400929658,0.4651629537770365,0.5574991005056407,0.1026482640058424,,0.5645263084356641,0.5306848051148446,0.4869554723466269,0.6478298161254268,-0.0923361467286041,C:\Users\EM328 Super\Desktop\caxton-new-codex\v6\research_package_v6\tables\phase4_scalar_current_summary.csv,scalar-current no-TCN fusion/feature sweep
v6,phase4_scalar_current,feature_config=ch4_all; fusion_method=residual_seq,,12.0,0.6595759606477016,0.4652079384942575,0.5570900662271225,0.1016509007373924,,0.5535869845495357,0.515419368392839,0.4956201985646826,0.6637337134014327,-0.0918821277328649,C:\Users\EM328 Super\Desktop\caxton-new-codex\v6\research_package_v6\tables\phase4_scalar_current_summary.csv,scalar-current no-TCN fusion/feature sweep
v6,phase4_scalar_current,feature_config=ch1_slip_rate; fusion_method=film_seq,,12.0,0.6511197345921196,0.4542362560870255,0.5541494171045818,0.0956145326411049,,0.5485489256201862,0.5258959625483725,0.4889340992779957,0.6532186809717725,-0.0999131610175561,C:\Users\EM328 Super\Desktop\caxton-new-codex\v6\research_package_v6\tables\phase4_scalar_current_summary.csv,scalar-current no-TCN fusion/feature sweep
v6,phase4_scalar_current,feature_config=ch2_derived2; fusion_method=gmu,,12.0,0.6353392379251551,0.4683381375694319,0.5518564969578191,0.110989818049005,,0.5501414340280003,0.5184961380598822,0.4976202410363011,0.6411681747070931,-0.0835183593883872,C:\Users\EM328 Super\Desktop\caxton-new-codex\v6\research_package_v6\tables\phase4_scalar_current_summary.csv,scalar-current no-TCN fusion/feature sweep
